#
# A fatal error has been detected by the Java Runtime Environment:
#
#  SIGBUS (0x7) at pc=0x00007f760ef654ac, pid=1259084, tid=1259085
#
# JRE version: OpenJDK Runtime Environment Temurin-25.0.3+9 (25.0.3+9) (build 25.0.3+9-LTS)
# Java VM: OpenJDK 64-Bit Server VM Temurin-25.0.3+9 (25.0.3+9-LTS, mixed mode, tiered, compressed oops, compressed class ptrs, g1 gc, linux-amd64)
# Problematic frame:
# C  [libgtk-3.so.0+0x3654ac]  gtk_widget_realize+0x3c
#
# No core dump will be written. Core dumps have been disabled. To enable core dumping, try "ulimit -c unlimited" before starting Java again
#
# If you would like to submit a bug report, please visit:
#   https://github.com/adoptium/adoptium-support/issues
# The crash happened outside the Java Virtual Machine in native code.
# See problematic frame for where to report the bug.
#

---------------  S U M M A R Y ------------

Command Line: -XX:+IgnoreUnrecognizedVMOptions -Dosgi.requiredJavaVersion=21 -Dfile.encoding=UTF-8 --sun-misc-unsafe-memory-access=allow --enable-native-access=ALL-UNNAMED --add-modules=ALL-DEFAULT --add-opens=java.base/java.io=ALL-UNNAMED --add-opens=java.base/java.lang=ALL-UNNAMED --add-opens=java.base/java.lang.reflect=ALL-UNNAMED --add-opens=java.base/java.net=ALL-UNNAMED --add-opens=java.base/java.nio=ALL-UNNAMED --add-opens=java.base/java.nio.charset=ALL-UNNAMED --add-opens=java.base/java.text=ALL-UNNAMED --add-opens=java.base/java.time=ALL-UNNAMED --add-opens=java.base/java.util=ALL-UNNAMED --add-opens=java.base/java.util.concurrent=ALL-UNNAMED --add-opens=java.base/java.util.concurrent.atomic=ALL-UNNAMED --add-opens=java.base/jdk.internal.vm=ALL-UNNAMED --add-opens=java.base/jdk.internal.misc=ALL-UNNAMED --add-opens=java.base/sun.nio.ch=ALL-UNNAMED --add-opens=java.base/sun.nio.fs=ALL-UNNAMED --add-opens=java.base/sun.security.ssl=ALL-UNNAMED --add-opens=java.base/sun.security.util=ALL-UNNAMED --add-opens=java.security.jgss/sun.security.jgss=ALL-UNNAMED --add-opens=java.security.jgss/sun.security.krb5=ALL-UNNAMED --add-opens=java.desktop/java.awt=ALL-UNNAMED --add-opens=java.desktop/java.awt.peer=ALL-UNNAMED --add-opens=java.sql/java.sql=ALL-UNNAMED -Xms64m -Xmx1024m -Ddbeaver.distribution.type=deb /usr/share/dbeaver-ce//plugins/org.jkiss.dbeaver.launcher_1.0.60.202608301738.jar -os linux -ws gtk -arch x86_64 -showsplash -launcher /usr/share/dbeaver-ce/dbeaver -name Dbeaver --launcher.library /usr/share/dbeaver-ce//plugins/org.eclipse.equinox.launcher.gtk.linux.x86_64_1.2.1500.v20250801-0854/eclipse_11916.so -startup /usr/share/dbeaver-ce//plugins/org.jkiss.dbeaver.launcher_1.0.60.202608301738.jar --launcher.overrideVmargs -exitdata 8027 -vm /usr/share/dbeaver-ce/jre/bin/java -vmargs -XX:+IgnoreUnrecognizedVMOptions -Dosgi.requiredJavaVersion=21 -Dfile.encoding=UTF-8 --sun-misc-unsafe-memory-access=allow --enable-native-access=ALL-UNNAMED --add-modules=ALL-DEFAULT --add-opens=java.base/java.io=ALL-UNNAMED --add-opens=java.base/java.lang=ALL-UNNAMED --add-opens=java.base/java.lang.reflect=ALL-UNNAMED --add-opens=java.base/java.net=ALL-UNNAMED --add-opens=java.base/java.nio=ALL-UNNAMED --add-opens=java.base/java.nio.charset=ALL-UNNAMED --add-opens=java.base/java.text=ALL-UNNAMED --add-opens=java.base/java.time=ALL-UNNAMED --add-opens=java.base/java.util=ALL-UNNAMED --add-opens=java.base/java.util.concurrent=ALL-UNNAMED --add-opens=java.base/java.util.concurrent.atomic=ALL-UNNAMED --add-opens=java.base/jdk.internal.vm=ALL-UNNAMED --add-opens=java.base/jdk.internal.misc=ALL-UNNAMED --add-opens=java.base/sun.nio.ch=ALL-UNNAMED --add-opens=java.base/sun.nio.fs=ALL-UNNAMED --add-opens=java.base/sun.security.ssl=ALL-UNNAMED --add-opens=java.base/sun.security.util=ALL-UNNAMED --add-opens=java.security.jgss/sun.security.jgss=ALL-UNNAMED --add-opens=java.security.jgss/sun.security.krb5=ALL-UNNAMED --add-opens=java.desktop/java.awt=ALL-UNNAMED --add-opens=java.desktop/java.awt.peer=ALL-UNNAMED --add-opens=java.sql/java.sql=ALL-UNNAMED -Xms64m -Xmx1024m -Ddbeaver.distribution.type=deb -jar /usr/share/dbeaver-ce//plugins/org.jkiss.dbeaver.launcher_1.0.60.202608301738.jar

Host: 11th Gen Intel(R) Core(TM) i5-1145G7 @ 2.60GHz, 8 cores, 15G, Debian GNU/Linux 13 (trixie)
Time: Mon Sep 28 07:42:21 2026 EDT elapsed time: 4.972172 seconds (0d 0h 0m 4s)

---------------  T H R E A D  ---------------

Current thread (0x00007f766802eab0):  JavaThread "main"             [_thread_in_native, id=1259085, stack(0x00007f766d210000,0x00007f766d310000) (1024K)]

Stack: [0x00007f766d210000,0x00007f766d310000],  sp=0x00007f766d30cc50,  free space=1011k
Native frames: (J=compiled Java code, j=interpreted, Vv=VM code, C=native code)
C  [libgtk-3.so.0+0x3654ac]  gtk_widget_realize+0x3c
Java frames: (J=compiled Java code, j=interpreted, Vv=VM code)
j  org.eclipse.swt.internal.gtk.GTK.gtk_widget_realize(J)V+0
j  org.eclipse.swt.widgets.Shell.createHandle(I)V+620
j  org.eclipse.swt.widgets.Widget.createWidget(I)V+2
j  org.eclipse.swt.widgets.Control.createWidget(I)V+22
j  org.eclipse.swt.widgets.Scrollable.createWidget(I)V+2
j  org.eclipse.swt.widgets.Decorations.createWidget(I)V+2
j  org.eclipse.swt.widgets.Shell.<init>(Lorg/eclipse/swt/widgets/Display;Lorg/eclipse/swt/widgets/Shell;IJZ)V+167
j  org.eclipse.swt.widgets.Shell.internal_new(Lorg/eclipse/swt/widgets/Display;J)Lorg/eclipse/swt/widgets/Shell;+10
j  org.eclipse.ui.internal.WorkbenchPlugin.getSplashShell(Lorg/eclipse/swt/widgets/Display;)Lorg/eclipse/swt/widgets/Shell;+64
j  org.jkiss.dbeaver.ui.app.standalone.ApplicationWorkbenchWindowAdvisor.runWithSplashHidden(Ljava/lang/Runnable;)V+3
j  org.jkiss.dbeaver.ui.app.standalone.ApplicationWorkbenchWindowAdvisor.showProductConfigDialog()V+22
j  org.jkiss.dbeaver.ui.app.standalone.ApplicationWorkbenchWindowAdvisor.preWindowOpen()V+9
j  org.eclipse.ui.internal.WorkbenchWindow.fireWindowOpening()V+4
j  org.eclipse.ui.internal.WorkbenchWindow.setup()V+419
j  java.lang.invoke.LambdaForm$DMH+0x0000000073089800.invokeVirtual(Ljava/lang/Object;Ljava/lang/Object;)V+10 java.base@25.0.3
j  java.lang.invoke.LambdaForm$MH+0x000000007337dc00.invoke(Ljava/lang/Object;Ljava/lang/Object;)Ljava/lang/Object;+31 java.base@25.0.3
J 1121 c1 jdk.internal.reflect.DirectMethodHandleAccessor.invoke(Ljava/lang/Object;[Ljava/lang/Object;)Ljava/lang/Object; java.base@25.0.3 (92 bytes) @ 0x00007f7654f58e2c [0x00007f7654f57c00+0x000000000000122c]
J 1120 c1 java.lang.reflect.Method.invoke(Ljava/lang/Object;[Ljava/lang/Object;)Ljava/lang/Object; java.base@25.0.3 (108 bytes) @ 0x00007f7654f579a4 [0x00007f7654f57400+0x00000000000005a4]
j  org.eclipse.e4.core.internal.di.MethodRequestor.execute()Ljava/lang/Object;+77
j  org.eclipse.e4.core.internal.di.InjectorImpl.processAnnotated(Lorg/eclipse/e4/core/internal/di/AnnotationLookup$AnnotationProxy;Ljava/lang/Object;Ljava/lang/Class;Lorg/eclipse/e4/core/di/suppliers/PrimaryObjectSupplier;Lorg/eclipse/e4/core/di/suppliers/PrimaryObjectSupplier;Ljava/util/List;)V+190
j  org.eclipse.e4.core.internal.di.InjectorImpl.internalInject(Ljava/lang/Object;Lorg/eclipse/e4/core/di/suppliers/PrimaryObjectSupplier;Lorg/eclipse/e4/core/di/suppliers/PrimaryObjectSupplier;)V+175
j  org.eclipse.e4.core.internal.di.InjectorImpl.inject(Ljava/lang/Object;Lorg/eclipse/e4/core/di/suppliers/PrimaryObjectSupplier;)V+4
j  org.eclipse.e4.core.contexts.ContextInjectionFactory.inject(Ljava/lang/Object;Lorg/eclipse/e4/core/contexts/IEclipseContext;)V+13
j  org.eclipse.ui.internal.Workbench.createWorkbenchWindow(Lorg/eclipse/core/runtime/IAdaptable;Lorg/eclipse/ui/IPerspectiveDescriptor;Lorg/eclipse/e4/ui/model/application/ui/basic/MWindow;Z)Lorg/eclipse/ui/IWorkbenchWindow;+180
j  org.eclipse.ui.internal.Workbench.getActiveWorkbenchWindow()Lorg/eclipse/ui/IWorkbenchWindow;+179
j  org.jkiss.dbeaver.ui.app.standalone.ApplicationWorkbenchAdvisor.resetPerspectiveIfNeeded()V+3
j  org.jkiss.dbeaver.ui.app.standalone.ApplicationWorkbenchAdvisor.postStartup()V+17
j  org.eclipse.ui.internal.Workbench.lambda$19()V+4
j  org.eclipse.ui.internal.Workbench$$Lambda+0x000000007363cb00.run()V+4
j  org.eclipse.e4.ui.internal.workbench.swt.PartRenderingEngine$5.run()V+432
j  org.eclipse.core.databinding.observable.Realm.runWithDefault(Lorg/eclipse/core/databinding/observable/Realm;Ljava/lang/Runnable;)V+12
j  org.eclipse.e4.ui.internal.workbench.swt.PartRenderingEngine.run(Lorg/eclipse/e4/ui/model/application/MApplicationElement;Lorg/eclipse/e4/core/contexts/IEclipseContext;)Ljava/lang/Object;+57
j  org.eclipse.e4.ui.internal.workbench.E4Workbench.createAndRunUI(Lorg/eclipse/e4/ui/model/application/MApplicationElement;)V+20
j  org.eclipse.ui.internal.Workbench.lambda$3(Lorg/eclipse/swt/widgets/Display;Lorg/eclipse/ui/application/WorkbenchAdvisor;[I)V+352
j  org.eclipse.ui.internal.Workbench$$Lambda+0x000000007331b738.run()V+12
j  org.eclipse.core.databinding.observable.Realm.runWithDefault(Lorg/eclipse/core/databinding/observable/Realm;Ljava/lang/Runnable;)V+12
j  org.eclipse.ui.internal.Workbench.createAndRunWorkbench(Lorg/eclipse/swt/widgets/Display;Lorg/eclipse/ui/application/WorkbenchAdvisor;)I+16
j  org.eclipse.ui.PlatformUI.createAndRunWorkbench(Lorg/eclipse/swt/widgets/Display;Lorg/eclipse/ui/application/WorkbenchAdvisor;)I+2
j  org.jkiss.dbeaver.ui.app.standalone.DBeaverApplication.start(Lorg/eclipse/equinox/app/IApplicationContext;)Ljava/lang/Object;+772
j  org.eclipse.equinox.internal.app.EclipseAppHandle.run(Ljava/lang/Object;)Ljava/lang/Object;+138
j  org.eclipse.core.runtime.internal.adaptor.EclipseAppLauncher.runApplication(Ljava/lang/Object;)Ljava/lang/Object;+85
j  org.eclipse.core.runtime.internal.adaptor.EclipseAppLauncher.start(Ljava/lang/Object;)Ljava/lang/Object;+79
j  org.eclipse.core.runtime.adaptor.EclipseStarter.run(Ljava/lang/Object;)Ljava/lang/Object;+99
j  org.eclipse.core.runtime.adaptor.EclipseStarter.run([Ljava/lang/String;Ljava/lang/Runnable;)Ljava/lang/Object;+132
J 496 c1 java.lang.invoke.DirectMethodHandle$Holder.invokeStatic(Ljava/lang/Object;Ljava/lang/Object;Ljava/lang/Object;)Ljava/lang/Object; java.base@25.0.3 (15 bytes) @ 0x00007f7654e8c714 [0x00007f7654e8c480+0x0000000000000294]
j  java.lang.invoke.LambdaForm$MH+0x0000000073146800.invoke(Ljava/lang/Object;Ljava/lang/Object;Ljava/lang/Object;Ljava/lang/Object;)Ljava/lang/Object;+54 java.base@25.0.3
j  java.lang.invoke.LambdaForm$MH+0x0000000073146c00.invokeExact_MT(Ljava/lang/Object;Ljava/lang/Object;Ljava/lang/Object;Ljava/lang/Object;Ljava/lang/Object;)Ljava/lang/Object;+22 java.base@25.0.3
j  jdk.internal.reflect.DirectMethodHandleAccessor.invokeImpl(Ljava/lang/Object;[Ljava/lang/Object;)Ljava/lang/Object;+72 java.base@25.0.3
j  jdk.internal.reflect.DirectMethodHandleAccessor.invoke(Ljava/lang/Object;[Ljava/lang/Object;)Ljava/lang/Object;+23 java.base@25.0.3
j  java.lang.reflect.Method.invoke(Ljava/lang/Object;[Ljava/lang/Object;)Ljava/lang/Object;+102 java.base@25.0.3
j  org.jkiss.dbeaver.launcher.DBeaverLauncher.invokeFramework([Ljava/lang/String;[Ljava/net/URL;)V+205
j  org.jkiss.dbeaver.launcher.DBeaverLauncher.basicRun([Ljava/lang/String;)V+481
j  org.jkiss.dbeaver.launcher.DBeaverLauncher.run([Ljava/lang/String;)I+57
j  org.jkiss.dbeaver.launcher.DBeaverLauncher.main([Ljava/lang/String;)V+10
v  ~StubRoutines::call_stub 0x00007f765c336fa6

siginfo: si_signo: 7 (SIGBUS), si_code: 128 (SI_KERNEL), si_addr: 0x0000000000000000

Registers:
RAX=0x00007f76683a3510, RBX=0x00007f7668432aa0, RCX=0x00000000000000de, RDX=0x0000000000000000
RSP=0x00007f766d30cc50, RBP=0x000f000e00010400, RSI=0x00007f76683a3510, RDI=0x00007f7668432aa0
R8 =0x0000000000000001, R9 =0x0000000000000008, R10=0x00007f765c34309e, R11=0x00000000c0d59060
R12=0x0000000000000000, R13=0x00007f763182c9c0, R14=0x00007f766d30cd98, R15=0x00007f766802eab0
RIP=0x00007f760ef654ac, EFLAGS=0x0000000000010206, CSGSFS=0x002b000000000033, ERR=0x0000000000000000
  TRAPNO=0x000000000000000c

XMM[0]=0x0000000000000000 0x0000000000000000
XMM[1]=0x0000000000000000 0x0000000000000000
XMM[2]=0x0000000000000000 0x0000000000000000
XMM[3]=0x0000000000000000 0x0000000000000000
XMM[4]=0x0000000000000000 0x0000000000000000
XMM[5]=0x0000000000000000 0x0000000000000000
XMM[6]=0x0000000000000000 0x3ff0000000000000
XMM[7]=0x0000000000000000 0x3ff0000000000000
XMM[8]=0x78185245d5240c5e 0xfddd5fdc4c0578ba
XMM[9]=0x262825ab262825ab 0x262825ab33196936
XMM[10]=0x0000000000000000 0x000000000cf1438b
XMM[11]=0xf73533c5f73533c5 0xf73533c52a4e9cfb
XMM[12]=0x0000000000000000 0x0000000033196936
XMM[13]=0x0000000000000000 0x00000000733e1653
XMM[14]=0x0000000000000000 0xa8c24779fb3e2a5a
XMM[15]=0x0000000000000000 0x00000000527be2e1
  MXCSR=0x00001fa7


Register to memory mapping:

RAX=0x00007f76683a3510 points into unknown readable memory: 0x0000000000000000 | 00 00 00 00 00 00 00 00
RBX=0x00007f7668432aa0 points into unknown readable memory: 0x000f000e00010400 | 00 04 01 00 0e 00 0f 00
RCX=0x00000000000000de is an unknown value
RDX=0x0 is null
RSP=0x00007f766d30cc50 is pointing into the stack for thread: 0x00007f766802eab0
RBP=0x000f000e00010400 is an unknown value
RSI=0x00007f76683a3510 points into unknown readable memory: 0x0000000000000000 | 00 00 00 00 00 00 00 00
RDI=0x00007f7668432aa0 points into unknown readable memory: 0x000f000e00010400 | 00 04 01 00 0e 00 0f 00
R8 =0x0000000000000001 is an unknown value
R9 =0x0000000000000008 is an unknown value
R10=0x00007f765c34309e is at code_begin+1150 in an Interpreter codelet
native method entry point (kind = native)  [0x00007f765c342c20, 0x00007f765c343858]  3128 bytes
R11=0x00000000c0d59060 is an oop: java.lang.Class 
{0x00000000c0d59060} - klass: 'java/lang/Class' - flags: 

 - ---- fields (total size 93 words):
 - private volatile transient 'classRedefinedCount' 'I' @12  0 (0x00000000)
 - injected 'klass' 'J' @16  1932588064 (0x000000007330f420)
 - injected 'array_klass' 'J' @24  0 (0x0000000000000000)
 - injected 'oop_size' 'I' @32  93 (0x0000005d)
 - injected 'static_oop_field_count' 'I' @36  23 (0x00000017)
 - private final transient 'modifiers' 'C' @40    1 (0x0001)
 - private final transient 'primitive' 'Z' @42  false (0x00)
 - private volatile transient 'cachedConstructor' 'Ljava/lang/reflect/Constructor;' @44  null (0x00000000)
 - private transient 'name' 'Ljava/lang/String;' @48  "org.eclipse.swt.internal.gtk.GTK"{0x00000000c0d59678} (0xc0d59678)
 - private transient 'module' 'Ljava/lang/Module;' @52  a 'java/lang/Module'{0x00000000c0d58928} (0xc0d58928)
 - private final 'classLoader' 'Ljava/lang/ClassLoader;' @56  a 'org/eclipse/osgi/internal/loader/EquinoxClassLoader'{0x00000000c0d588b8} (0xc0d588b8)
 - private transient 'classData' 'Ljava/lang/Object;' @60  null (0x00000000)
 - private transient 'signers' '[Ljava/lang/Object;' @64  null (0x00000000)
 - private transient 'packageName' 'Ljava/lang/String;' @68  "org.eclipse.swt.internal.gtk"{0x00000000c0d57cf8} (0xc0d57cf8)
 - private final transient 'componentType' 'Ljava/lang/Class;' @72  null (0x00000000)
 - private final transient 'protectionDomain' 'Ljava/security/ProtectionDomain;' @76  a 'org/eclipse/osgi/internal/loader/ModuleClassLoader$GenerationProtectionDomain'{0x00000000c0d58f38} (0xc0d58f38)
 - private volatile transient 'reflectionData' 'Ljava/lang/ref/SoftReference;' @80  null (0x00000000)
 - private volatile transient 'genericInfo' 'Lsun/reflect/generics/repository/ClassRepository;' @84  null (0x00000000)
 - private volatile transient 'enumConstants' '[Ljava/lang/Object;' @88  null (0x00000000)
 - private volatile transient 'enumConstantDirectory' 'Ljava/util/Map;' @92  null (0x00000000)
 - private volatile transient 'annotationData' 'Ljava/lang/Class$AnnotationData;' @96  null (0x00000000)
 - private volatile transient 'annotationType' 'Lsun/reflect/annotation/AnnotationType;' @100  null (0x00000000)
 - transient 'classValueMap' 'Ljava/lang/ClassValue$ClassValueMap;' @104  null (0x00000000)
 - injected 'source_file' 'Ljava/lang/Object;' @108  null (0x00000000)
 - injected '<init_lock>' 'Ljava/lang/Object;' @112  null (0x00000000)
 - signature: Lorg/eclipse/swt/internal/gtk/GTK;
 - ---- static fields (23):
 - public static final 'GTK_VERSION' 'I' @212  202801 (0x00031831)
 - public static final 'GTK4' 'Z' @740  false (0x00)
 - public static final 'GTK_ACCEL_VISIBLE' 'I' @216  1 (0x00000001)
 - public static final 'GTK_ALIGN_FILL' 'I' @220  0 (0x00000000)
 - public static final 'GTK_ALIGN_START' 'I' @224  1 (0x00000001)
 - public static final 'GTK_ALIGN_END' 'I' @228  2 (0x00000002)
 - public static final 'GTK_ALIGN_CENTER' 'I' @232  3 (0x00000003)
 - public static final 'GTK_ALIGN_BASELINE' 'I' @236  4 (0x00000004)
 - public static final 'GTK_CALENDAR_SHOW_HEADING' 'I' @240  1 (0x00000001)
 - public static final 'GTK_CALENDAR_SHOW_DAY_NAMES' 'I' @244  2 (0x00000002)
 - public static final 'GTK_CALENDAR_NO_MONTH_CHANGE' 'I' @248  4 (0x00000004)
 - public static final 'GTK_CALENDAR_SHOW_WEEK_NUMBERS' 'I' @252  8 (0x00000008)
 - public static final 'GTK_CALENDAR_WEEK_START_MONDAY' 'I' @256  16 (0x00000010)
 - public static final 'GTK_CELL_RENDERER_MODE_ACTIVATABLE' 'I' @260  1 (0x00000001)
 - public static final 'GTK_CELL_RENDERER_SELECTED' 'I' @264  1 (0x00000001)
 - public static final 'GTK_CELL_RENDERER_FOCUSED' 'I' @268  16 (0x00000010)
 - public static final 'GTK_DIALOG_DESTROY_WITH_PARENT' 'I' @272  2 (0x00000002)
 - public static final 'GTK_DIALOG_MODAL' 'I' @276  1 (0x00000001)
 - public static final 'GTK_DIR_TAB_FORWARD' 'I' @280  0 (0x00000000)
 - public static final 'GTK_DIR_TAB_BACKWARD' 'I' @284  1 (0x00000001)
 - public static final 'GTK_ENTRY_ICON_PRIMARY' 'I' @288  0 (0x00000000)
 - public static final 'GTK_ENTRY_ICON_SECONDARY' 'I' @292  1 (0x00000001)
 - public static final 'GTK_FILE_CHOOSER_ACTION_OPEN' 'I' @296  0 (0x00000000)
 - public static final 'GTK_FILE_CHOOSER_ACTION_SAVE' 'I' @300  1 (0x00000001)
 - public static final 'GTK_FILE_CHOOSER_ACTION_SELECT_FOLDER' 'I' @304  2 (0x00000002)
 - public static final 'GTK_ICON_SIZE_MENU' 'I' @308  1 (0x00000001)
 - public static final 'GTK_ICON_SIZE_SMALL_TOOLBAR' 'I' @312  2 (0x00000002)
 - public static final 'GTK_ICON_SIZE_DIALOG' 'I' @316  6 (0x00000006)
 - public static final 'GTK_ICON_LOOKUP_FORCE_SIZE' 'I' @320  4 (0x00000004)
 - public static final 'GTK_ICON_LOOKUP_FORCE_REGULAR' 'I' @324  32 (0x00000020)
 - public static final 'GTK_JUSTIFY_CENTER' 'I' @328  2 (0x00000002)
 - public static final 'GTK_JUSTIFY_LEFT' 'I' @332  0 (0x00000000)
 - public static final 'GTK_JUSTIFY_RIGHT' 'I' @336  1 (0x00000001)
 - public static final 'GTK_MESSAGE_INFO' 'I' @340  0 (0x00000000)
 - public static final 'GTK_MESSAGE_WARNING' 'I' @344  1 (0x00000001)
 - public static final 'GTK_MESSAGE_QUESTION' 'I' @348  2 (0x00000002)
 - public static final 'GTK_MESSAGE_ERROR' 'I' @352  3 (0x00000003)
 - public static final 'GTK_MOVEMENT_VISUAL_POSITIONS' 'I' @356  1 (0x00000001)
 - public static final 'GTK_ORIENTATION_HORIZONTAL' 'I' @360  0 (0x00000000)
 - public static final 'GTK_ORIENTATION_VERTICAL' 'I' @364  1 (0x00000001)
 - public static final 'GTK_PACK_END' 'I' @368  1 (0x00000001)
 - public static final 'GTK_PACK_START' 'I' @372  0 (0x00000000)
 - public static final 'GTK_PAGE_ORIENTATION_PORTRAIT' 'I' @376  0 (0x00000000)
 - public static final 'GTK_PAGE_ORIENTATION_LANDSCAPE' 'I' @380  1 (0x00000001)
 - public static final 'GTK_POLICY_ALWAYS' 'I' @384  0 (0x00000000)
 - public static final 'GTK_POLICY_AUTOMATIC' 'I' @388  1 (0x00000001)
 - public static final 'GTK_POLICY_NEVER' 'I' @392  2 (0x00000002)
 - public static final 'GTK_POLICY_EXTERNAL' 'I' @396  3 (0x00000003)
 - public static final 'GTK_POS_TOP' 'I' @400  2 (0x00000002)
 - public static final 'GTK_POS_BOTTOM' 'I' @404  3 (0x00000003)
 - public static final 'GTK_PRINT_CAPABILITY_PAGE_SET' 'I' @408  1 (0x00000001)
 - public static final 'GTK_PRINT_CAPABILITY_COPIES' 'I' @412  2 (0x00000002)
 - public static final 'GTK_PRINT_CAPABILITY_COLLATE' 'I' @416  4 (0x00000004)
 - public static final 'GTK_PRINT_PAGES_ALL' 'I' @420  0 (0x00000000)
 - public static final 'GTK_PRINT_PAGES_CURRENT' 'I' @424  1 (0x00000001)
 - public static final 'GTK_PRINT_PAGES_RANGES' 'I' @428  2 (0x00000002)
 - public static final 'GTK_PRINT_PAGES_SELECTION' 'I' @432  3 (0x00000003)
 - public static final 'GTK_PRINT_DUPLEX_SIMPLEX' 'I' @436  0 (0x00000000)
 - public static final 'GTK_PRINT_DUPLEX_HORIZONTAL' 'I' @440  1 (0x00000001)
 - public static final 'GTK_PRINT_DUPLEX_VERTICAL' 'I' @444  2 (0x00000002)
 - public static final 'GTK_EVENT_CONTROLLER_SCROLL_BOTH_AXES' 'I' @448  5 (0x00000005)
 - public static final 'GTK_PHASE_CAPTURE' 'I' @452  1 (0x00000001)
 - public static final 'GTK_PHASE_BUBBLE' 'I' @456  2 (0x00000002)
 - public static final 'GTK_PHASE_TARGET' 'I' @460  3 (0x00000003)
 - public static final 'GTK_PROGRESS_LEFT_TO_RIGHT' 'I' @464  0 (0x00000000)
 - public static final 'GTK_PROGRESS_BOTTOM_TO_TOP' 'I' @468  2 (0x00000002)
 - public static final 'GTK_RESPONSE_CANCEL' 'I' @472  -6 (0xfffffffa)
 - public static final 'GTK_RESPONSE_OK' 'I' @476  -5 (0xfffffffb)
 - public static final 'GTK_RESPONSE_ACCEPT' 'I' @480  -3 (0xfffffffd)
 - public static final 'GTK_SCROLL_NONE' 'I' @484  0 (0x00000000)
 - public static final 'GTK_SCROLL_JUMP' 'I' @488  1 (0x00000001)
 - public static final 'GTK_SCROLL_STEP_BACKWARD' 'I' @492  2 (0x00000002)
 - public static final 'GTK_SCROLL_STEP_FORWARD' 'I' @496  3 (0x00000003)
 - public static final 'GTK_SCROLL_PAGE_BACKWARD' 'I' @500  4 (0x00000004)
 - public static final 'GTK_SCROLL_PAGE_FORWARD' 'I' @504  5 (0x00000005)
 - public static final 'GTK_SCROLL_STEP_UP' 'I' @508  6 (0x00000006)
 - public static final 'GTK_SCROLL_STEP_DOWN' 'I' @512  7 (0x00000007)
 - public static final 'GTK_SCROLL_PAGE_UP' 'I' @516  8 (0x00000008)
 - public static final 'GTK_SCROLL_PAGE_DOWN' 'I' @520  9 (0x00000009)
 - public static final 'GTK_SCROLL_STEP_LEFT' 'I' @524  10 (0x0000000a)
 - public static final 'GTK_SCROLL_STEP_RIGHT' 'I' @528  11 (0x0000000b)
 - public static final 'GTK_SCROLL_PAGE_LEFT' 'I' @532  12 (0x0000000c)
 - public static final 'GTK_SCROLL_PAGE_RIGHT' 'I' @536  13 (0x0000000d)
 - public static final 'GTK_SCROLL_START' 'I' @540  14 (0x0000000e)
 - public static final 'GTK_SCROLL_END' 'I' @544  15 (0x0000000f)
 - public static final 'GTK_SELECTION_BROWSE' 'I' @548  2 (0x00000002)
 - public static final 'GTK_SELECTION_MULTIPLE' 'I' @552  3 (0x00000003)
 - public static final 'GTK_SHADOW_ETCHED_IN' 'I' @556  3 (0x00000003)
 - public static final 'GTK_SHADOW_ETCHED_OUT' 'I' @560  4 (0x00000004)
 - public static final 'GTK_SHADOW_IN' 'I' @564  1 (0x00000001)
 - public static final 'GTK_SHADOW_NONE' 'I' @568  0 (0x00000000)
 - public static final 'GTK_SHADOW_OUT' 'I' @572  2 (0x00000002)
 - public static final 'GTK_STATE_FLAG_NORMAL' 'I' @576  0 (0x00000000)
 - public static final 'GTK_STATE_FLAG_ACTIVE' 'I' @580  1 (0x00000001)
 - public static final 'GTK_STATE_FLAG_PRELIGHT' 'I' @584  2 (0x00000002)
 - public static final 'GTK_STATE_FLAG_SELECTED' 'I' @588  4 (0x00000004)
 - public static final 'GTK_STATE_FLAG_INSENSITIVE' 'I' @592  8 (0x00000008)
 - public static final 'GTK_STATE_FLAG_INCONSISTENT' 'I' @596  16 (0x00000010)
 - public static final 'GTK_STATE_FLAG_FOCUSED' 'I' @600  32 (0x00000020)
 - public static final 'GTK_STATE_FLAG_BACKDROP' 'I' @604  64 (0x00000040)
 - public static final 'GTK_STATE_FLAG_LINK' 'I' @608  512 (0x00000200)
 - public static final 'GTK_TEXT_DIR_NONE' 'I' @612  0 (0x00000000)
 - public static final 'GTK_TEXT_DIR_LTR' 'I' @616  1 (0x00000001)
 - public static final 'GTK_TEXT_DIR_RTL' 'I' @620  2 (0x00000002)
 - public static final 'GTK_TEXT_WINDOW_TEXT' 'I' @624  2 (0x00000002)
 - public static final 'GTK_TOOLBAR_ICONS' 'I' @628  0 (0x00000000)
 - public static final 'GTK_TOOLBAR_TEXT' 'I' @632  1 (0x00000001)
 - public static final 'GTK_TOOLBAR_BOTH' 'I' @636  2 (0x00000002)
 - public static final 'GTK_TOOLBAR_BOTH_HORIZ' 'I' @640  3 (0x00000003)
 - public static final 'GTK_TREE_VIEW_COLUMN_GROW_ONLY' 'I' @644  0 (0x00000000)
 - public static final 'GTK_TREE_VIEW_COLUMN_AUTOSIZE' 'I' @648  1 (0x00000001)
 - public static final 'GTK_TREE_VIEW_COLUMN_FIXED' 'I' @652  2 (0x00000002)
 - public static final 'GTK_TREE_VIEW_DROP_BEFORE' 'I' @656  0 (0x00000000)
 - public static final 'GTK_TREE_VIEW_DROP_AFTER' 'I' @660  1 (0x00000001)
 - public static final 'GTK_TREE_VIEW_DROP_INTO_OR_BEFORE' 'I' @664  2 (0x00000002)
 - public static final 'GTK_TREE_VIEW_DROP_INTO_OR_AFTER' 'I' @668  3 (0x00000003)
 - public static final 'GTK_TREE_VIEW_GRID_LINES_NONE' 'I' @672  0 (0x00000000)
 - public static final 'GTK_TREE_VIEW_GRID_LINES_HORIZONTAL' 'I' @676  1 (0x00000001)
 - public static final 'GTK_TREE_VIEW_GRID_LINES_VERTICAL' 'I' @680  2 (0x00000002)
 - public static final 'GTK_TREE_VIEW_GRID_LINES_BOTH' 'I' @684  3 (0x00000003)
 - public static final 'GTK_STYLE_PROVIDER_PRIORITY_APPLICATION' 'I' @688  600 (0x00000258)
 - public static final 'GTK_STYLE_PROVIDER_PRIORITY_USER' 'I' @692  800 (0x00000320)
 - public static final 'GTK_UNIT_PIXEL' 'I' @696  0 (0x00000000)
 - public static final 'GTK_UNIT_POINTS' 'I' @700  1 (0x00000001)
 - public static final 'GTK_UNIT_INCH' 'I' @704  2 (0x00000002)
 - public static final 'GTK_UNIT_MM' 'I' @708  3 (0x00000003)
 - public static final 'GTK_WINDOW_POPUP' 'I' @712  1 (0x00000001)
 - public static final 'GTK_WINDOW_TOPLEVEL' 'I' @716  0 (0x00000000)
 - public static final 'GTK_WRAP_NONE' 'I' @720  0 (0x00000000)
 - public static final 'GTK_WRAP_WORD' 'I' @724  2 (0x00000002)
 - public static final 'GTK_WRAP_WORD_CHAR' 'I' @728  3 (0x00000003)
 - public static final 'GTK_SHORTCUT_SCOPE_GLOBAL' 'I' @732  2 (0x00000002)
 - public static final 'GTK_INPUT_HINT_NO_EMOJI' 'I' @736  1024 (0x00000400)
 - public static final 'GTK_STYLE_CLASS_VIEW' '[B' @120  [B{0x00000000c0d59660} (0xc0d59660)
 - public static final 'GTK_STYLE_CLASS_CELL' '[B' @124  [B{0x00000000c0d59648} (0xc0d59648)
 - public static final 'GTK_STYLE_CLASS_PANE_SEPARATOR' '[B' @128  [B{0x00000000c0d59628} (0xc0d59628)
 - public static final 'GTK_STYLE_CLASS_SUGGESTED_ACTION' '[B' @132  [B{0x00000000c0d59600} (0xc0d59600)
 - public static final 'GTK_STYLE_CLASS_FRAME' '[B' @136  [B{0x00000000c0d595e8} (0xc0d595e8)
 - public static final 'gtk_alternative_button_order' '[B' @140  [B{0x00000000c0d595b8} (0xc0d595b8)
 - public static final 'gtk_cursor_blink' '[B' @144  [B{0x00000000c0d59590} (0xc0d59590)
 - public static final 'gtk_cursor_blink_time' '[B' @148  [B{0x00000000c0d59568} (0xc0d59568)
 - public static final 'gtk_double_click_time' '[B' @152  [B{0x00000000c0d59540} (0xc0d59540)
 - public static final 'gtk_entry_select_on_focus' '[B' @156  [B{0x00000000c0d59510} (0xc0d59510)
 - public static final 'gtk_style_property_font' '[B' @160  [B{0x00000000c0d594f8} (0xc0d594f8)
 - public static final 'gtk_menu_bar_accel' '[B' @164  [B{0x00000000c0d594d0} (0xc0d594d0)
 - public static final 'gtk_theme_name' '[B' @168  [B{0x00000000c0d594b0} (0xc0d594b0)
 - public static final 'gtk_im_module' '[B' @172  [B{0x00000000c0d59490} (0xc0d59490)
 - public static final 'GTK_PRINT_SETTINGS_OUTPUT_URI' '[B' @176  [B{0x00000000c0d59470} (0xc0d59470)
 - public static final 'gtk_application_prefer_dark_theme' '[B' @180  [B{0x00000000c0d59438} (0xc0d59438)
 - public static final 'GTK_NAMED_ICON_GO_UP' '[B' @184  [B{0x00000000c0d59418} (0xc0d59418)
 - public static final 'GTK_NAMED_ICON_GO_DOWN' '[B' @188  [B{0x00000000c0d593f0} (0xc0d593f0)
 - public static final 'GTK_NAMED_ICON_GO_NEXT' '[B' @192  [B{0x00000000c0d593c8} (0xc0d593c8)
 - public static final 'GTK_NAMED_ICON_GO_PREVIOUS' '[B' @196  [B{0x00000000c0d593a0} (0xc0d593a0)
 - public static final 'GTK_NAMED_ICON_PAN_DOWN' '[B' @200  [B{0x00000000c0d59378} (0xc0d59378)
 - public static final 'GTK_NAMED_LABEL_OK' '[B' @204  [B{0x00000000c0d59360} (0xc0d59360)
 - public static final 'GTK_NAMED_LABEL_CANCEL' '[B' @208  [B{0x00000000c0d59348} (0xc0d59348)
R12=0x0 is null
R13={method} {0x00007f763182c9c0} 'gtk_widget_realize' '(J)V' in 'org/eclipse/swt/internal/gtk/GTK'
R14=0x00007f766d30cd98 is pointing into the stack for thread: 0x00007f766802eab0
R15=0x00007f766802eab0 is a thread

Top of Stack: (sp=0x00007f766d30cc50)
0x00007f766d30cc50:   0000000000000008 2a9580c401394200   .........B9....*
0x00007f766d30cc60:   0000000000000000 000000000000000b   ................
0x00007f766d30cc70:   00007f763182ecd0 0000000000000008   ...1v...........
0x00007f766d30cc80:   0000000000000001 0000000000000008   ................
0x00007f766d30cc90:   0000000000000000 00007f766d30ccc0   ..........0mv...
0x00007f766d30cca0:   00007f766d30cd48 00007f765c33e426   H.0mv...&.3\v...
0x00007f766d30ccb0:   00000000c6599c70 2a9580c401394200   p.Y......B9....*
0x00007f766d30ccc0:   0000000000000001 00007f763182c9c0   ...........1v...
0x00007f766d30ccd0:   00007f766d30cd70 0000000000000000   p.0mv...........
0x00007f766d30cce0:   00007f763182c9c0 00007f766d30cd98   ...1v.....0mv...
0x00007f766d30ccf0:   00007f766802eab0 00007f75f1b1ee30   ...hv...0...u...
0x00007f766d30cd00:   fffffffffffffff7 00007f765c343005   .........04\v...
0x00007f766d30cd10:   00007f76693384d0 0000000000000000   ..3iv...........
0x00007f766d30cd20:   0000000000000000 fffffffffffffff7   ................
0x00007f766d30cd30:   0000000000000000 0000000000000005   ................
0x00007f766d30cd40:   00007f763182ecd0 0000000000000000   ...1v...........
0x00007f766d30cd50:   00000000c0d59060 00007f763182c9c0   `..........1v...
0x00007f766d30cd60:   0000000000000000 00007f766d30cd90   ..........0mv...
0x00007f766d30cd70:   00007f766d30cde8 00007f765c33e426   ..0mv...&.3\v...
0x00007f766d30cd80:   00000000c0d59060 00007f765c3403d7   `.........4\v...
0x00007f766d30cd90:   00007f7668432aa0 0000000000000000   .*Chv...........
0x00007f766d30cda0:   fffffffffffffff7 00007f76316a1d4c   ........L.j1v...
0x00007f766d30cdb0:   0000000000000009 00007f76322baeb0   ..........+2v...
0x00007f766d30cdc0:   0000000000000000 00000000c0d5e530   ........0.......
0x00007f766d30cdd0:   00007f76316a1e00 fffffffffffffff5   ..j1v...........
0x00007f766d30cde0:   00007f766d30ce28 00007f766d30ce80   (.0mv.....0mv...
0x00007f766d30cdf0:   00007f765c33e426 0000000000000000   &.3\v...........
0x00007f766d30ce00:   0000000000000000 0000000000000000   ................
0x00007f766d30ce10:   0000000000000000 0000000000000000   ................
0x00007f766d30ce20:   0000000000000000 0000000000000000   ................
0x00007f766d30ce30:   00000000c72aab00 fffffffffffffff7   ..*.............
0x00007f766d30ce40:   00007f76316807e2 0000000000000003   ..h1v...........

Instructions: (pc=0x00007f760ef654ac)
  0x00007f760ef653ac:   05 66 0f ef d2 66 0f 54 c1 66 0f 55 ca 66 0f 56
  0x00007f760ef653bc:   c8 0f b6 45 09 66 0f ef c0 f2 0f 2a c0 f2 0f 59
  0x00007f760ef653cc:   c1 e8 ae 94 d2 ff f2 0f 2c c0 38 45 08 74 25 88
  0x00007f760ef653dc:   45 08 48 8b 43 18 0f b6 40 02 a8 10 74 16 a8 01
  0x00007f760ef653ec:   75 32 48 89 df 5b 5d 41 5c e9 06 97 ff ff 66 0f
  0x00007f760ef653fc:   1f 44 00 00 5b 5d 41 5c c3 0f 1f 00 48 89 df e8
  0x00007f760ef6540c:   10 fa ff ff 48 89 c7 e9 60 ff ff ff 0f 1f 84 00
  0x00007f760ef6541c:   00 00 00 00 48 89 df e8 c8 61 ff ff 48 89 df 49
  0x00007f760ef6542c:   89 c4 e8 7d 52 ff ff 48 89 c7 e8 45 08 d3 ff 49
  0x00007f760ef6543c:   39 c4 74 ae 0f b6 45 08 48 8b bd c0 00 00 00 66
  0x00007f760ef6544c:   0f ef c0 f2 0f 2a c0 f2 0f 5e 05 3d 9c 10 00 e8
  0x00007f760ef6545c:   70 d1 d2 ff eb 8c 66 66 2e 0f 1f 84 00 00 00 00
  0x00007f760ef6546c:   00 0f 1f 00 f3 0f 1e fa 41 57 41 56 41 55 41 54
  0x00007f760ef6547c:   55 53 48 83 ec 78 64 48 8b 1c 25 28 00 00 00 48
  0x00007f760ef6548c:   89 5c 24 68 48 89 fb e8 f8 10 ff ff 48 85 db 0f
  0x00007f760ef6549c:   84 7f 01 00 00 48 8b 2b 48 89 c6 48 85 ed 74 0a
=>0x00007f760ef654ac:   48 39 45 00 0f 84 aa 01 00 00 48 89 df e8 c2 d7
  0x00007f760ef654bc:   d2 ff 85 c0 0f 84 5a 01 00 00 4c 8b 63 18 41 f6
  0x00007f760ef654cc:   44 24 02 02 75 26 e8 79 47 e8 ff 48 85 ed 74 09
  0x00007f760ef654dc:   48 8b 75 00 48 39 c6 74 13 48 89 c6 48 89 df e8
  0x00007f760ef654ec:   90 d7 d2 ff 85 c0 0f 84 60 02 00 00 41 0f b6 44
  0x00007f760ef654fc:   24 02 a8 10 0f 85 1a 02 00 00 49 8b bc 24 d0 00
  0x00007f760ef6550c:   00 00 48 85 ff 0f 84 b9 02 00 00 48 8b 47 18 f6
  0x00007f760ef6551c:   40 02 10 0f 84 23 02 00 00 48 89 df e8 93 6b 06
  0x00007f760ef6552c:   00 8b 35 81 6c 49 00 31 d2 31 c0 48 89 df e8 61
  0x00007f760ef6553c:   a6 d2 ff 48 89 df e8 89 94 ff ff ba 01 00 00 00
  0x00007f760ef6554c:   48 89 df 89 c6 e8 ca 5d ff ff 41 f6 44 24 04 40
  0x00007f760ef6555c:   0f 85 1e 02 00 00 48 89 df e8 36 f2 fe ff 41 f6
  0x00007f760ef6556c:   44 24 04 20 0f 85 40 02 00 00 8b 35 e8 6b 49 00
  0x00007f760ef6557c:   48 89 df e8 1c 90 d2 ff 48 89 c6 48 85 c0 0f 84
  0x00007f760ef6558c:   f8 00 00 00 48 8d 6c 24 40 4c 8d 74 24 18 48 89
  0x00007f760ef6559c:   ef 4c 8d 6c 24 10 4c 8d 7c 24 20 e8 f4 ae d2 ff


Stack slot to memory mapping:

stack at sp + 0 slots: 0x0000000000000008 is an unknown value
stack at sp + 1 slots: 0x2a9580c401394200 is an unknown value
stack at sp + 2 slots: 0x0 is null
stack at sp + 3 slots: 0x000000000000000b is an unknown value
stack at sp + 4 slots: 0x00007f763182ecd0 is pointing into metadata
stack at sp + 5 slots: 0x0000000000000008 is an unknown value
stack at sp + 6 slots: 0x0000000000000001 is an unknown value
stack at sp + 7 slots: 0x0000000000000008 is an unknown value

Lock stack of current Java thread (top to bottom):


Compiled method (c1) 4978 1121   !   3       jdk.internal.reflect.DirectMethodHandleAccessor::invoke (92 bytes)
 total in heap  [0x00007f7654f57b08,0x00007f7654f59928] = 7712
 main code      [0x00007f7654f57c00,0x00007f7654f597d8] = 7128
 stub code      [0x00007f7654f597d8,0x00007f7654f59910] = 312
 oops           [0x00007f7654f59910,0x00007f7654f59928] = 24
 mutable data [0x00007f76106d9280,0x00007f76106d9580] = 768
 relocation     [0x00007f76106d9280,0x00007f76106d9520] = 672
 metadata       [0x00007f76106d9520,0x00007f76106d9580] = 96
 immutable data [0x00007f76106d8370,0x00007f76106d9270] = 3840
 dependencies   [0x00007f76106d8370,0x00007f76106d8390] = 32
 nul chk table  [0x00007f76106d8390,0x00007f76106d8428] = 152
 handler table  [0x00007f76106d8428,0x00007f76106d8ab8] = 1680
 scopes pcs     [0x00007f76106d8ab8,0x00007f76106d8f38] = 1152
 scopes data    [0x00007f76106d8f38,0x00007f76106d9270] = 824

[Constant Pool (empty)]

[MachCode]
[Instructions begin]
  0x00007f7654f57c00: 6666 660f | 1f84 0000 | 0000 0066 | 6666 9066 | 6690 448b | 5608 443b 

  0x00007f7654f57c18: ;   {runtime_call Shared Runtime ic_miss_blob}
  0x00007f7654f57c18: 5008 0f85 | c0c9 4207 
[Verified Entry Point]
  0x00007f7654f57c20: 8984 2400 | c0fe ff55 | 4881 ec20 | 0100 0090 | 4181 7f20 | 0700 0000 

  0x00007f7654f57c38: ;   {runtime_call Stub::method_entry_barrier}
  0x00007f7654f57c38: 7405 e841 | 6941 0748 | 89b4 24a8 | 0000 0048 | 8994 24b8 

  0x00007f7654f57c4c: ;   {metadata(method data for {method} {0x00007f7630466dc8} 'invoke' '(Ljava/lang/Object;[Ljava/lang/Object;)Ljava/lang/Object;' in 'jdk/internal/reflect/DirectMethodHandleAccessor')}
  0x00007f7654f57c4c: 0000 0048 | bf98 3bbd | 3076 7f00 | 008b 9f90 | 0000 0083 | c302 899f | 9000 0000 | 81e3 fe07 
  0x00007f7654f57c6c: 0000 85db | 0f84 4b17 | 0000 488b 

  0x00007f7654f57c78: ;   {metadata(method data for {method} {0x00007f7630466dc8} 'invoke' '(Ljava/lang/Object;[Ljava/lang/Object;)Ljava/lang/Object;' in 'jdk/internal/reflect/DirectMethodHandleAccessor')}
  0x00007f7654f57c78: fe48 bb98 | 3bbd 3076 | 7f00 0048 | 8383 d800 

  0x00007f7654f57c88: ;   {metadata(method data for {method} {0x00007f76304672d8} 'isStatic' '()Z' in 'jdk/internal/reflect/DirectMethodHandleAccessor')}
  0x00007f7654f57c88: 0000 0148 | bf90 3ebd | 3076 7f00 | 008b 9f90 | 0000 0083 | c302 899f | 9000 0000 | 81e3 feff 
  0x00007f7654f57ca8: 1f00 85db | 0f84 3017 | 0000 8b7e | 1081 e700 | 0200 0081 | ff00 0200 

  0x00007f7654f57cc0: ;   {metadata(method data for {method} {0x00007f76304672d8} 'isStatic' '()Z' in 'jdk/internal/reflect/DirectMethodHandleAccessor')}
  0x00007f7654f57cc0: 0048 bf90 | 3ebd 3076 | 7f00 00bb | d800 0000 | 7505 bbe8 | 0000 0048 | 8b04 1f48 | 8d40 0148 
  0x00007f7654f57ce0: 8904 1f0f | 851a 0000 

  0x00007f7654f57ce8: ;   {metadata(method data for {method} {0x00007f76304672d8} 'isStatic' '()Z' in 'jdk/internal/reflect/DirectMethodHandleAccessor')}
  0x00007f7654f57ce8: 0048 bf90 | 3ebd 3076 | 7f00 00ff | 87f8 0000 | 00bf 0100 | 0000 e905 | 0000 00bf | 0000 0000 
  0x00007f7654f57d08: 83e7 0185 

  0x00007f7654f57d0c: ;   {metadata(method data for {method} {0x00007f7630466dc8} 'invoke' '(Ljava/lang/Object;[Ljava/lang/Object;)Ljava/lang/Object;' in 'jdk/internal/reflect/DirectMethodHandleAccessor')}
  0x00007f7654f57d0c: ff48 bf98 | 3bbd 3076 | 7f00 00bb | 0801 0000 | 7505 bb18 | 0100 0048 | 8b04 1f48 | 8d40 0148 
  0x00007f7654f57d2c: 8904 1f48 | 898c 24b0 | 0000 000f | 8537 0000 | 0048 8bfe 

  0x00007f7654f57d40: ;   {metadata(method data for {method} {0x00007f7630466dc8} 'invoke' '(Ljava/lang/Object;[Ljava/lang/Object;)Ljava/lang/Object;' in 'jdk/internal/reflect/DirectMethodHandleAccessor')}
  0x00007f7654f57d40: 48bb 983b | bd30 767f | 0000 4883 | 8328 0100 | 0001 488b | fa48 8bd7 | 488b de48 

  0x00007f7654f57d5c: ;   {optimized virtual_call}
  0x00007f7654f57d5c: 8bf3 90e8 

  0x00007f7654f57d60: ; ImmutableOopMap {[168]=Oop [176]=Oop [184]=Oop }
                      ;*invokevirtual checkReceiver {reexecute=0 rethrow=0 return_oop=0}
                      ; - jdk.internal.reflect.DirectMethodHandleAccessor::invoke@9
  0x00007f7654f57d60: bc31 0000 

  0x00007f7654f57d64: ;   {post_call_nop}
  0x00007f7654f57d64: 0f1f 8400 | 5c02 0000 | 488b b424 | a800 0000 

  0x00007f7654f57d74: ;   {metadata(method data for {method} {0x00007f7630466dc8} 'invoke' '(Ljava/lang/Object;[Ljava/lang/Object;)Ljava/lang/Object;' in 'jdk/internal/reflect/DirectMethodHandleAccessor')}
  0x00007f7654f57d74: 8b56 0c48 | bf98 3bbd | 3076 7f00 | 0048 8387 | 5801 0000 | 0148 8bf2 | 488b 9424 | b000 0000 
  0x00007f7654f57d94: ;   {static_call}
  0x00007f7654f57d94: 6666 90e8 

  0x00007f7654f57d98: ; ImmutableOopMap {[168]=Oop [176]=Oop [184]=Oop }
                      ;*invokestatic checkArgumentCount {reexecute=0 rethrow=0 return_oop=0}
                      ; - jdk.internal.reflect.DirectMethodHandleAccessor::invoke@17
  0x00007f7654f57d98: e4ea ffff 

  0x00007f7654f57d9c: ;   {post_call_nop}
  0x00007f7654f57d9c: 0f1f 8400 | 9402 0001 | 488b b424 | a800 0000 

  0x00007f7654f57dac: ;   {metadata(method data for {method} {0x00007f7630466dc8} 'invoke' '(Ljava/lang/Object;[Ljava/lang/Object;)Ljava/lang/Object;' in 'jdk/internal/reflect/DirectMethodHandleAccessor')}
  0x00007f7654f57dac: 488b d648 | b998 3bbd | 3076 7f00 | 0048 8381 | 6801 0000 

  0x00007f7654f57dc0: ;   {metadata(method data for {method} {0x00007f76304670a0} 'invokeImpl' '(Ljava/lang/Object;[Ljava/lang/Object;)Ljava/lang/Object;' in 'jdk/internal/reflect/DirectMethodHandleAccessor')}
  0x00007f7654f57dc0: 0148 ba40 | 44bd 3076 | 7f00 008b | 8a90 0000 | 0083 c102 | 898a 9000 | 0000 81e1 | feff 1f00 
  0x00007f7654f57de0: 85c9 0f84 | 1b16 0000 

  0x00007f7654f57de8: ;   {metadata(method data for {method} {0x00007f76304670a0} 'invokeImpl' '(Ljava/lang/Object;[Ljava/lang/Object;)Ljava/lang/Object;' in 'jdk/internal/reflect/DirectMethodHandleAccessor')}
  0x00007f7654f57de8: 8b56 0c48 | b940 44bd | 3076 7f00 | 0041 b8e0 | 0000 0085 | d249 8bf8 | 41b8 f000 | 0000 4c0f 
  0x00007f7654f57e08: 45c7 83fa | 0149 8bf8 | 41b8 0001 | 0000 4c0f | 45c7 83fa | 0249 8bf8 | 41b8 1001 | 0000 4c0f 
  0x00007f7654f57e28: 45c7 83fa | 0349 8bf8 | 41b8 2001 | 0000 4c0f | 45c7 4a8b | 3c01 41ba | 0100 0000 | 4903 fa4a 
  0x00007f7654f57e48: 893c 0185 | d20f 847f | 0c00 0083 | fa01 0f84 | 7f0a 0000 | 83fa 020f | 8405 0400 | 0083 fa03 
  0x00007f7654f57e68: 0f84 db01 | 0000 488b | 8c24 b000 | 0000 488b | 9424 b800 | 0000 8b7e | 180f 1f80 | 0000 0000 
  0x00007f7654f57e88: ;   {other}
  0x00007f7654f57e88: e9a6 1500 | 0090 9090 | 9090 483b 

  0x00007f7654f57e94: ;   {metadata(method data for {method} {0x00007f76304670a0} 'invokeImpl' '(Ljava/lang/Object;[Ljava/lang/Object;)Ljava/lang/Object;' in 'jdk/internal/reflect/DirectMethodHandleAccessor')}
  0x00007f7654f57e94: 0748 bb40 | 44bd 3076 | 7f00 0048 | 8d9b 3803 | 0000 4885 | d275 0ef6 | 4308 0175 | 42f0 4883 
  0x00007f7654f57eb4: 4b08 01eb | 3a8b 4208 | 4c8b d048 | 3343 0848 | a9fc ffff | ff74 28a8 | 0275 2448 | f743 08fe 
  0x00007f7654f57ed4: ffff ff74 | 1649 8bc2 | 4833 4308 | 48a9 fcff | ffff 740b | 4883 4b08 | 02eb 0448 | 8943 0848 
  0x00007f7654f57ef4: 85c9 750e | f643 1801 | 7542 f048 | 834b 1801 | eb3a 8b41 | 084c 8bd0 | 4833 4318 | 48a9 fcff 
  0x00007f7654f57f14: ffff 7428 | a802 7524 | 48f7 4318 | feff ffff | 7416 498b | c248 3343 | 1848 a9fc | ffff ff74 
  0x00007f7654f57f34: 0b48 834b | 1802 eb04 | 4889 4318 

  0x00007f7654f57f40: ;   {metadata(method data for {method} {0x00007f76304670a0} 'invokeImpl' '(Ljava/lang/Object;[Ljava/lang/Object;)Ljava/lang/Object;' in 'jdk/internal/reflect/DirectMethodHandleAccessor')}
  0x00007f7654f57f40: 488b df48 | b840 44bd | 3076 7f00 | 008b 5b08 | 483b 9810 | 0300 0075 | 0d48 8380 | 1803 0000 
  0x00007f7654f57f60: 01e9 6000 | 0000 483b | 9820 0300 | 0075 0d48 | 8380 2803 | 0000 01e9 | 4a00 0000 | 4883 b810 
  0x00007f7654f57f80: 0300 0000 | 7517 4889 | 9810 0300 | 0048 c780 | 1803 0000 | 0100 0000 | e929 0000 | 0048 83b8 
  0x00007f7654f57fa0: 2003 0000 | 0075 1748 | 8998 2003 | 0000 48c7 | 8028 0300 | 0001 0000 | 00e9 0800 | 0000 4883 
  0x00007f7654f57fc0: 8008 0300 | 0001 488b | f766 0f1f 

  0x00007f7654f57fcc: ;   {optimized virtual_call}
  0x00007f7654f57fcc: 4400 00e8 

  0x00007f7654f57fd0: ; ImmutableOopMap {[168]=Oop }
                      ;*invokevirtual invokeExact {reexecute=0 rethrow=0 return_oop=0}
                      ; - jdk.internal.reflect.DirectMethodHandleAccessor::invokeImpl@104
                      ; - jdk.internal.reflect.DirectMethodHandleAccessor::invoke@23
  0x00007f7654f57fd0: 0ccb 4207 

  0x00007f7654f57fd4: ;   {post_call_nop}
  0x00007f7654f57fd4: 0f1f 8400 | cc04 0002 

  0x00007f7654f57fdc: ;   {metadata(method data for {method} {0x00007f76304670a0} 'invokeImpl' '(Ljava/lang/Object;[Ljava/lang/Object;)Ljava/lang/Object;' in 'jdk/internal/reflect/DirectMethodHandleAccessor')}
  0x00007f7654f57fdc: 48ba 4044 | bd30 767f | 0000 488d | 9258 0300 | 0048 85c0 | 750c f602 | 0175 3ff0 | 4883 0a01 
  0x00007f7654f57ffc: eb38 8b48 | 084c 8bd1 | 4833 0a48 | f7c1 fcff | ffff 7426 | f6c1 0275 | 2148 f702 | feff ffff 
  0x00007f7654f5801c: 7415 498b | ca48 330a | 48f7 c1fc | ffff ff74 | 0948 830a | 02eb 0348 | 890a 4881 | c420 0100 
  0x00007f7654f5803c: ;   {poll_return}
  0x00007f7654f5803c: 005d 493b | 6728 0f87 | fa13 0000 | c348 8b8c | 24b0 0000 | 0048 8b94 | 24b8 0000 | 008b 5e18 
  0x00007f7654f5805c: ; implicit exception: dispatches to 0x00007f7654f59458
  0x00007f7654f5805c: 8379 0c00 | 0f86 fc13 | 0000 448b | 4110 8379 | 0c01 0f86 | 0014 0000 | 448b 4914 | 8379 0c02 
  0x00007f7654f5807c: 0f86 0414 | 0000 8b79 | 1866 6690 

  0x00007f7654f58088: ;   {oop(a 'java/lang/invoke/MethodType'{0x00000000c0143570} = (Ljava/lang/Object;Ljava/lang/Object;Ljava/lang/Object;Ljava/lang/Object;)Ljava/lang/Object;)}
  0x00007f7654f58088: 48b8 7035 | 14c0 0000 | 0000 483b 

  0x00007f7654f58094: ;   {metadata(method data for {method} {0x00007f76304670a0} 'invokeImpl' '(Ljava/lang/Object;[Ljava/lang/Object;)Ljava/lang/Object;' in 'jdk/internal/reflect/DirectMethodHandleAccessor')}
  0x00007f7654f58094: 0348 b940 | 44bd 3076 | 7f00 0048 | 8d89 c002 | 0000 4885 | d275 0ef6 | 4108 0175 | 47f0 4883 
  0x00007f7654f580b4: 4908 01eb | 3f44 8b5a | 084d 8bd3 | 4c33 5908 | 49f7 c3fc | ffff ff74 | 2b41 f6c3 | 0275 2548 
  0x00007f7654f580d4: f741 08fe | ffff ff74 | 174d 8bda | 4c33 5908 | 49f7 c3fc | ffff ff74 | 0b48 8349 | 0802 eb04 
  0x00007f7654f580f4: 4c89 5908 | 4d85 c075 | 0ef6 4118 | 0175 47f0 | 4883 4918 | 01eb 3f45 | 8b58 084d | 8bd3 4c33 
  0x00007f7654f58114: 5918 49f7 | c3fc ffff | ff74 2b41 | f6c3 0275 | 2548 f741 | 18fe ffff | ff74 174d | 8bda 4c33 
  0x00007f7654f58134: 5918 49f7 | c3fc ffff | ff74 0b48 | 8349 1802 | eb04 4c89 | 5918 488b 

  0x00007f7654f5814c: ;   {metadata(method data for {method} {0x00007f76304670a0} 'invokeImpl' '(Ljava/lang/Object;[Ljava/lang/Object;)Ljava/lang/Object;' in 'jdk/internal/reflect/DirectMethodHandleAccessor')}
  0x00007f7654f5814c: cb49 bb40 | 44bd 3076 | 7f00 008b | 4908 493b | 8b98 0200 | 0075 0d49 | 8383 a002 | 0000 01e9 
  0x00007f7654f5816c: 6000 0000 | 493b 8ba8 | 0200 0075 | 0d49 8383 | b002 0000 | 01e9 4a00 | 0000 4983 | bb98 0200 
  0x00007f7654f5818c: 0000 7517 | 4989 8b98 | 0200 0049 | c783 a002 | 0000 0100 | 0000 e929 | 0000 0049 | 83bb a802 
  0x00007f7654f581ac: 0000 0075 | 1749 898b | a802 0000 | 49c7 83b0 | 0200 0001 | 0000 00e9 | 0800 0000 | 4983 8390 
  0x00007f7654f581cc: 0200 0001 | 498b c84d | 8bc1 4c8b | cf48 8bf8 

  0x00007f7654f581dc: ;   {optimized virtual_call}
  0x00007f7654f581dc: 488b f3e8 

  0x00007f7654f581e0: ; ImmutableOopMap {[168]=Oop }
                      ;*invokevirtual invokeExact {reexecute=0 rethrow=0 return_oop=0}
                      ; - jdk.internal.reflect.DirectMethodHandleAccessor::invokeImpl@92
                      ; - jdk.internal.reflect.DirectMethodHandleAccessor::invoke@23
  0x00007f7654f581e0: 0916 0000 

  0x00007f7654f581e4: ;   {post_call_nop}
  0x00007f7654f581e4: 0f1f 8400 | dc06 0003 

  0x00007f7654f581ec: ;   {metadata(method data for {method} {0x00007f76304670a0} 'invokeImpl' '(Ljava/lang/Object;[Ljava/lang/Object;)Ljava/lang/Object;' in 'jdk/internal/reflect/DirectMethodHandleAccessor')}
  0x00007f7654f581ec: 48be 4044 | bd30 767f | 0000 488d | b6e0 0200 | 0048 85c0 | 750c f606 | 0175 40f0 | 4883 0e01 
  0x00007f7654f5820c: eb39 8b78 | 084c 8bd7 | 4833 3e48 | f7c7 fcff | ffff 7427 | 40f6 c702 | 7521 48f7 | 06fe ffff 
  0x00007f7654f5822c: ff74 1549 | 8bfa 4833 | 3e48 f7c7 | fcff ffff | 7409 4883 | 0e02 eb03 

  0x00007f7654f58244: ;   {metadata(method data for {method} {0x00007f76304670a0} 'invokeImpl' '(Ljava/lang/Object;[Ljava/lang/Object;)Ljava/lang/Object;' in 'jdk/internal/reflect/DirectMethodHandleAccessor')}
  0x00007f7654f58244: 4889 3e48 | be40 44bd | 3076 7f00 | 00ff 86f0 | 0200 0048 | 81c4 2001 

  0x00007f7654f5825c: ;   {poll_return}
  0x00007f7654f5825c: 0000 5d49 | 3b67 280f | 874d 1200 | 00c3 488b | 8c24 b000 | 0000 488b | 9424 b800 | 0000 8b7e 
  0x00007f7654f5827c: 1848 89bc | 24c8 0000 | 0083 790c | 000f 8647 | 1200 008b | 5910 4889 | 9c24 c000 | 0000 8379 
  0x00007f7654f5829c: 0c01 0f86 | 4412 0000 | 8b41 1448 | 8984 24d0 

  0x00007f7654f582ac: ;   {metadata(method data for {method} {0x00007f76304670a0} 'invokeImpl' '(Ljava/lang/Object;[Ljava/lang/Object;)Ljava/lang/Object;' in 'jdk/internal/reflect/DirectMethodHandleAccessor')}
  0x00007f7654f582ac: 0000 0048 | b940 44bd | 3076 7f00 | 0048 8d89 | 4802 0000 | 4885 d275 | 0ef6 4108 | 0175 47f0 
  0x00007f7654f582cc: 4883 4908 | 01eb 3f44 | 8b42 084d | 8bd0 4c33 | 4108 49f7 | c0fc ffff | ff74 2b41 | f6c0 0275 
  0x00007f7654f582ec: 2548 f741 | 08fe ffff | ff74 174d | 8bc2 4c33 | 4108 49f7 | c0fc ffff | ff74 0b48 | 8349 0802 
  0x00007f7654f5830c: eb04 4c89 

  0x00007f7654f58310: ;   {metadata(method data for {method} {0x00007f7630b19ab0} 'invokeExact_MT' '(Ljava/lang/Object;Ljava/lang/Object;Ljava/lang/Object;Ljava/lang/Object;Ljava/lang/Object;)Ljava/lang/Object;' in 'java/lang/invoke/LambdaForm$MH+0x0000000073146c00')}
  0x00007f7654f58310: 4108 48b9 | 209d b130 | 767f 0000 | 488d 8970 | 0200 0048 | 85ff 750c | f601 0175 | 41f0 4883 
  0x00007f7654f58330: 0901 eb3a | 448b 4708 | 4d8b d04c | 3301 49f7 | c0fc ffff | ff74 2741 | f6c0 0275 | 2148 f701 
  0x00007f7654f58350: feff ffff | 7415 4d8b | c24c 3301 | 49f7 c0fc | ffff ff74 | 0948 8309 | 02eb 034c | 8901 4885 
  0x00007f7654f58370: d275 0ef6 | 4110 0175 | 47f0 4883 | 4910 01eb | 3f44 8b42 | 084d 8bd0 | 4c33 4110 | 49f7 c0fc 
  0x00007f7654f58390: ffff ff74 | 2b41 f6c0 | 0275 2548 | f741 10fe | ffff ff74 | 174d 8bc2 | 4c33 4110 | 49f7 c0fc 
  0x00007f7654f583b0: ffff ff74 | 0b48 8349 | 1002 eb04 | 4c89 4110 

  0x00007f7654f583c0: ;   {metadata(method data for {method} {0x00007f76304670a0} 'invokeImpl' '(Ljava/lang/Object;[Ljava/lang/Object;)Ljava/lang/Object;' in 'jdk/internal/reflect/DirectMethodHandleAccessor')}
  0x00007f7654f583c0: 48b9 4044 | bd30 767f | 0000 4883 | 8118 0200 

  0x00007f7654f583d0: ;   {metadata(method data for {method} {0x00007f7630b19ab0} 'invokeExact_MT' '(Ljava/lang/Object;Ljava/lang/Object;Ljava/lang/Object;Ljava/lang/Object;Ljava/lang/Object;)Ljava/lang/Object;' in 'java/lang/invoke/LambdaForm$MH+0x0000000073146c00')}
  0x00007f7654f583d0: 0001 48b9 | 209d b130 | 767f 0000 | 448b 8190 | 0000 0041 | 83c0 0244 | 8981 9000 | 0000 4181 
  0x00007f7654f583f0: e0fe ff1f | 0045 85c0 | 0f84 fc10 

  0x00007f7654f583fc: ;   {metadata(method data for {method} {0x00007f7630b19ab0} 'invokeExact_MT' '(Ljava/lang/Object;Ljava/lang/Object;Ljava/lang/Object;Ljava/lang/Object;Ljava/lang/Object;)Ljava/lang/Object;' in 'java/lang/invoke/LambdaForm$MH+0x0000000073146c00')}
  0x00007f7654f583fc: 0000 48b9 | 209d b130 | 767f 0000 | 488d 8948 | 0100 0048 | 85ff 750e | f641 0801 | 7547 f048 
  0x00007f7654f5841c: 8349 0801 | eb3f 448b | 4708 4d8b | d04c 3341 | 0849 f7c0 | fcff ffff | 742b 41f6 | c002 7525 
  0x00007f7654f5843c: 48f7 4108 | feff ffff | 7417 4d8b | c24c 3341 | 0849 f7c0 | fcff ffff | 740b 4883 | 4908 02eb 
  0x00007f7654f5845c: 044c 8941 

  0x00007f7654f58460: ;   {metadata(method data for {method} {0x00007f7630b19ab0} 'invokeExact_MT' '(Ljava/lang/Object;Ljava/lang/Object;Ljava/lang/Object;Ljava/lang/Object;Ljava/lang/Object;)Ljava/lang/Object;' in 'java/lang/invoke/LambdaForm$MH+0x0000000073146c00')}
  0x00007f7654f58460: 0848 b920 | 9db1 3076 | 7f00 0048 | 8381 3801 

  0x00007f7654f58470: ;   {metadata(method data for {method} {0x00007f763036ab40} 'checkExactType' '(Ljava/lang/invoke/MethodHandle;Ljava/lang/invoke/MethodType;)V' in 'java/lang/invoke/Invokers')}
  0x00007f7654f58470: 0000 0148 | b928 66bc | 3076 7f00 | 0044 8b81 | 9000 0000 | 4183 c002 | 4489 8190 | 0000 0041 
  0x00007f7654f58490: 81e0 feff | 1f00 4585 | c00f 847c | 1000 0048 | 3b07 488b 

  0x00007f7654f584a4: ;   {metadata(method data for {method} {0x00007f763036ab40} 'checkExactType' '(Ljava/lang/invoke/MethodHandle;Ljava/lang/invoke/MethodType;)V' in 'java/lang/invoke/Invokers')}
  0x00007f7654f584a4: cf49 b828 | 66bc 3076 | 7f00 008b | 4908 493b | 88e0 0000 | 0075 0d49 | 8380 e800 | 0000 01e9 
  0x00007f7654f584c4: 6000 0000 | 493b 88f0 | 0000 0075 | 0d49 8380 | f800 0000 | 01e9 4a00 | 0000 4983 | b8e0 0000 
  0x00007f7654f584e4: 0000 7517 | 4989 88e0 | 0000 0049 | c780 e800 | 0000 0100 | 0000 e929 | 0000 0049 | 83b8 f000 
  0x00007f7654f58504: 0000 0075 | 1749 8988 | f000 0000 | 49c7 80f8 | 0000 0001 | 0000 00e9 | 0800 0000 | 4983 80d8 
  0x00007f7654f58524: 0000 0001 

  0x00007f7654f58528: ;   {oop(a 'java/lang/invoke/MethodType'{0x00000000c0100710} = (Ljava/lang/Object;Ljava/lang/Object;Ljava/lang/Object;)Ljava/lang/Object;)}
  0x00007f7654f58528: 8b4f 1049 | b810 0710 | c000 0000 | 0049 3bc8 

  0x00007f7654f58538: ;   {metadata(method data for {method} {0x00007f763036ab40} 'checkExactType' '(Ljava/lang/invoke/MethodHandle;Ljava/lang/invoke/MethodType;)V' in 'java/lang/invoke/Invokers')}
  0x00007f7654f58538: 49b8 2866 | bc30 767f | 0000 41b9 | 1801 0000 | 7506 41b9 | 0801 0000 | 4f8b 1c08 | 4d8d 5b01 
  0x00007f7654f58558: 4f89 1c08 | 0f85 7d09 

  0x00007f7654f58560: ;   {metadata(method data for {method} {0x00007f7630b19ab0} 'invokeExact_MT' '(Ljava/lang/Object;Ljava/lang/Object;Ljava/lang/Object;Ljava/lang/Object;Ljava/lang/Object;)Ljava/lang/Object;' in 'java/lang/invoke/LambdaForm$MH+0x0000000073146c00')}
  0x00007f7654f58560: 0000 48b9 | 209d b130 | 767f 0000 | 488d 8980 | 0100 0044 | 8b47 084d | 8bd0 4c33 | 4108 49f7 
  0x00007f7654f58580: c0fc ffff | ff74 2b41 | f6c0 0275 | 2548 f741 | 08fe ffff | ff74 174d | 8bc2 4c33 | 4108 49f7 
  0x00007f7654f585a0: c0fc ffff | ff74 0b48 | 8349 0802 | eb04 4c89 

  0x00007f7654f585b0: ;   {metadata(method data for {method} {0x00007f7630b19ab0} 'invokeExact_MT' '(Ljava/lang/Object;Ljava/lang/Object;Ljava/lang/Object;Ljava/lang/Object;Ljava/lang/Object;)Ljava/lang/Object;' in 'java/lang/invoke/LambdaForm$MH+0x0000000073146c00')}
  0x00007f7654f585b0: 4108 48b9 | 209d b130 | 767f 0000 | 4883 8170 | 0100 0001 

  0x00007f7654f585c4: ;   {metadata(method data for {method} {0x00007f763036b188} 'checkCustomized' '(Ljava/lang/invoke/MethodHandle;)V' in 'java/lang/invoke/Invokers')}
  0x00007f7654f585c4: 48b9 c063 | bc30 767f | 0000 448b | 8190 0000 | 0041 83c0 | 0244 8981 | 9000 0000 | 4181 e0fe 
  0x00007f7654f585e4: ff1f 0045 | 85c0 0f84 | 510f 0000 

  0x00007f7654f585f0: ;   {metadata(method data for {method} {0x00007f763036b188} 'checkCustomized' '(Ljava/lang/invoke/MethodHandle;)V' in 'java/lang/invoke/Invokers')}
  0x00007f7654f585f0: 48b9 c063 | bc30 767f | 0000 4883 | 81d8 0000 

  0x00007f7654f58600: ;   {metadata(method data for {method} {0x00007f763008fb80} 'isCompileConstant' '(Ljava/lang/Object;)Z' in 'java/lang/invoke/MethodHandleImpl')}
  0x00007f7654f58600: 0001 48b9 | 3865 bc30 | 767f 0000 | 448b 8190 | 0000 0041 | 83c0 0244 | 8981 9000 | 0000 4181 
  0x00007f7654f58620: e0fe ff1f | 0045 85c0 | 0f84 340f 

  0x00007f7654f5862c: ;   {metadata(method data for {method} {0x00007f763036b188} 'checkCustomized' '(Ljava/lang/invoke/MethodHandle;)V' in 'java/lang/invoke/Invokers')}
  0x00007f7654f5862c: 0000 48b9 | c063 bc30 | 767f 0000 | ff81 e800 | 0000 8b4f | 148b 491c 

  0x00007f7654f58644: ;   {metadata(method data for {method} {0x00007f763036b188} 'checkCustomized' '(Ljava/lang/invoke/MethodHandle;)V' in 'java/lang/invoke/Invokers')}
  0x00007f7654f58644: 4885 c948 | b9c0 63bc | 3076 7f00 | 0041 b808 | 0100 0075 | 0641 b818 | 0100 004e | 8b0c 014d 
  0x00007f7654f58664: 8d49 014e | 890c 010f | 8523 0000 

  0x00007f7654f58670: ;   {metadata(method data for {method} {0x00007f763036b188} 'checkCustomized' '(Ljava/lang/invoke/MethodHandle;)V' in 'java/lang/invoke/Invokers')}
  0x00007f7654f58670: 0048 b9c0 | 63bc 3076 | 7f00 0048 | 8381 2801 | 0000 0148 

  0x00007f7654f58684: ;   {static_call}
  0x00007f7654f58684: 8bf7 90e8 

  0x00007f7654f58688: ; ImmutableOopMap {[168]=Oop [184]=Oop [192]=Oop [200]=Oop [208]=Oop }
                      ;*invokestatic maybeCustomize {reexecute=0 rethrow=0 return_oop=0}
                      ; - java.lang.invoke.Invokers::checkCustomized@19
                      ; - java.lang.invoke.LambdaForm$MH/0x0000000073146c00::invokeExact_MT@15
                      ; - jdk.internal.reflect.DirectMethodHandleAccessor::invokeImpl@72
                      ; - jdk.internal.reflect.DirectMethodHandleAccessor::invoke@23
  0x00007f7654f58688: 74b6 ffff 

  0x00007f7654f5868c: ;   {post_call_nop}
  0x00007f7654f5868c: 0f1f 8400 | 840b 0004 | 488b 9c24 | c000 0000 | 488b 9424 | b800 0000 

  0x00007f7654f586a4: ;   {metadata(method data for {method} {0x00007f7630b19ab0} 'invokeExact_MT' '(Ljava/lang/Object;Ljava/lang/Object;Ljava/lang/Object;Ljava/lang/Object;Ljava/lang/Object;)Ljava/lang/Object;' in 'java/lang/invoke/LambdaForm$MH+0x0000000073146c00')}
  0x00007f7654f586a4: 48b9 209d | b130 767f | 0000 488d | 89c8 0100 | 0048 85d2 | 750e f641 | 0801 7547 | f048 8349 
  0x00007f7654f586c4: 0801 eb3f | 448b 4208 | 4d8b d04c | 3341 0849 | f7c0 fcff | ffff 742b | 41f6 c002 | 7525 48f7 
  0x00007f7654f586e4: 4108 feff | ffff 7417 | 4d8b c24c | 3341 0849 | f7c0 fcff | ffff 740b | 4883 4908 | 02eb 044c 
  0x00007f7654f58704: 8941 0848 | 85db 750e | f641 1801 | 7547 f048 | 8349 1801 | eb3f 448b | 4308 4d8b | d04c 3341 
  0x00007f7654f58724: 1849 f7c0 | fcff ffff | 742b 41f6 | c002 7525 | 48f7 4118 | feff ffff | 7417 4d8b | c24c 3341 
  0x00007f7654f58744: 1849 f7c0 | fcff ffff | 740b 4883 | 4918 02eb | 044c 8941 | 1848 8bbc | 24c8 0000 

  0x00007f7654f58760: ;   {metadata(method data for {method} {0x00007f7630b19ab0} 'invokeExact_MT' '(Ljava/lang/Object;Ljava/lang/Object;Ljava/lang/Object;Ljava/lang/Object;Ljava/lang/Object;)Ljava/lang/Object;' in 'java/lang/invoke/LambdaForm$MH+0x0000000073146c00')}
  0x00007f7654f58760: 0048 b920 | 9db1 3076 | 7f00 008b | 7f08 483b | b9a0 0100 | 0075 0d48 | 8381 a801 | 0000 01e9 
  0x00007f7654f58780: 6000 0000 | 483b b9b0 | 0100 0075 | 0d48 8381 | b801 0000 | 01e9 4a00 | 0000 4883 | b9a0 0100 
  0x00007f7654f587a0: 0000 7517 | 4889 b9a0 | 0100 0048 | c781 a801 | 0000 0100 | 0000 e929 | 0000 0048 | 83b9 b001 
  0x00007f7654f587c0: 0000 0075 | 1748 89b9 | b001 0000 | 48c7 81b8 | 0100 0001 | 0000 00e9 | 0800 0000 | 4883 8198 
  0x00007f7654f587e0: 0100 0001 | 488b cb4c | 8b84 24d0 | 0000 0048 | 8bb4 24c8 

  0x00007f7654f587f4: ;   {optimized virtual_call}
  0x00007f7654f587f4: 0000 00e8 

  0x00007f7654f587f8: ; ImmutableOopMap {[168]=Oop }
                      ;*invokevirtual invokeBasic {reexecute=0 rethrow=0 return_oop=0}
                      ; - java.lang.invoke.LambdaForm$MH/0x0000000073146c00::invokeExact_MT@22
                      ; - jdk.internal.reflect.DirectMethodHandleAccessor::invokeImpl@72
                      ; - jdk.internal.reflect.DirectMethodHandleAccessor::invoke@23
  0x00007f7654f587f8: 8441 9807 

  0x00007f7654f587fc: ;   {post_call_nop}
  0x00007f7654f587fc: 0f1f 8400 | f40c 0005 

  0x00007f7654f58804: ;   {metadata(method data for {method} {0x00007f7630b19ab0} 'invokeExact_MT' '(Ljava/lang/Object;Ljava/lang/Object;Ljava/lang/Object;Ljava/lang/Object;Ljava/lang/Object;)Ljava/lang/Object;' in 'java/lang/invoke/LambdaForm$MH+0x0000000073146c00')}
  0x00007f7654f58804: 48ba 209d | b130 767f | 0000 488d | 92e8 0100 | 0048 85c0 | 750c f602 | 0175 3ff0 | 4883 0a01 
  0x00007f7654f58824: eb38 8b48 | 084c 8bd1 | 4833 0a48 | f7c1 fcff | ffff 7426 | f6c1 0275 | 2148 f702 | feff ffff 
  0x00007f7654f58844: 7415 498b | ca48 330a | 48f7 c1fc | ffff ff74 | 0948 830a | 02eb 0348 

  0x00007f7654f5885c: ;   {metadata(method data for {method} {0x00007f76304670a0} 'invokeImpl' '(Ljava/lang/Object;[Ljava/lang/Object;)Ljava/lang/Object;' in 'jdk/internal/reflect/DirectMethodHandleAccessor')}
  0x00007f7654f5885c: 890a 48ba | 4044 bd30 | 767f 0000 | 488d 9268 | 0200 0048 | 85c0 750c | f602 0175 | 3ff0 4883 
  0x00007f7654f5887c: 0a01 eb38 | 8b48 084c | 8bd1 4833 | 0a48 f7c1 | fcff ffff | 7426 f6c1 | 0275 2148 | f702 feff 
  0x00007f7654f5889c: ffff 7415 | 498b ca48 | 330a 48f7 | c1fc ffff | ff74 0948 | 830a 02eb | 0348 890a 

  0x00007f7654f588b8: ;   {metadata(method data for {method} {0x00007f76304670a0} 'invokeImpl' '(Ljava/lang/Object;[Ljava/lang/Object;)Ljava/lang/Object;' in 'jdk/internal/reflect/DirectMethodHandleAccessor')}
  0x00007f7654f588b8: 48ba 4044 | bd30 767f | 0000 ff82 | 7802 0000 | 4881 c420 | 0100 005d 

  0x00007f7654f588d0: ;   {poll_return}
  0x00007f7654f588d0: 493b 6728 | 0f87 ae0c | 0000 c348 | 8b8c 24b0 | 0000 0048 | 8b94 24b8 | 0000 008b | 7e18 8379 
  0x00007f7654f588f0: 0c00 0f86 | b00c 0000 | 8b49 100f | 1f44 0000 

  0x00007f7654f58900: ;   {oop(a 'java/lang/invoke/MethodType'{0x00000000c0143288} = (Ljava/lang/Object;Ljava/lang/Object;)Ljava/lang/Object;)}
  0x00007f7654f58900: 49b8 8832 | 14c0 0000 | 0000 483b 

  0x00007f7654f5890c: ;   {metadata(method data for {method} {0x00007f76304670a0} 'invokeImpl' '(Ljava/lang/Object;[Ljava/lang/Object;)Ljava/lang/Object;' in 'jdk/internal/reflect/DirectMethodHandleAccessor')}
  0x00007f7654f5890c: 0748 bb40 | 44bd 3076 | 7f00 0048 | 8d9b d001 | 0000 4885 | d275 0ef6 | 4308 0175 | 42f0 4883 
  0x00007f7654f5892c: 4b08 01eb | 3a8b 4208 | 4c8b d048 | 3343 0848 | a9fc ffff | ff74 28a8 | 0275 2448 | f743 08fe 
  0x00007f7654f5894c: ffff ff74 | 1649 8bc2 | 4833 4308 | 48a9 fcff | ffff 740b | 4883 4b08 | 02eb 0448 | 8943 0848 
  0x00007f7654f5896c: 85c9 750e | f643 1801 | 7542 f048 | 834b 1801 | eb3a 8b41 | 084c 8bd0 | 4833 4318 | 48a9 fcff 
  0x00007f7654f5898c: ffff 7428 | a802 7524 | 48f7 4318 | feff ffff | 7416 498b | c248 3343 | 1848 a9fc | ffff ff74 
  0x00007f7654f589ac: 0b48 834b | 1802 eb04 | 4889 4318 

  0x00007f7654f589b8: ;   {metadata(method data for {method} {0x00007f76304670a0} 'invokeImpl' '(Ljava/lang/Object;[Ljava/lang/Object;)Ljava/lang/Object;' in 'jdk/internal/reflect/DirectMethodHandleAccessor')}
  0x00007f7654f589b8: 488b df48 | b840 44bd | 3076 7f00 | 008b 5b08 | 483b 98a8 | 0100 0075 | 0d48 8380 | b001 0000 
  0x00007f7654f589d8: 01e9 6000 | 0000 483b | 98b8 0100 | 0075 0d48 | 8380 c001 | 0000 01e9 | 4a00 0000 | 4883 b8a8 
  0x00007f7654f589f8: 0100 0000 | 7517 4889 | 98a8 0100 | 0048 c780 | b001 0000 | 0100 0000 | e929 0000 | 0048 83b8 
  0x00007f7654f58a18: b801 0000 | 0075 1748 | 8998 b801 | 0000 48c7 | 80c0 0100 | 0001 0000 | 00e9 0800 | 0000 4883 
  0x00007f7654f58a38: 80a0 0100 | 0001 488b | f766 0f1f 

  0x00007f7654f58a44: ;   {optimized virtual_call}
  0x00007f7654f58a44: 4400 00e8 

  0x00007f7654f58a48: ; ImmutableOopMap {[168]=Oop }
                      ;*invokevirtual invokeExact {reexecute=0 rethrow=0 return_oop=0}
                      ; - jdk.internal.reflect.DirectMethodHandleAccessor::invokeImpl@55
                      ; - jdk.internal.reflect.DirectMethodHandleAccessor::invoke@23
  0x00007f7654f58a48: b10d 0000 

  0x00007f7654f58a4c: ;   {post_call_nop}
  0x00007f7654f58a4c: 0f1f 8400 | 440f 0006 

  0x00007f7654f58a54: ;   {metadata(method data for {method} {0x00007f76304670a0} 'invokeImpl' '(Ljava/lang/Object;[Ljava/lang/Object;)Ljava/lang/Object;' in 'jdk/internal/reflect/DirectMethodHandleAccessor')}
  0x00007f7654f58a54: 48be 4044 | bd30 767f | 0000 488d | b6f0 0100 | 0048 85c0 | 750c f606 | 0175 40f0 | 4883 0e01 
  0x00007f7654f58a74: eb39 8b78 | 084c 8bd7 | 4833 3e48 | f7c7 fcff | ffff 7427 | 40f6 c702 | 7521 48f7 | 06fe ffff 
  0x00007f7654f58a94: ff74 1549 | 8bfa 4833 | 3e48 f7c7 | fcff ffff | 7409 4883 | 0e02 eb03 

  0x00007f7654f58aac: ;   {metadata(method data for {method} {0x00007f76304670a0} 'invokeImpl' '(Ljava/lang/Object;[Ljava/lang/Object;)Ljava/lang/Object;' in 'jdk/internal/reflect/DirectMethodHandleAccessor')}
  0x00007f7654f58aac: 4889 3e48 | be40 44bd | 3076 7f00 | 00ff 8600 | 0200 0048 | 81c4 2001 

  0x00007f7654f58ac4: ;   {poll_return}
  0x00007f7654f58ac4: 0000 5d49 | 3b67 280f | 8707 0b00 | 00c3 488b | 9424 b800 | 0000 8b7e | 1848 89bc | 24d8 0000 
  0x00007f7654f58ae4: ;   {metadata(method data for {method} {0x00007f76304670a0} 'invokeImpl' '(Ljava/lang/Object;[Ljava/lang/Object;)Ljava/lang/Object;' in 'jdk/internal/reflect/DirectMethodHandleAccessor')}
  0x00007f7654f58ae4: 0048 bb40 | 44bd 3076 | 7f00 0048 | 8d9b 6801 | 0000 4885 | d275 0cf6 | 4308 0175 | 06f0 4883 
  0x00007f7654f58b04: ;   {metadata(method data for {method} {0x00007f76303c23c8} 'invokeExact_MT' '(Ljava/lang/Object;Ljava/lang/Object;Ljava/lang/Object;)Ljava/lang/Object;' in 'java/lang/invoke/Invokers$Holder')}
  0x00007f7654f58b04: 4b08 0148 | bbf8 47bd | 3076 7f00 | 0048 8d9b | 5002 0000 | 4885 ff75 | 0af6 0301 | 7505 f048 
  0x00007f7654f58b24: 830b 0148 | 85d2 750c | f643 1001 | 7506 f048 | 834b 1001 

  0x00007f7654f58b38: ;   {metadata(method data for {method} {0x00007f76304670a0} 'invokeImpl' '(Ljava/lang/Object;[Ljava/lang/Object;)Ljava/lang/Object;' in 'jdk/internal/reflect/DirectMethodHandleAccessor')}
  0x00007f7654f58b38: 48bb 4044 | bd30 767f | 0000 4883 | 8338 0100 

  0x00007f7654f58b48: ;   {metadata(method data for {method} {0x00007f76303c23c8} 'invokeExact_MT' '(Ljava/lang/Object;Ljava/lang/Object;Ljava/lang/Object;)Ljava/lang/Object;' in 'java/lang/invoke/Invokers$Holder')}
  0x00007f7654f58b48: 0001 48bb | f847 bd30 | 767f 0000 | 8b83 9000 | 0000 83c0 | 0289 8390 | 0000 0025 | feff 1f00 
  0x00007f7654f58b68: 85c0 0f84 | 7e0a 0000 

  0x00007f7654f58b70: ;   {metadata(method data for {method} {0x00007f76303c23c8} 'invokeExact_MT' '(Ljava/lang/Object;Ljava/lang/Object;Ljava/lang/Object;)Ljava/lang/Object;' in 'java/lang/invoke/Invokers$Holder')}
  0x00007f7654f58b70: 48bb f847 | bd30 767f | 0000 488d | 9b48 0100 | 0048 85ff | 750c f643 | 0801 7506 | f048 834b 
  0x00007f7654f58b90: ;   {metadata(method data for {method} {0x00007f76303c23c8} 'invokeExact_MT' '(Ljava/lang/Object;Ljava/lang/Object;Ljava/lang/Object;)Ljava/lang/Object;' in 'java/lang/invoke/Invokers$Holder')}
  0x00007f7654f58b90: 0801 48bb | f847 bd30 | 767f 0000 | 4883 8338 | 0100 0001 

  0x00007f7654f58ba4: ;   {metadata(method data for {method} {0x00007f763036ab40} 'checkExactType' '(Ljava/lang/invoke/MethodHandle;Ljava/lang/invoke/MethodType;)V' in 'java/lang/invoke/Invokers')}
  0x00007f7654f58ba4: 48bb 2866 | bc30 767f | 0000 8b83 | 9000 0000 | 83c0 0289 | 8390 0000 | 0025 feff | 1f00 85c0 
  0x00007f7654f58bc4: 0f84 450a | 0000 483b | 0748 8bdf 

  0x00007f7654f58bd0: ;   {metadata(method data for {method} {0x00007f763036ab40} 'checkExactType' '(Ljava/lang/invoke/MethodHandle;Ljava/lang/invoke/MethodType;)V' in 'java/lang/invoke/Invokers')}
  0x00007f7654f58bd0: 48b8 2866 | bc30 767f | 0000 8b5b | 0848 3b98 | e000 0000 | 750d 4883 | 80e8 0000 | 0001 e960 
  0x00007f7654f58bf0: 0000 0048 | 3b98 f000 | 0000 750d | 4883 80f8 | 0000 0001 | e94a 0000 | 0048 83b8 | e000 0000 
  0x00007f7654f58c10: 0075 1748 | 8998 e000 | 0000 48c7 | 80e8 0000 | 0001 0000 | 00e9 2900 | 0000 4883 | b8f0 0000 
  0x00007f7654f58c30: 0000 7517 | 4889 98f0 | 0000 0048 | c780 f800 | 0000 0100 | 0000 e908 | 0000 0048 | 8380 d800 
  0x00007f7654f58c50: 0000 018b 

  0x00007f7654f58c54: ;   {oop(a 'java/lang/invoke/MethodType'{0x00000000c0102e10} = (Ljava/lang/Object;)Ljava/lang/Object;)}
  0x00007f7654f58c54: 5f10 48b8 | 102e 10c0 | 0000 0000 

  0x00007f7654f58c60: ;   {metadata(method data for {method} {0x00007f763036ab40} 'checkExactType' '(Ljava/lang/invoke/MethodHandle;Ljava/lang/invoke/MethodType;)V' in 'java/lang/invoke/Invokers')}
  0x00007f7654f58c60: 483b d848 | b828 66bc | 3076 7f00 | 00b9 1801 | 0000 7505 | b908 0100 | 004c 8b04 | 084d 8d40 
  0x00007f7654f58c80: 014c 8904 | 080f 850c 

  0x00007f7654f58c88: ;   {metadata(method data for {method} {0x00007f76303c23c8} 'invokeExact_MT' '(Ljava/lang/Object;Ljava/lang/Object;Ljava/lang/Object;)Ljava/lang/Object;' in 'java/lang/invoke/Invokers$Holder')}
  0x00007f7654f58c88: 0200 0048 | bbf8 47bd | 3076 7f00 | 0048 8383 | 7001 0000 

  0x00007f7654f58c9c: ;   {metadata(method data for {method} {0x00007f763036b188} 'checkCustomized' '(Ljava/lang/invoke/MethodHandle;)V' in 'java/lang/invoke/Invokers')}
  0x00007f7654f58c9c: 0148 bbc0 | 63bc 3076 | 7f00 008b | 8390 0000 | 0083 c002 | 8983 9000 | 0000 25fe | ff1f 0085 
  0x00007f7654f58cbc: c00f 8472 

  0x00007f7654f58cc0: ;   {metadata(method data for {method} {0x00007f763036b188} 'checkCustomized' '(Ljava/lang/invoke/MethodHandle;)V' in 'java/lang/invoke/Invokers')}
  0x00007f7654f58cc0: 0900 0048 | bbc0 63bc | 3076 7f00 | 0048 8383 | d800 0000 

  0x00007f7654f58cd4: ;   {metadata(method data for {method} {0x00007f763008fb80} 'isCompileConstant' '(Ljava/lang/Object;)Z' in 'java/lang/invoke/MethodHandleImpl')}
  0x00007f7654f58cd4: 0148 bb38 | 65bc 3076 | 7f00 008b | 8390 0000 | 0083 c002 | 8983 9000 | 0000 25fe | ff1f 0085 
  0x00007f7654f58cf4: c00f 845b 

  0x00007f7654f58cf8: ;   {metadata(method data for {method} {0x00007f763036b188} 'checkCustomized' '(Ljava/lang/invoke/MethodHandle;)V' in 'java/lang/invoke/Invokers')}
  0x00007f7654f58cf8: 0900 0048 | bbc0 63bc | 3076 7f00 | 00ff 83e8 | 0000 008b | 5f14 8b5b | 1c48 85db 

  0x00007f7654f58d14: ;   {metadata(method data for {method} {0x00007f763036b188} 'checkCustomized' '(Ljava/lang/invoke/MethodHandle;)V' in 'java/lang/invoke/Invokers')}
  0x00007f7654f58d14: 48bb c063 | bc30 767f | 0000 b808 | 0100 0075 | 05b8 1801 | 0000 488b | 0c03 488d | 4901 4889 
  0x00007f7654f58d34: 0c03 0f85 | 2800 0000 

  0x00007f7654f58d3c: ;   {metadata(method data for {method} {0x00007f763036b188} 'checkCustomized' '(Ljava/lang/invoke/MethodHandle;)V' in 'java/lang/invoke/Invokers')}
  0x00007f7654f58d3c: 48bb c063 | bc30 767f | 0000 4883 | 8328 0100 | 0001 488b | f766 0f1f 

  0x00007f7654f58d54: ;   {static_call}
  0x00007f7654f58d54: 4400 00e8 

  0x00007f7654f58d58: ; ImmutableOopMap {[168]=Oop [184]=Oop [216]=Oop }
                      ;*invokestatic maybeCustomize {reexecute=0 rethrow=0 return_oop=0}
                      ; - java.lang.invoke.Invokers::checkCustomized@19
                      ; - java.lang.invoke.Invokers$Holder::invokeExact_MT@14
                      ; - jdk.internal.reflect.DirectMethodHandleAccessor::invokeImpl@41
                      ; - jdk.internal.reflect.DirectMethodHandleAccessor::invoke@23
  0x00007f7654f58d58: a4af ffff 

  0x00007f7654f58d5c: ;   {post_call_nop}
  0x00007f7654f58d5c: 0f1f 8400 | 5412 0007 | 488b 9424 | b800 0000 

  0x00007f7654f58d6c: ;   {metadata(method data for {method} {0x00007f76303c23c8} 'invokeExact_MT' '(Ljava/lang/Object;Ljava/lang/Object;Ljava/lang/Object;)Ljava/lang/Object;' in 'java/lang/invoke/Invokers$Holder')}
  0x00007f7654f58d6c: 48be f847 | bd30 767f | 0000 488d | b6c8 0100 | 0048 85d2 | 750c f646 | 0801 7506 | f048 834e 
  0x00007f7654f58d8c: 0801 488b | bc24 d800 

  0x00007f7654f58d94: ;   {metadata(method data for {method} {0x00007f76303c23c8} 'invokeExact_MT' '(Ljava/lang/Object;Ljava/lang/Object;Ljava/lang/Object;)Ljava/lang/Object;' in 'java/lang/invoke/Invokers$Holder')}
  0x00007f7654f58d94: 0000 48be | f847 bd30 | 767f 0000 | 8b7f 0848 | 3bbe a001 | 0000 750d | 4883 86a8 | 0100 0001 
  0x00007f7654f58db4: e960 0000 | 0048 3bbe | b001 0000 | 750d 4883 | 86b8 0100 | 0001 e94a | 0000 0048 | 83be a001 
  0x00007f7654f58dd4: 0000 0075 | 1748 89be | a001 0000 | 48c7 86a8 | 0100 0001 | 0000 00e9 | 2900 0000 | 4883 beb0 
  0x00007f7654f58df4: 0100 0000 | 7517 4889 | beb0 0100 | 0048 c786 | b801 0000 | 0100 0000 | e908 0000 | 0048 8386 
  0x00007f7654f58e14: 9801 0000 | 0148 8bb4 | 24d8 0000 | 0066 0f1f 

  0x00007f7654f58e24: ;   {optimized virtual_call}
  0x00007f7654f58e24: 4400 00e8 

  0x00007f7654f58e28: ; ImmutableOopMap {[168]=Oop }
                      ;*invokevirtual invokeBasic {reexecute=0 rethrow=0 return_oop=0}
                      ; - java.lang.invoke.Invokers$Holder::invokeExact_MT@19
                      ; - jdk.internal.reflect.DirectMethodHandleAccessor::invokeImpl@41
                      ; - jdk.internal.reflect.DirectMethodHandleAccessor::invoke@23
  0x00007f7654f58e28: 541f 9707 

  0x00007f7654f58e2c: ;   {post_call_nop}
  0x00007f7654f58e2c: 0f1f 8400 | 2413 0008 

  0x00007f7654f58e34: ;   {metadata(method data for {method} {0x00007f76303c23c8} 'invokeExact_MT' '(Ljava/lang/Object;Ljava/lang/Object;Ljava/lang/Object;)Ljava/lang/Object;' in 'java/lang/invoke/Invokers$Holder')}
  0x00007f7654f58e34: 48be f847 | bd30 767f | 0000 488d | b6d8 0100 | 0048 85c0 | 750a f606 | 0175 05f0 | 4883 0e01 
  0x00007f7654f58e54: ;   {metadata(method data for {method} {0x00007f76304670a0} 'invokeImpl' '(Ljava/lang/Object;[Ljava/lang/Object;)Ljava/lang/Object;' in 'jdk/internal/reflect/DirectMethodHandleAccessor')}
  0x00007f7654f58e54: 48be 4044 | bd30 767f | 0000 488d | b678 0100 | 0048 85c0 | 750a f606 | 0175 05f0 | 4883 0e01 
  0x00007f7654f58e74: ;   {metadata(method data for {method} {0x00007f76304670a0} 'invokeImpl' '(Ljava/lang/Object;[Ljava/lang/Object;)Ljava/lang/Object;' in 'jdk/internal/reflect/DirectMethodHandleAccessor')}
  0x00007f7654f58e74: 48be 4044 | bd30 767f | 0000 ff86 | 8801 0000 | 4881 c420 | 0100 005d 

  0x00007f7654f58e8c: ;   {poll_return}
  0x00007f7654f58e8c: 493b 6728 | 0f87 e607 

  0x00007f7654f58e94: ;   {metadata(method data for {method} {0x00007f763036ab40} 'checkExactType' '(Ljava/lang/invoke/MethodHandle;Ljava/lang/invoke/MethodType;)V' in 'java/lang/invoke/Invokers')}
  0x00007f7654f58e94: 0000 c348 | be28 66bc | 3076 7f00 | 0048 8386 | 2801 0000 

  0x00007f7654f58ea8: ;   {oop(a 'java/lang/invoke/MethodType'{0x00000000c0102e10} = (Ljava/lang/Object;)Ljava/lang/Object;)}
  0x00007f7654f58ea8: 0148 b810 | 2e10 c000 | 0000 0048 | 8bf3 488b | d066 0f1f 

  0x00007f7654f58ebc: ;   {static_call}
  0x00007f7654f58ebc: 4400 00e8 

  0x00007f7654f58ec0: ; ImmutableOopMap {[168]=Oop [184]=Oop [216]=Oop }
                      ;*invokestatic newWrongMethodTypeException {reexecute=0 rethrow=0 return_oop=0}
                      ; - java.lang.invoke.Invokers::checkExactType@12
                      ; - java.lang.invoke.Invokers$Holder::invokeExact_MT@10
                      ; - jdk.internal.reflect.DirectMethodHandleAccessor::invokeImpl@41
                      ; - jdk.internal.reflect.DirectMethodHandleAccessor::invoke@23
  0x00007f7654f58ec0: 1cc6 4207 

  0x00007f7654f58ec4: ;   {post_call_nop}
  0x00007f7654f58ec4: 0f1f 8400 | bc13 0009 

  0x00007f7654f58ecc: ; implicit exception: dispatches to 0x00007f7654f59692
                      ; ImmutableOopMap {rax=Oop [168]=Oop [184]=Oop [216]=Oop }
                      ;*athrow {reexecute=1 rethrow=0 return_oop=0}
                      ; - (reexecute) java.lang.invoke.Invokers::checkExactType@15
                      ; - java.lang.invoke.Invokers$Holder::invokeExact_MT@10
                      ; - jdk.internal.reflect.DirectMethodHandleAccessor::invokeImpl@41
                      ; - jdk.internal.reflect.DirectMethodHandleAccessor::invoke@23
                      ;   {section_word}
  0x00007f7654f58ecc: 483b 0048 | bacf 8ef5 | 5476 7f00 

  0x00007f7654f58ed8: ;   {runtime_call C1 Runtime handle_exception_nofpu_blob}
  0x00007f7654f58ed8: 00e8 024b 

  0x00007f7654f58edc: ;   {metadata(method data for {method} {0x00007f763036ab40} 'checkExactType' '(Ljava/lang/invoke/MethodHandle;Ljava/lang/invoke/MethodType;)V' in 'java/lang/invoke/Invokers')}
  0x00007f7654f58edc: 5007 9048 | be28 66bc | 3076 7f00 | 0048 8386 | 2801 0000 

  0x00007f7654f58ef0: ;   {oop(a 'java/lang/invoke/MethodType'{0x00000000c0100710} = (Ljava/lang/Object;Ljava/lang/Object;Ljava/lang/Object;)Ljava/lang/Object;)}
  0x00007f7654f58ef0: 0149 b810 | 0710 c000 | 0000 0048 | 8bf1 498b | d066 0f1f 

  0x00007f7654f58f04: ;   {static_call}
  0x00007f7654f58f04: 4400 00e8 

  0x00007f7654f58f08: ; ImmutableOopMap {[168]=Oop [184]=Oop [192]=Oop [200]=Oop [208]=Oop }
                      ;*invokestatic newWrongMethodTypeException {reexecute=0 rethrow=0 return_oop=0}
                      ; - java.lang.invoke.Invokers::checkExactType@12
                      ; - java.lang.invoke.LambdaForm$MH/0x0000000073146c00::invokeExact_MT@11
                      ; - jdk.internal.reflect.DirectMethodHandleAccessor::invokeImpl@72
                      ; - jdk.internal.reflect.DirectMethodHandleAccessor::invoke@23
  0x00007f7654f58f08: d4c5 4207 

  0x00007f7654f58f0c: ;   {post_call_nop}
  0x00007f7654f58f0c: 0f1f 8400 | 0414 000b 

  0x00007f7654f58f14: ; implicit exception: dispatches to 0x00007f7654f59697
                      ; ImmutableOopMap {rax=Oop [168]=Oop [184]=Oop [192]=Oop [200]=Oop [208]=Oop }
                      ;*athrow {reexecute=1 rethrow=0 return_oop=0}
                      ; - (reexecute) java.lang.invoke.Invokers::checkExactType@15
                      ; - java.lang.invoke.LambdaForm$MH/0x0000000073146c00::invokeExact_MT@11
                      ; - jdk.internal.reflect.DirectMethodHandleAccessor::invokeImpl@72
                      ; - jdk.internal.reflect.DirectMethodHandleAccessor::invoke@23
                      ;   {section_word}
  0x00007f7654f58f14: 483b 0048 | ba17 8ff5 | 5476 7f00 

  0x00007f7654f58f20: ;   {runtime_call C1 Runtime handle_exception_nofpu_blob}
  0x00007f7654f58f20: 00e8 ba4a | 5007 9049 | 8b87 e005 | 0000 4d33 | d24d 8997 | e005 0000 | 4d33 d24d | 8997 e805 
  0x00007f7654f58f40: 0000 488b | b424 a800 

  0x00007f7654f58f48: ;   {metadata(method data for {method} {0x00007f7630466dc8} 'invoke' '(Ljava/lang/Object;[Ljava/lang/Object;)Ljava/lang/Object;' in 'jdk/internal/reflect/DirectMethodHandleAccessor')}
  0x00007f7654f58f48: 0000 48ba | 983b bd30 | 767f 0000 | 4883 8208 | 0200 0001 

  0x00007f7654f58f5c: ;   {metadata(method data for {method} {0x00007f7630467438} 'isIllegalArgument' '(Ljava/lang/RuntimeException;)Z' in 'jdk/internal/reflect/DirectMethodHandleAccessor')}
  0x00007f7654f58f5c: 48be b886 | bd30 767f | 0000 8b96 | 9000 0000 | 83c2 0289 | 9690 0000 | 0081 e2fe | ff1f 0085 
  0x00007f7654f58f7c: d20f 8419 

  0x00007f7654f58f80: ;   {oop(a 'java/lang/Class'{0x00000000c02d31e0} = 'jdk/internal/reflect/DirectMethodHandleAccessor')}
  0x00007f7654f58f80: 0700 0048 | bee0 312d | c000 0000 | 0048 8bd0 | 4889 8424 | e000 0000 | 0f1f 8000 

  0x00007f7654f58f9c: ;   {static_call}
  0x00007f7654f58f9c: 0000 00e8 

  0x00007f7654f58fa0: ; ImmutableOopMap {[224]=Oop }
                      ;*invokestatic isIllegalArgument {reexecute=0 rethrow=0 return_oop=0}
                      ; - jdk.internal.reflect.DirectMethodHandleAccessor::isIllegalArgument@3
                      ; - jdk.internal.reflect.DirectMethodHandleAccessor::invoke@58
  0x00007f7654f58fa0: 3cc5 4207 

  0x00007f7654f58fa4: ;   {post_call_nop}
  0x00007f7654f58fa4: 0f1f 8400 | 9c14 000d | 83e0 0185 

  0x00007f7654f58fb0: ;   {metadata(method data for {method} {0x00007f7630466dc8} 'invoke' '(Ljava/lang/Object;[Ljava/lang/Object;)Ljava/lang/Object;' in 'jdk/internal/reflect/DirectMethodHandleAccessor')}
  0x00007f7654f58fb0: c048 b898 | 3bbd 3076 | 7f00 00be | 3802 0000 | 7405 be48 | 0200 0048 | 8b14 3048 | 8d52 0148 
  0x00007f7654f58fd0: 8914 300f | 8488 0200 | 00e9 eb01 | 0000 488b | b424 a800 | 0000 498b | 87e0 0500 | 004d 33d2 
  0x00007f7654f58ff0: 4d89 97e0 | 0500 004d | 33d2 4d89 | 97e8 0500 

  0x00007f7654f59000: ;   {metadata(method data for {method} {0x00007f7630466dc8} 'invoke' '(Ljava/lang/Object;[Ljava/lang/Object;)Ljava/lang/Object;' in 'jdk/internal/reflect/DirectMethodHandleAccessor')}
  0x00007f7654f59000: 0048 ba98 | 3bbd 3076 | 7f00 0048 | 8382 9801 

  0x00007f7654f59010: ;   {metadata(method data for {method} {0x00007f7630467438} 'isIllegalArgument' '(Ljava/lang/RuntimeException;)Z' in 'jdk/internal/reflect/DirectMethodHandleAccessor')}
  0x00007f7654f59010: 0000 0148 | beb8 86bd | 3076 7f00 | 008b 9690 | 0000 0083 | c202 8996 | 9000 0000 | 81e2 feff 
  0x00007f7654f59030: 1f00 85d2 | 0f84 8306 

  0x00007f7654f59038: ;   {oop(a 'java/lang/Class'{0x00000000c02d31e0} = 'jdk/internal/reflect/DirectMethodHandleAccessor')}
  0x00007f7654f59038: 0000 48be | e031 2dc0 | 0000 0000 | 488b d048 | 8984 24e8 

  0x00007f7654f5904c: ;   {static_call}
  0x00007f7654f5904c: 0000 00e8 

  0x00007f7654f59050: ; ImmutableOopMap {[232]=Oop }
                      ;*invokestatic isIllegalArgument {reexecute=0 rethrow=0 return_oop=0}
                      ; - jdk.internal.reflect.DirectMethodHandleAccessor::isIllegalArgument@3
                      ; - jdk.internal.reflect.DirectMethodHandleAccessor::invoke@30
  0x00007f7654f59050: 8cc4 4207 

  0x00007f7654f59054: ;   {post_call_nop}
  0x00007f7654f59054: 0f1f 8400 | 4c15 000e | 83e0 0185 

  0x00007f7654f59060: ;   {metadata(method data for {method} {0x00007f7630466dc8} 'invoke' '(Ljava/lang/Object;[Ljava/lang/Object;)Ljava/lang/Object;' in 'jdk/internal/reflect/DirectMethodHandleAccessor')}
  0x00007f7654f59060: c048 ba98 | 3bbd 3076 | 7f00 00be | c801 0000 | 7405 bed8 | 0100 0048 | 8b3c 3248 | 8d7f 0148 
  0x00007f7654f59080: 893c 320f | 8498 0000 | 000f 1f80 | 0000 0000 

  0x00007f7654f59090: ;   {other}
  0x00007f7654f59090: e958 0600 | 0000 0000 | 0000 498b | 87c8 0100 | 0048 8d78 | 2849 3bbf | d801 0000 | 0f87 4506 
  0x00007f7654f590b0: 0000 4989 | bfc8 0100 | 0048 c700 | 0100 0000 | 488b ca89 | 4808 4833 | c989 480c | 4833 c948 
  0x00007f7654f590d0: 8948 1048 | 8948 1848 | 8948 2048 

  0x00007f7654f590dc: ;   {metadata(method data for {method} {0x00007f7630466dc8} 'invoke' '(Ljava/lang/Object;[Ljava/lang/Object;)Ljava/lang/Object;' in 'jdk/internal/reflect/DirectMethodHandleAccessor')}
  0x00007f7654f590dc: 8bd0 48be | 983b bd30 | 767f 0000 | 4883 86e8 | 0100 0001 

  0x00007f7654f590f0: ;   {oop("argument type mismatch"{0x00000000c02d3270})}
  0x00007f7654f590f0: 48ba 7032 | 2dc0 0000 | 0000 488b | f048 8984 | 24f0 0000 

  0x00007f7654f59104: ;   {optimized virtual_call}
  0x00007f7654f59104: 0066 90e8 

  0x00007f7654f59108: ; ImmutableOopMap {[240]=Oop }
                      ;*invokespecial <init> {reexecute=0 rethrow=0 return_oop=0}
                      ; - jdk.internal.reflect.DirectMethodHandleAccessor::invoke@42
  0x00007f7654f59108: d4b9 4207 

  0x00007f7654f5910c: ;   {post_call_nop}
  0x00007f7654f5910c: 0f1f 8400 | 0416 000f | 488b 8424 | f000 0000 | e9a7 0600 | 0048 8b9c | 24e8 0000 | 000f 1f80 
  0x00007f7654f5912c: 0000 0000 

  0x00007f7654f59130: ;   {other}
  0x00007f7654f59130: e9de 0500 | 0000 0000 | 0000 80ba | 3001 0000 | 040f 85db | 0500 0049 | 8b87 c801 | 0000 488d 
  0x00007f7654f59150: 7828 493b | bfd8 0100 | 000f 87c3 | 0500 0049 | 89bf c801 | 0000 48c7 | 0001 0000 | 0048 8bca 
  0x00007f7654f59170: 8948 0848 | 33c9 8948 | 0c48 33c9 | 4889 4810 | 4889 4818 | 4889 4820 

  0x00007f7654f59188: ;   {metadata(method data for {method} {0x00007f7630466dc8} 'invoke' '(Ljava/lang/Object;[Ljava/lang/Object;)Ljava/lang/Object;' in 'jdk/internal/reflect/DirectMethodHandleAccessor')}
  0x00007f7654f59188: 488b d048 | be98 3bbd | 3076 7f00 | 0048 8386 | f801 0000 | 0148 8bd3 | 488b f048 | 8984 24f8 
  0x00007f7654f591a8: 0000 000f 

  0x00007f7654f591ac: ;   {optimized virtual_call}
  0x00007f7654f591ac: 1f40 00e8 

  0x00007f7654f591b0: ; ImmutableOopMap {[248]=Oop }
                      ;*invokespecial <init> {reexecute=0 rethrow=0 return_oop=0}
                      ; - jdk.internal.reflect.DirectMethodHandleAccessor::invoke@51
  0x00007f7654f591b0: 2cb9 4207 

  0x00007f7654f591b4: ;   {post_call_nop}
  0x00007f7654f591b4: 0f1f 8400 | ac16 0010 | 488b 8424 | f800 0000 | e9ff 0500 | 000f 1f80 | 0000 0000 

  0x00007f7654f591d0: ;   {other}
  0x00007f7654f591d0: e969 0500 | 0000 0000 | 0000 498b | 87c8 0100 | 0048 8d78 | 2849 3bbf | d801 0000 | 0f87 5605 
  0x00007f7654f591f0: 0000 4989 | bfc8 0100 | 0048 c700 | 0100 0000 | 488b ca89 | 4808 4833 | c989 480c | 4833 c948 
  0x00007f7654f59210: 8948 1048 | 8948 1848 | 8948 2048 

  0x00007f7654f5921c: ;   {metadata(method data for {method} {0x00007f7630466dc8} 'invoke' '(Ljava/lang/Object;[Ljava/lang/Object;)Ljava/lang/Object;' in 'jdk/internal/reflect/DirectMethodHandleAccessor')}
  0x00007f7654f5921c: 8bd0 48be | 983b bd30 | 767f 0000 | 4883 8658 | 0200 0001 | 488b 9424 | e000 0000 | 488b f048 
  0x00007f7654f5923c: 8984 2400 | 0100 000f 

  0x00007f7654f59244: ;   {optimized virtual_call}
  0x00007f7654f59244: 1f40 00e8 

  0x00007f7654f59248: ; ImmutableOopMap {[256]=Oop }
                      ;*invokespecial <init> {reexecute=0 rethrow=0 return_oop=0}
                      ; - jdk.internal.reflect.DirectMethodHandleAccessor::invoke@69
  0x00007f7654f59248: 94b8 4207 

  0x00007f7654f5924c: ;   {post_call_nop}
  0x00007f7654f5924c: 0f1f 8400 | 4417 0011 | 488b 8424 | 0001 0000 | e967 0500 | 0048 8b9c | 24e0 0000 | 000f 1f80 
  0x00007f7654f5926c: 0000 0000 

  0x00007f7654f59270: ;   {other}
  0x00007f7654f59270: e9ef 0400 | 0000 0000 | 0000 80ba | 3001 0000 | 040f 85ec | 0400 0049 | 8b87 c801 | 0000 488d 
  0x00007f7654f59290: 7828 493b | bfd8 0100 | 000f 87d4 | 0400 0049 | 89bf c801 | 0000 48c7 | 0001 0000 | 0048 8bca 
  0x00007f7654f592b0: 8948 0848 | 33c9 8948 | 0c48 33c9 | 4889 4810 | 4889 4818 | 4889 4820 

  0x00007f7654f592c8: ;   {metadata(method data for {method} {0x00007f7630466dc8} 'invoke' '(Ljava/lang/Object;[Ljava/lang/Object;)Ljava/lang/Object;' in 'jdk/internal/reflect/DirectMethodHandleAccessor')}
  0x00007f7654f592c8: 488b d048 | be98 3bbd | 3076 7f00 | 0048 8386 | 6802 0000 | 0148 8bd3 | 488b f048 | 8984 2408 
  0x00007f7654f592e8: 0100 000f 

  0x00007f7654f592ec: ;   {optimized virtual_call}
  0x00007f7654f592ec: 1f40 00e8 

  0x00007f7654f592f0: ; ImmutableOopMap {[264]=Oop }
                      ;*invokespecial <init> {reexecute=0 rethrow=0 return_oop=0}
                      ; - jdk.internal.reflect.DirectMethodHandleAccessor::invoke@78
  0x00007f7654f592f0: ecb7 4207 

  0x00007f7654f592f4: ;   {post_call_nop}
  0x00007f7654f592f4: 0f1f 8400 | ec17 0012 | 488b 8424 | 0801 0000 | e9bf 0400 | 0049 8b87 | e005 0000 | 4d33 d24d 
  0x00007f7654f59314: 8997 e005 | 0000 4d33 | d24d 8997 | e805 0000 | 488b d890 

  0x00007f7654f59328: ;   {metadata('java/lang/reflect/InvocationTargetException')}
  0x00007f7654f59328: 48ba a054 | 0d73 0000 | 0000 80ba | 3001 0000 | 040f 855f | 0400 0049 | 8b87 c801 | 0000 488d 
  0x00007f7654f59348: 7828 493b | bfd8 0100 | 000f 8747 | 0400 0049 | 89bf c801 | 0000 48c7 | 0001 0000 | 0048 8bca 
  0x00007f7654f59368: 8948 0848 | 33c9 8948 | 0c48 33c9 | 4889 4810 | 4889 4818 | 4889 4820 

  0x00007f7654f59380: ;   {metadata(method data for {method} {0x00007f7630466dc8} 'invoke' '(Ljava/lang/Object;[Ljava/lang/Object;)Ljava/lang/Object;' in 'jdk/internal/reflect/DirectMethodHandleAccessor')}
  0x00007f7654f59380: 488b d048 | be98 3bbd | 3076 7f00 | 0048 8386 | 7802 0000 | 0148 8bd3 | 488b f048 | 8984 2410 
  0x00007f7654f593a0: 0100 000f 

  0x00007f7654f593a4: ;   {optimized virtual_call}
  0x00007f7654f593a4: 1f40 00e8 

  0x00007f7654f593a8: ; ImmutableOopMap {[272]=Oop }
                      ;*invokespecial <init> {reexecute=0 rethrow=0 return_oop=0}
                      ; - jdk.internal.reflect.DirectMethodHandleAccessor::invoke@88
  0x00007f7654f593a8: a104 0000 

  0x00007f7654f593ac: ;   {post_call_nop}
  0x00007f7654f593ac: 0f1f 8400 | a418 0013 | 488b 8424 | 1001 0000 | e907 0400 

  0x00007f7654f593c0: ;   {metadata({method} {0x00007f7630466dc8} 'invoke' '(Ljava/lang/Object;[Ljava/lang/Object;)Ljava/lang/Object;' in 'jdk/internal/reflect/DirectMethodHandleAccessor')}
  0x00007f7654f593c0: 0049 bac8 | 6d46 3076 | 7f00 004c | 8954 2408 | 48c7 0424 | ffff ffff 

  0x00007f7654f593d8: ;   {runtime_call C1 Runtime counter_overflow_blob}
  0x00007f7654f593d8: e803 8a50 

  0x00007f7654f593dc: ; ImmutableOopMap {rsi=Oop rdx=Oop rcx=Oop [168]=Oop [184]=Oop }
                      ;*synchronization entry
                      ; - jdk.internal.reflect.DirectMethodHandleAccessor::invoke@-1
  0x00007f7654f593dc: 07e9 94e8 

  0x00007f7654f593e0: ;   {metadata({method} {0x00007f76304672d8} 'isStatic' '()Z' in 'jdk/internal/reflect/DirectMethodHandleAccessor')}
  0x00007f7654f593e0: ffff 49ba | d872 4630 | 767f 0000 | 4c89 5424 | 0848 c704 | 24ff ffff 

  0x00007f7654f593f8: ;   {runtime_call C1 Runtime counter_overflow_blob}
  0x00007f7654f593f8: ffe8 e289 

  0x00007f7654f593fc: ; ImmutableOopMap {rsi=Oop rdx=Oop rcx=Oop [168]=Oop [184]=Oop }
                      ;*synchronization entry
                      ; - jdk.internal.reflect.DirectMethodHandleAccessor::isStatic@-1
                      ; - jdk.internal.reflect.DirectMethodHandleAccessor::invoke@1
  0x00007f7654f593fc: 5007 e9af 

  0x00007f7654f59400: ;   {metadata({method} {0x00007f76304670a0} 'invokeImpl' '(Ljava/lang/Object;[Ljava/lang/Object;)Ljava/lang/Object;' in 'jdk/internal/reflect/DirectMethodHandleAccessor')}
  0x00007f7654f59400: e8ff ff49 | baa0 7046 | 3076 7f00 | 004c 8954 | 2408 48c7 | 0424 ffff 

  0x00007f7654f59418: ;   {runtime_call C1 Runtime counter_overflow_blob}
  0x00007f7654f59418: ffff e8c1 

  0x00007f7654f5941c: ; ImmutableOopMap {rsi=Oop [168]=Oop [176]=Oop [184]=Oop }
                      ;*synchronization entry
                      ; - jdk.internal.reflect.DirectMethodHandleAccessor::invokeImpl@-1
                      ; - jdk.internal.reflect.DirectMethodHandleAccessor::invoke@23
  0x00007f7654f5941c: 8950 07e9 | c4e9 ffff | 49b8 0000 | 0000 0000 | 0000 b800 

  0x00007f7654f59430: ;   {runtime_call C1 Runtime load_appendix_patching_blob}
  0x00007f7654f59430: 0f05 0ae8 

  0x00007f7654f59434: ; ImmutableOopMap {rsi=Oop rdx=Oop rcx=Oop rdi=Oop [168]=Oop [184]=Oop }
                      ;*invokevirtual invokeExact {reexecute=1 rethrow=0 return_oop=0}
                      ; - (reexecute) jdk.internal.reflect.DirectMethodHandleAccessor::invokeImpl@104
                      ; - jdk.internal.reflect.DirectMethodHandleAccessor::invoke@23
  0x00007f7654f59434: a880 5007 | e94b eaff 

  0x00007f7654f5943c: ;   {runtime_call C1 Runtime throw_null_pointer_exception_blob}
  0x00007f7654f5943c: ffe8 1e2a 

  0x00007f7654f59440: ; ImmutableOopMap {rsi=Oop rdx=Oop rcx=Oop rdi=Oop r8=Oop [168]=Oop [184]=Oop }
                      ;*invokevirtual invokeExact {reexecute=0 rethrow=0 return_oop=0}
                      ; - jdk.internal.reflect.DirectMethodHandleAccessor::invokeImpl@104
                      ; - jdk.internal.reflect.DirectMethodHandleAccessor::invoke@23
                      ;   {internal_word}
  0x00007f7654f59440: 5007 49ba | 3e80 f554 | 767f 0000 | 4d89 9738 

  0x00007f7654f59450: ;   {runtime_call SafepointBlob}
  0x00007f7654f59450: 0500 00e9 | 08e7 4207 

  0x00007f7654f59458: ;   {runtime_call C1 Runtime throw_null_pointer_exception_blob}
  0x00007f7654f59458: e803 2a50 

  0x00007f7654f5945c: ; ImmutableOopMap {rsi=Oop rdx=Oop rcx=Oop rbx=Oop [168]=Oop [184]=Oop }
                      ;*aaload {reexecute=0 rethrow=0 return_oop=0}
                      ; - jdk.internal.reflect.DirectMethodHandleAccessor::invokeImpl@85
                      ; - jdk.internal.reflect.DirectMethodHandleAccessor::invoke@23
                      ;   {runtime_call C1 Runtime throw_null_pointer_exception_blob}
  0x00007f7654f5945c: 07e8 fe29 

  0x00007f7654f59460: ; ImmutableOopMap {rsi=Oop rdx=Oop rcx=Oop rbx=Oop [168]=Oop [184]=Oop }
                      ;*aaload {reexecute=0 rethrow=0 return_oop=0}
                      ; - jdk.internal.reflect.DirectMethodHandleAccessor::invokeImpl@85
                      ; - jdk.internal.reflect.DirectMethodHandleAccessor::invoke@23
  0x00007f7654f59460: 5007 48c7 | 0424 0000 | 0000 4889 

  0x00007f7654f5946c: ;   {runtime_call C1 Runtime throw_range_check_failed_blob}
  0x00007f7654f5946c: 4c24 08e8 

  0x00007f7654f59470: ; ImmutableOopMap {rsi=Oop rdx=Oop rcx=Oop rbx=Oop [168]=Oop [184]=Oop }
                      ;*aaload {reexecute=0 rethrow=0 return_oop=0}
                      ; - jdk.internal.reflect.DirectMethodHandleAccessor::invokeImpl@85
                      ; - jdk.internal.reflect.DirectMethodHandleAccessor::invoke@23
  0x00007f7654f59470: ec20 5007 | 48c7 0424 | 0100 0000 | 4889 4c24 

  0x00007f7654f59480: ;   {runtime_call C1 Runtime throw_range_check_failed_blob}
  0x00007f7654f59480: 08e8 da20 

  0x00007f7654f59484: ; ImmutableOopMap {rsi=Oop rdx=Oop rcx=Oop rbx=Oop r8=Oop [168]=Oop [184]=Oop }
                      ;*aaload {reexecute=0 rethrow=0 return_oop=0}
                      ; - jdk.internal.reflect.DirectMethodHandleAccessor::invokeImpl@88
                      ; - jdk.internal.reflect.DirectMethodHandleAccessor::invoke@23
  0x00007f7654f59484: 5007 48c7 | 0424 0200 | 0000 4889 

  0x00007f7654f59490: ;   {runtime_call C1 Runtime throw_range_check_failed_blob}
  0x00007f7654f59490: 4c24 08e8 

  0x00007f7654f59494: ; ImmutableOopMap {rsi=Oop rdx=Oop rcx=Oop rbx=Oop r8=Oop r9=Oop [168]=Oop [184]=Oop }
                      ;*aaload {reexecute=0 rethrow=0 return_oop=0}
                      ; - jdk.internal.reflect.DirectMethodHandleAccessor::invokeImpl@91
                      ; - jdk.internal.reflect.DirectMethodHandleAccessor::invoke@23
  0x00007f7654f59494: c820 5007 | 48b8 7035 | 14c0 0000 | 0000 b800 

  0x00007f7654f594a4: ;   {runtime_call C1 Runtime load_appendix_patching_blob}
  0x00007f7654f594a4: 0f05 0ae8 

  0x00007f7654f594a8: ; ImmutableOopMap {rsi=Oop rdx=Oop rbx=Oop r8=Oop r9=Oop rdi=Oop [168]=Oop [184]=Oop }
                      ;*invokevirtual invokeExact {reexecute=1 rethrow=0 return_oop=0}
                      ; - (reexecute) jdk.internal.reflect.DirectMethodHandleAccessor::invokeImpl@92
                      ; - jdk.internal.reflect.DirectMethodHandleAccessor::invoke@23
  0x00007f7654f594a8: 3480 5007 | e9d7 ebff 

  0x00007f7654f594b0: ;   {runtime_call C1 Runtime throw_null_pointer_exception_blob}
  0x00007f7654f594b0: ffe8 aa29 

  0x00007f7654f594b4: ; ImmutableOopMap {rsi=Oop rdx=Oop rbx=Oop r8=Oop r9=Oop rdi=Oop rax=Oop [168]=Oop [184]=Oop }
                      ;*invokevirtual invokeExact {reexecute=0 rethrow=0 return_oop=0}
                      ; - jdk.internal.reflect.DirectMethodHandleAccessor::invokeImpl@92
                      ; - jdk.internal.reflect.DirectMethodHandleAccessor::invoke@23
                      ;   {internal_word}
  0x00007f7654f594b4: 5007 49ba | 5f82 f554 | 767f 0000 | 4d89 9738 

  0x00007f7654f594c4: ;   {runtime_call SafepointBlob}
  0x00007f7654f594c4: 0500 00e9 | 94e6 4207 

  0x00007f7654f594cc: ;   {runtime_call C1 Runtime throw_null_pointer_exception_blob}
  0x00007f7654f594cc: e88f 2950 

  0x00007f7654f594d0: ; ImmutableOopMap {rsi=Oop rcx=Oop rdx=Oop rdi=Oop [168]=Oop [184]=Oop [200]=Oop }
                      ;*aaload {reexecute=0 rethrow=0 return_oop=0}
                      ; - jdk.internal.reflect.DirectMethodHandleAccessor::invokeImpl@68
                      ; - jdk.internal.reflect.DirectMethodHandleAccessor::invoke@23
                      ;   {runtime_call C1 Runtime throw_null_pointer_exception_blob}
  0x00007f7654f594d0: 07e8 8a29 

  0x00007f7654f594d4: ; ImmutableOopMap {rsi=Oop rcx=Oop rdx=Oop rdi=Oop [168]=Oop [184]=Oop [200]=Oop }
                      ;*aaload {reexecute=0 rethrow=0 return_oop=0}
                      ; - jdk.internal.reflect.DirectMethodHandleAccessor::invokeImpl@68
                      ; - jdk.internal.reflect.DirectMethodHandleAccessor::invoke@23
  0x00007f7654f594d4: 5007 48c7 | 0424 0000 | 0000 4889 

  0x00007f7654f594e0: ;   {runtime_call C1 Runtime throw_range_check_failed_blob}
  0x00007f7654f594e0: 4c24 08e8 

  0x00007f7654f594e4: ; ImmutableOopMap {rsi=Oop rcx=Oop rdx=Oop rdi=Oop [168]=Oop [184]=Oop [200]=Oop }
                      ;*aaload {reexecute=0 rethrow=0 return_oop=0}
                      ; - jdk.internal.reflect.DirectMethodHandleAccessor::invokeImpl@68
                      ; - jdk.internal.reflect.DirectMethodHandleAccessor::invoke@23
  0x00007f7654f594e4: 7820 5007 | 48c7 0424 | 0100 0000 | 4889 4c24 

  0x00007f7654f594f4: ;   {runtime_call C1 Runtime throw_range_check_failed_blob}
  0x00007f7654f594f4: 08e8 6620 

  0x00007f7654f594f8: ; ImmutableOopMap {rsi=Oop rcx=Oop rdx=Oop rdi=Oop rbx=Oop [168]=Oop [184]=Oop [192]=Oop [200]=Oop }
                      ;*aaload {reexecute=0 rethrow=0 return_oop=0}
                      ; - jdk.internal.reflect.DirectMethodHandleAccessor::invokeImpl@71
                      ; - jdk.internal.reflect.DirectMethodHandleAccessor::invoke@23
                      ;   {metadata({method} {0x00007f7630b19ab0} 'invokeExact_MT' '(Ljava/lang/Object;Ljava/lang/Object;Ljava/lang/Object;Ljava/lang/Object;Ljava/lang/Object;)Ljava/lang/Object;' in 'java/lang/invoke/LambdaForm$MH+0x0000000073146c00')}
  0x00007f7654f594f8: 5007 49ba | b09a b130 | 767f 0000 | 4c89 5424 | 0848 c704 | 24ff ffff 

  0x00007f7654f59510: ;   {runtime_call C1 Runtime counter_overflow_blob}
  0x00007f7654f59510: ffe8 ca88 

  0x00007f7654f59514: ; ImmutableOopMap {rsi=Oop rdx=Oop rdi=Oop rbx=Oop rax=Oop [168]=Oop [184]=Oop [192]=Oop [200]=Oop [208]=Oop }
                      ;*synchronization entry
                      ; - java.lang.invoke.LambdaForm$MH/0x0000000073146c00::invokeExact_MT@-1
                      ; - jdk.internal.reflect.DirectMethodHandleAccessor::invokeImpl@72
                      ; - jdk.internal.reflect.DirectMethodHandleAccessor::invoke@23
  0x00007f7654f59514: 5007 e9e3 

  0x00007f7654f59518: ;   {metadata({method} {0x00007f763036ab40} 'checkExactType' '(Ljava/lang/invoke/MethodHandle;Ljava/lang/invoke/MethodType;)V' in 'java/lang/invoke/Invokers')}
  0x00007f7654f59518: eeff ff49 | ba40 ab36 | 3076 7f00 | 004c 8954 | 2408 48c7 | 0424 ffff 

  0x00007f7654f59530: ;   {runtime_call C1 Runtime counter_overflow_blob}
  0x00007f7654f59530: ffff e8a9 

  0x00007f7654f59534: ; ImmutableOopMap {rsi=Oop rdx=Oop rdi=Oop rbx=Oop rax=Oop [168]=Oop [184]=Oop [192]=Oop [200]=Oop [208]=Oop }
                      ;*synchronization entry
                      ; - java.lang.invoke.Invokers::checkExactType@-1
                      ; - java.lang.invoke.LambdaForm$MH/0x0000000073146c00::invokeExact_MT@11
                      ; - jdk.internal.reflect.DirectMethodHandleAccessor::invokeImpl@72
                      ; - jdk.internal.reflect.DirectMethodHandleAccessor::invoke@23
  0x00007f7654f59534: 8850 07e9 | 63ef ffff 

  0x00007f7654f5953c: ;   {runtime_call C1 Runtime throw_null_pointer_exception_blob}
  0x00007f7654f5953c: e81f 2950 

  0x00007f7654f59540: ; ImmutableOopMap {rsi=Oop rdx=Oop rdi=Oop rbx=Oop rax=Oop [168]=Oop [184]=Oop [192]=Oop [200]=Oop [208]=Oop }
                      ;*invokevirtual type {reexecute=0 rethrow=0 return_oop=0}
                      ; - java.lang.invoke.Invokers::checkExactType@1
                      ; - java.lang.invoke.LambdaForm$MH/0x0000000073146c00::invokeExact_MT@11
                      ; - jdk.internal.reflect.DirectMethodHandleAccessor::invokeImpl@72
                      ; - jdk.internal.reflect.DirectMethodHandleAccessor::invoke@23
                      ;   {metadata({method} {0x00007f763036b188} 'checkCustomized' '(Ljava/lang/invoke/MethodHandle;)V' in 'java/lang/invoke/Invokers')}
  0x00007f7654f59540: 0749 ba88 | b136 3076 | 7f00 004c | 8954 2408 | 48c7 0424 | ffff ffff 

  0x00007f7654f59558: ;   {runtime_call C1 Runtime counter_overflow_blob}
  0x00007f7654f59558: e883 8850 

  0x00007f7654f5955c: ; ImmutableOopMap {rsi=Oop rdx=Oop rdi=Oop rbx=Oop rax=Oop [168]=Oop [184]=Oop [192]=Oop [200]=Oop [208]=Oop }
                      ;*synchronization entry
                      ; - java.lang.invoke.Invokers::checkCustomized@-1
                      ; - java.lang.invoke.LambdaForm$MH/0x0000000073146c00::invokeExact_MT@15
                      ; - jdk.internal.reflect.DirectMethodHandleAccessor::invokeImpl@72
                      ; - jdk.internal.reflect.DirectMethodHandleAccessor::invoke@23
  0x00007f7654f5955c: 07e9 8ef0 

  0x00007f7654f59560: ;   {metadata({method} {0x00007f763008fb80} 'isCompileConstant' '(Ljava/lang/Object;)Z' in 'java/lang/invoke/MethodHandleImpl')}
  0x00007f7654f59560: ffff 49ba | 80fb 0830 | 767f 0000 | 4c89 5424 | 0848 c704 | 24ff ffff 

  0x00007f7654f59578: ;   {runtime_call C1 Runtime counter_overflow_blob}
  0x00007f7654f59578: ffe8 6288 

  0x00007f7654f5957c: ; ImmutableOopMap {rsi=Oop rdx=Oop rdi=Oop rbx=Oop rax=Oop [168]=Oop [184]=Oop [192]=Oop [200]=Oop [208]=Oop }
                      ;*synchronization entry
                      ; - java.lang.invoke.MethodHandleImpl::isCompileConstant@-1
                      ; - java.lang.invoke.Invokers::checkCustomized@1
                      ; - java.lang.invoke.LambdaForm$MH/0x0000000073146c00::invokeExact_MT@15
                      ; - jdk.internal.reflect.DirectMethodHandleAccessor::invokeImpl@72
                      ; - jdk.internal.reflect.DirectMethodHandleAccessor::invoke@23
  0x00007f7654f5957c: 5007 e9ab 

  0x00007f7654f59580: ;   {runtime_call C1 Runtime throw_null_pointer_exception_blob}
  0x00007f7654f59580: f0ff ffe8 

  0x00007f7654f59584: ; ImmutableOopMap {rsi=Oop rdx=Oop rdi=Oop rbx=Oop rax=Oop [168]=Oop [184]=Oop [192]=Oop [200]=Oop [208]=Oop }
                      ;*getfield customized {reexecute=1 rethrow=0 return_oop=0}
                      ; - (reexecute) java.lang.invoke.Invokers::checkCustomized@12
                      ; - java.lang.invoke.LambdaForm$MH/0x0000000073146c00::invokeExact_MT@15
                      ; - jdk.internal.reflect.DirectMethodHandleAccessor::invokeImpl@72
                      ; - jdk.internal.reflect.DirectMethodHandleAccessor::invoke@23
  0x00007f7654f59584: d828 5007 

  0x00007f7654f59588: ;   {internal_word}
  0x00007f7654f59588: 49ba d088 | f554 767f | 0000 4d89 | 9738 0500 

  0x00007f7654f59598: ;   {runtime_call SafepointBlob}
  0x00007f7654f59598: 00e9 c2e5 

  0x00007f7654f5959c: ;   {runtime_call C1 Runtime throw_null_pointer_exception_blob}
  0x00007f7654f5959c: 4207 e8bd 

  0x00007f7654f595a0: ; ImmutableOopMap {rsi=Oop rcx=Oop rdx=Oop rdi=Oop [168]=Oop [184]=Oop }
                      ;*aaload {reexecute=0 rethrow=0 return_oop=0}
                      ; - jdk.internal.reflect.DirectMethodHandleAccessor::invokeImpl@54
                      ; - jdk.internal.reflect.DirectMethodHandleAccessor::invoke@23
                      ;   {runtime_call C1 Runtime throw_null_pointer_exception_blob}
  0x00007f7654f595a0: 2850 07e8 

  0x00007f7654f595a4: ; ImmutableOopMap {rsi=Oop rcx=Oop rdx=Oop rdi=Oop [168]=Oop [184]=Oop }
                      ;*aaload {reexecute=0 rethrow=0 return_oop=0}
                      ; - jdk.internal.reflect.DirectMethodHandleAccessor::invokeImpl@54
                      ; - jdk.internal.reflect.DirectMethodHandleAccessor::invoke@23
  0x00007f7654f595a4: b828 5007 | 48c7 0424 | 0000 0000 | 4889 4c24 

  0x00007f7654f595b4: ;   {runtime_call C1 Runtime throw_range_check_failed_blob}
  0x00007f7654f595b4: 08e8 a61f 

  0x00007f7654f595b8: ; ImmutableOopMap {rsi=Oop rcx=Oop rdx=Oop rdi=Oop [168]=Oop [184]=Oop }
                      ;*aaload {reexecute=0 rethrow=0 return_oop=0}
                      ; - jdk.internal.reflect.DirectMethodHandleAccessor::invokeImpl@54
                      ; - jdk.internal.reflect.DirectMethodHandleAccessor::invoke@23
  0x00007f7654f595b8: 5007 49b8 | 38c4 f5c3 | 0000 0000 | b800 0f05 

  0x00007f7654f595c8: ;   {runtime_call C1 Runtime load_appendix_patching_blob}
  0x00007f7654f595c8: 0ae8 127f 

  0x00007f7654f595cc: ; ImmutableOopMap {rsi=Oop rdx=Oop rdi=Oop rcx=Oop [168]=Oop [184]=Oop }
                      ;*invokevirtual invokeExact {reexecute=1 rethrow=0 return_oop=0}
                      ; - (reexecute) jdk.internal.reflect.DirectMethodHandleAccessor::invokeImpl@55
                      ; - jdk.internal.reflect.DirectMethodHandleAccessor::invoke@23
  0x00007f7654f595cc: 5007 e92d 

  0x00007f7654f595d0: ;   {runtime_call C1 Runtime throw_null_pointer_exception_blob}
  0x00007f7654f595d0: f3ff ffe8 

  0x00007f7654f595d4: ; ImmutableOopMap {rsi=Oop rdx=Oop rdi=Oop rcx=Oop r8=Oop [168]=Oop [184]=Oop }
                      ;*invokevirtual invokeExact {reexecute=0 rethrow=0 return_oop=0}
                      ; - jdk.internal.reflect.DirectMethodHandleAccessor::invokeImpl@55
                      ; - jdk.internal.reflect.DirectMethodHandleAccessor::invoke@23
  0x00007f7654f595d4: 8828 5007 

  0x00007f7654f595d8: ;   {internal_word}
  0x00007f7654f595d8: 49ba c78a | f554 767f | 0000 4d89 | 9738 0500 

  0x00007f7654f595e8: ;   {runtime_call SafepointBlob}
  0x00007f7654f595e8: 00e9 72e5 

  0x00007f7654f595ec: ;   {metadata({method} {0x00007f76303c23c8} 'invokeExact_MT' '(Ljava/lang/Object;Ljava/lang/Object;Ljava/lang/Object;)Ljava/lang/Object;' in 'java/lang/invoke/Invokers$Holder')}
  0x00007f7654f595ec: 4207 49ba | c823 3c30 | 767f 0000 | 4c89 5424 | 0848 c704 | 24ff ffff 

  0x00007f7654f59604: ;   {runtime_call C1 Runtime counter_overflow_blob}
  0x00007f7654f59604: ffe8 d687 

  0x00007f7654f59608: ; ImmutableOopMap {rsi=Oop rdx=Oop rdi=Oop [168]=Oop [184]=Oop [216]=Oop }
                      ;*synchronization entry
                      ; - java.lang.invoke.Invokers$Holder::invokeExact_MT@-1
                      ; - jdk.internal.reflect.DirectMethodHandleAccessor::invokeImpl@41
                      ; - jdk.internal.reflect.DirectMethodHandleAccessor::invoke@23
  0x00007f7654f59608: 5007 e961 

  0x00007f7654f5960c: ;   {metadata({method} {0x00007f763036ab40} 'checkExactType' '(Ljava/lang/invoke/MethodHandle;Ljava/lang/invoke/MethodType;)V' in 'java/lang/invoke/Invokers')}
  0x00007f7654f5960c: f5ff ff49 | ba40 ab36 | 3076 7f00 | 004c 8954 | 2408 48c7 | 0424 ffff 

  0x00007f7654f59624: ;   {runtime_call C1 Runtime counter_overflow_blob}
  0x00007f7654f59624: ffff e8b5 

  0x00007f7654f59628: ; ImmutableOopMap {rsi=Oop rdx=Oop rdi=Oop [168]=Oop [184]=Oop [216]=Oop }
                      ;*synchronization entry
                      ; - java.lang.invoke.Invokers::checkExactType@-1
                      ; - java.lang.invoke.Invokers$Holder::invokeExact_MT@10
                      ; - jdk.internal.reflect.DirectMethodHandleAccessor::invokeImpl@41
                      ; - jdk.internal.reflect.DirectMethodHandleAccessor::invoke@23
  0x00007f7654f59628: 8750 07e9 | 9af5 ffff 

  0x00007f7654f59630: ;   {runtime_call C1 Runtime throw_null_pointer_exception_blob}
  0x00007f7654f59630: e82b 2850 

  0x00007f7654f59634: ; ImmutableOopMap {rsi=Oop rdx=Oop rdi=Oop [168]=Oop [184]=Oop [216]=Oop }
                      ;*invokevirtual type {reexecute=0 rethrow=0 return_oop=0}
                      ; - java.lang.invoke.Invokers::checkExactType@1
                      ; - java.lang.invoke.Invokers$Holder::invokeExact_MT@10
                      ; - jdk.internal.reflect.DirectMethodHandleAccessor::invokeImpl@41
                      ; - jdk.internal.reflect.DirectMethodHandleAccessor::invoke@23
                      ;   {metadata({method} {0x00007f763036b188} 'checkCustomized' '(Ljava/lang/invoke/MethodHandle;)V' in 'java/lang/invoke/Invokers')}
  0x00007f7654f59634: 0749 ba88 | b136 3076 | 7f00 004c | 8954 2408 | 48c7 0424 | ffff ffff 

  0x00007f7654f5964c: ;   {runtime_call C1 Runtime counter_overflow_blob}
  0x00007f7654f5964c: e88f 8750 

  0x00007f7654f59650: ; ImmutableOopMap {rsi=Oop rdx=Oop rdi=Oop [168]=Oop [184]=Oop [216]=Oop }
                      ;*synchronization entry
                      ; - java.lang.invoke.Invokers::checkCustomized@-1
                      ; - java.lang.invoke.Invokers$Holder::invokeExact_MT@14
                      ; - jdk.internal.reflect.DirectMethodHandleAccessor::invokeImpl@41
                      ; - jdk.internal.reflect.DirectMethodHandleAccessor::invoke@23
  0x00007f7654f59650: 07e9 6df6 

  0x00007f7654f59654: ;   {metadata({method} {0x00007f763008fb80} 'isCompileConstant' '(Ljava/lang/Object;)Z' in 'java/lang/invoke/MethodHandleImpl')}
  0x00007f7654f59654: ffff 49ba | 80fb 0830 | 767f 0000 | 4c89 5424 | 0848 c704 | 24ff ffff 

  0x00007f7654f5966c: ;   {runtime_call C1 Runtime counter_overflow_blob}
  0x00007f7654f5966c: ffe8 6e87 

  0x00007f7654f59670: ; ImmutableOopMap {rsi=Oop rdx=Oop rdi=Oop [168]=Oop [184]=Oop [216]=Oop }
                      ;*synchronization entry
                      ; - java.lang.invoke.MethodHandleImpl::isCompileConstant@-1
                      ; - java.lang.invoke.Invokers::checkCustomized@1
                      ; - java.lang.invoke.Invokers$Holder::invokeExact_MT@14
                      ; - jdk.internal.reflect.DirectMethodHandleAccessor::invokeImpl@41
                      ; - jdk.internal.reflect.DirectMethodHandleAccessor::invoke@23
  0x00007f7654f59670: 5007 e984 

  0x00007f7654f59674: ;   {runtime_call C1 Runtime throw_null_pointer_exception_blob}
  0x00007f7654f59674: f6ff ffe8 

  0x00007f7654f59678: ; ImmutableOopMap {rsi=Oop rdx=Oop rdi=Oop [168]=Oop [184]=Oop [216]=Oop }
                      ;*getfield customized {reexecute=1 rethrow=0 return_oop=0}
                      ; - (reexecute) java.lang.invoke.Invokers::checkCustomized@12
                      ; - java.lang.invoke.Invokers$Holder::invokeExact_MT@14
                      ; - jdk.internal.reflect.DirectMethodHandleAccessor::invokeImpl@41
                      ; - jdk.internal.reflect.DirectMethodHandleAccessor::invoke@23
  0x00007f7654f59678: e427 5007 

  0x00007f7654f5967c: ;   {internal_word}
  0x00007f7654f5967c: 49ba 8c8e | f554 767f | 0000 4d89 | 9738 0500 

  0x00007f7654f5968c: ;   {runtime_call SafepointBlob}
  0x00007f7654f5968c: 00e9 cee4 

  0x00007f7654f59690: ;   {runtime_call C1 Runtime throw_null_pointer_exception_blob}
  0x00007f7654f59690: 4207 e8c9 

  0x00007f7654f59694: ; ImmutableOopMap {rax=Oop [168]=Oop [184]=Oop [216]=Oop }
                      ;*athrow {reexecute=1 rethrow=0 return_oop=0}
                      ; - (reexecute) java.lang.invoke.Invokers::checkExactType@15
                      ; - java.lang.invoke.Invokers$Holder::invokeExact_MT@10
                      ; - jdk.internal.reflect.DirectMethodHandleAccessor::invokeImpl@41
                      ; - jdk.internal.reflect.DirectMethodHandleAccessor::invoke@23
                      ;   {runtime_call C1 Runtime throw_null_pointer_exception_blob}
  0x00007f7654f59694: 2750 07e8 

  0x00007f7654f59698: ; ImmutableOopMap {rax=Oop [168]=Oop [184]=Oop [192]=Oop [200]=Oop [208]=Oop }
                      ;*athrow {reexecute=1 rethrow=0 return_oop=0}
                      ; - (reexecute) java.lang.invoke.Invokers::checkExactType@15
                      ; - java.lang.invoke.LambdaForm$MH/0x0000000073146c00::invokeExact_MT@11
                      ; - jdk.internal.reflect.DirectMethodHandleAccessor::invokeImpl@72
                      ; - jdk.internal.reflect.DirectMethodHandleAccessor::invoke@23
  0x00007f7654f59698: c427 5007 

  0x00007f7654f5969c: ;   {metadata({method} {0x00007f7630467438} 'isIllegalArgument' '(Ljava/lang/RuntimeException;)Z' in 'jdk/internal/reflect/DirectMethodHandleAccessor')}
  0x00007f7654f5969c: 49ba 3874 | 4630 767f | 0000 4c89 | 5424 0848 | c704 24ff 

  0x00007f7654f596b0: ;   {runtime_call C1 Runtime counter_overflow_blob}
  0x00007f7654f596b0: ffff ffe8 

  0x00007f7654f596b4: ; ImmutableOopMap {rax=Oop }
                      ;*synchronization entry
                      ; - jdk.internal.reflect.DirectMethodHandleAccessor::isIllegalArgument@-1
                      ; - jdk.internal.reflect.DirectMethodHandleAccessor::invoke@58
  0x00007f7654f596b4: 2887 5007 | e9c6 f8ff 

  0x00007f7654f596bc: ;   {metadata({method} {0x00007f7630467438} 'isIllegalArgument' '(Ljava/lang/RuntimeException;)Z' in 'jdk/internal/reflect/DirectMethodHandleAccessor')}
  0x00007f7654f596bc: ff49 ba38 | 7446 3076 | 7f00 004c | 8954 2408 | 48c7 0424 | ffff ffff 

  0x00007f7654f596d4: ;   {runtime_call C1 Runtime counter_overflow_blob}
  0x00007f7654f596d4: e807 8750 

  0x00007f7654f596d8: ; ImmutableOopMap {rax=Oop }
                      ;*synchronization entry
                      ; - jdk.internal.reflect.DirectMethodHandleAccessor::isIllegalArgument@-1
                      ; - jdk.internal.reflect.DirectMethodHandleAccessor::invoke@30
  0x00007f7654f596d8: 07e9 5cf9 

  0x00007f7654f596dc: ;   {metadata(nullptr)}
  0x00007f7654f596dc: ffff 48ba | 0000 0000 | 0000 0000 | b800 0f05 

  0x00007f7654f596ec: ;   {runtime_call C1 Runtime load_klass_patching_blob}
  0x00007f7654f596ec: 0ae8 ee71 

  0x00007f7654f596f0: ; ImmutableOopMap {}
                      ;*new {reexecute=1 rethrow=0 return_oop=0}
                      ; - (reexecute) jdk.internal.reflect.DirectMethodHandleAccessor::invoke@36
  0x00007f7654f596f0: 5007 e999 | f9ff ff48 

  0x00007f7654f596f8: ;   {runtime_call C1 Runtime fast_new_instance_blob}
  0x00007f7654f596f8: 8bd2 e861 

  0x00007f7654f596fc: ; ImmutableOopMap {}
                      ;*new {reexecute=0 rethrow=0 return_oop=0}
                      ; - jdk.internal.reflect.DirectMethodHandleAccessor::invoke@36
  0x00007f7654f596fc: 3150 07e9 | d7f9 ffff 

  0x00007f7654f59704: ;   {metadata(nullptr)}
  0x00007f7654f59704: 48ba 0000 | 0000 0000 | 0000 b800 

  0x00007f7654f59710: ;   {runtime_call C1 Runtime load_klass_patching_blob}
  0x00007f7654f59710: 0f05 0ae8 

  0x00007f7654f59714: ; ImmutableOopMap {rbx=Oop }
                      ;*new {reexecute=1 rethrow=0 return_oop=0}
                      ; - (reexecute) jdk.internal.reflect.DirectMethodHandleAccessor::invoke@46
  0x00007f7654f59714: c871 5007 | e913 faff 

  0x00007f7654f5971c: ;   {runtime_call C1 Runtime throw_null_pointer_exception_blob}
  0x00007f7654f5971c: ffe8 3e27 

  0x00007f7654f59720: ; ImmutableOopMap {rbx=Oop }
                      ;*new {reexecute=0 rethrow=0 return_oop=0}
                      ; - jdk.internal.reflect.DirectMethodHandleAccessor::invoke@46
  0x00007f7654f59720: 5007 488b 

  0x00007f7654f59724: ;   {runtime_call C1 Runtime fast_new_instance_init_check_blob}
  0x00007f7654f59724: d2e8 b634 

  0x00007f7654f59728: ; ImmutableOopMap {rbx=Oop }
                      ;*new {reexecute=0 rethrow=0 return_oop=0}
                      ; - jdk.internal.reflect.DirectMethodHandleAccessor::invoke@46
  0x00007f7654f59728: 5007 e959 

  0x00007f7654f5972c: ;   {metadata(nullptr)}
  0x00007f7654f5972c: faff ff48 | ba00 0000 | 0000 0000 | 00b8 000f 

  0x00007f7654f5973c: ;   {runtime_call C1 Runtime load_klass_patching_blob}
  0x00007f7654f5973c: 050a e89d 

  0x00007f7654f59740: ; ImmutableOopMap {[224]=Oop }
                      ;*new {reexecute=1 rethrow=0 return_oop=0}
                      ; - (reexecute) jdk.internal.reflect.DirectMethodHandleAccessor::invoke@64
  0x00007f7654f59740: 7150 07e9 | 88fa ffff 

  0x00007f7654f59748: ;   {runtime_call C1 Runtime fast_new_instance_blob}
  0x00007f7654f59748: 488b d2e8 

  0x00007f7654f5974c: ; ImmutableOopMap {[224]=Oop }
                      ;*new {reexecute=0 rethrow=0 return_oop=0}
                      ; - jdk.internal.reflect.DirectMethodHandleAccessor::invoke@64
  0x00007f7654f5974c: 1031 5007 | e9c6 faff 

  0x00007f7654f59754: ;   {metadata(nullptr)}
  0x00007f7654f59754: ff48 ba00 | 0000 0000 | 0000 00b8 | 000f 050a 

  0x00007f7654f59764: ;   {runtime_call C1 Runtime load_klass_patching_blob}
  0x00007f7654f59764: e877 7150 

  0x00007f7654f59768: ; ImmutableOopMap {rbx=Oop }
                      ;*new {reexecute=1 rethrow=0 return_oop=0}
                      ; - (reexecute) jdk.internal.reflect.DirectMethodHandleAccessor::invoke@73
  0x00007f7654f59768: 07e9 02fb 

  0x00007f7654f5976c: ;   {runtime_call C1 Runtime throw_null_pointer_exception_blob}
  0x00007f7654f5976c: ffff e8ed 

  0x00007f7654f59770: ; ImmutableOopMap {rbx=Oop }
                      ;*new {reexecute=0 rethrow=0 return_oop=0}
                      ; - jdk.internal.reflect.DirectMethodHandleAccessor::invoke@73
  0x00007f7654f59770: 2650 0748 

  0x00007f7654f59774: ;   {runtime_call C1 Runtime fast_new_instance_init_check_blob}
  0x00007f7654f59774: 8bd2 e865 

  0x00007f7654f59778: ; ImmutableOopMap {rbx=Oop }
                      ;*new {reexecute=0 rethrow=0 return_oop=0}
                      ; - jdk.internal.reflect.DirectMethodHandleAccessor::invoke@73
  0x00007f7654f59778: 3450 07e9 | 48fb ffff 

  0x00007f7654f59780: ;   {metadata('java/lang/reflect/InvocationTargetException')}
  0x00007f7654f59780: 48ba a054 | 0d73 0000 | 0000 b800 

  0x00007f7654f5978c: ;   {runtime_call C1 Runtime load_klass_patching_blob}
  0x00007f7654f5978c: 0f05 0ae8 

  0x00007f7654f59790: ; ImmutableOopMap {rbx=Oop }
                      ;*new {reexecute=1 rethrow=0 return_oop=0}
                      ; - (reexecute) jdk.internal.reflect.DirectMethodHandleAccessor::invoke@83
  0x00007f7654f59790: 4c71 5007 | e98f fbff 

  0x00007f7654f59798: ;   {runtime_call C1 Runtime throw_null_pointer_exception_blob}
  0x00007f7654f59798: ffe8 c226 

  0x00007f7654f5979c: ; ImmutableOopMap {rbx=Oop }
                      ;*new {reexecute=0 rethrow=0 return_oop=0}
                      ; - jdk.internal.reflect.DirectMethodHandleAccessor::invoke@83
  0x00007f7654f5979c: 5007 488b 

  0x00007f7654f597a0: ;   {runtime_call C1 Runtime fast_new_instance_init_check_blob}
  0x00007f7654f597a0: d2e8 3a34 

  0x00007f7654f597a4: ; ImmutableOopMap {rbx=Oop }
                      ;*new {reexecute=0 rethrow=0 return_oop=0}
                      ; - jdk.internal.reflect.DirectMethodHandleAccessor::invoke@83
  0x00007f7654f597a4: 5007 e9d5 | fbff ff49 | 8b87 e005 | 0000 49c7 | 87e0 0500 | 0000 0000 | 0049 c787 | e805 0000 
  0x00007f7654f597c4: 0000 0000 | 4881 c420 | 0100 005d 

  0x00007f7654f597d0: ;   {runtime_call C1 Runtime unwind_exception_blob}
  0x00007f7654f597d0: e98b 1750 | 07f4 f4f4 
[Stub Code]
  0x00007f7654f597d8: ;   {other}
  0x00007f7654f597d8: 0f1f 4400 

  0x00007f7654f597dc: ;   {static_stub}
  0x00007f7654f597dc: 0048 bb00 | 0000 0000 

  0x00007f7654f597e4: ;   {runtime_call nmethod}
  0x00007f7654f597e4: 0000 00e9 | fbff ffff 

  0x00007f7654f597ec: ;   {static_stub}
  0x00007f7654f597ec: 9048 bbb0 | 0a80 3276 

  0x00007f7654f597f4: ;   {runtime_call I2C/C2I adapters}
  0x00007f7654f597f4: 7f00 00e9 | ca91 4207 

  0x00007f7654f597fc: ;   {static_stub}
  0x00007f7654f597fc: 9048 bb58 | 253c 3076 

  0x00007f7654f59804: ;   {runtime_call I2C/C2I adapters}
  0x00007f7654f59804: 7f00 00e9 | b2e1 4107 

  0x00007f7654f5980c: ;   {static_stub}
  0x00007f7654f5980c: 9048 bb00 | 0000 0000 

  0x00007f7654f59814: ;   {runtime_call nmethod}
  0x00007f7654f59814: 0000 00e9 | fbff ffff 

  0x00007f7654f5981c: ;   {static_stub}
  0x00007f7654f5981c: 9048 bb00 | 0000 0000 

  0x00007f7654f59824: ;   {runtime_call nmethod}
  0x00007f7654f59824: 0000 00e9 | fbff ffff 

  0x00007f7654f5982c: ;   {static_stub}
  0x00007f7654f5982c: 9048 bb00 | 0000 0000 

  0x00007f7654f59834: ;   {runtime_call nmethod}
  0x00007f7654f59834: 0000 00e9 | fbff ffff 

  0x00007f7654f5983c: ;   {static_stub}
  0x00007f7654f5983c: 9048 bb00 | 0000 0000 

  0x00007f7654f59844: ;   {runtime_call nmethod}
  0x00007f7654f59844: 0000 00e9 | fbff ffff 

  0x00007f7654f5984c: ;   {static_stub}
  0x00007f7654f5984c: 9048 bb70 | 6052 3076 

  0x00007f7654f59854: ;   {runtime_call I2C/C2I adapters}
  0x00007f7654f59854: 7f00 00e9 | 5a3d 4307 

  0x00007f7654f5985c: ;   {static_stub}
  0x00007f7654f5985c: 48bb 0000 | 0000 0000 

  0x00007f7654f59864: ;   {runtime_call nmethod}
  0x00007f7654f59864: 0000 e9fb 

  0x00007f7654f59868: ;   {static_stub}
  0x00007f7654f59868: ffff ff48 | bb00 0000 | 0000 0000 

  0x00007f7654f59874: ;   {runtime_call nmethod}
  0x00007f7654f59874: 00e9 fbff 

  0x00007f7654f59878: ;   {static_stub}
  0x00007f7654f59878: ffff 48bb | 0000 0000 | 0000 0000 

  0x00007f7654f59884: ;   {runtime_call nmethod}
  0x00007f7654f59884: e9fb ffff 

  0x00007f7654f59888: ;   {static_stub}
  0x00007f7654f59888: ff48 bb00 | 0000 0000 

  0x00007f7654f59890: ;   {runtime_call nmethod}
  0x00007f7654f59890: 0000 00e9 | fbff ffff 

  0x00007f7654f59898: ;   {static_stub}
  0x00007f7654f59898: 48bb 0000 | 0000 0000 

  0x00007f7654f598a0: ;   {runtime_call nmethod}
  0x00007f7654f598a0: 0000 e9fb 

  0x00007f7654f598a4: ;   {static_stub}
  0x00007f7654f598a4: ffff ff48 | bb00 0000 | 0000 0000 

  0x00007f7654f598b0: ;   {runtime_call nmethod}
  0x00007f7654f598b0: 00e9 fbff 

  0x00007f7654f598b4: ;   {static_stub}
  0x00007f7654f598b4: ffff 48bb | 0000 0000 | 0000 0000 

  0x00007f7654f598c0: ;   {runtime_call nmethod}
  0x00007f7654f598c0: e9fb ffff 

  0x00007f7654f598c4: ;   {static_stub}
  0x00007f7654f598c4: ff48 bb00 | 0000 0000 

  0x00007f7654f598cc: ;   {runtime_call nmethod}
  0x00007f7654f598cc: 0000 00e9 | fbff ffff 
[Exception Handler]
  0x00007f7654f598d4: ;   {runtime_call C1 Runtime handle_exception_from_callee_blob}
  0x00007f7654f598d4: e887 4750 

  0x00007f7654f598d8: ;   {external_word}
  0x00007f7654f598d8: 0748 bf3c | 9777 6e76 | 7f00 0048 

  0x00007f7654f598e4: ;   {runtime_call MacroAssembler::debug64(char*, long, long*)}
  0x00007f7654f598e4: 83e4 f0e8 | d42c 1f19 

  0x00007f7654f598ec: ;   {section_word}
  0x00007f7654f598ec: f449 baed | 98f5 5476 | 7f00 0041 

  0x00007f7654f598f8: ;   {runtime_call DeoptimizationBlob}
  0x00007f7654f598f8: 52e9 e2c9 

  0x00007f7654f598fc: ;   {section_word}
  0x00007f7654f598fc: 4207 49ba | fe98 f554 | 767f 0000 

  0x00007f7654f59908: ;   {runtime_call DeoptimizationBlob}
  0x00007f7654f59908: 4152 e9d1 | c942 07f4 
[/MachCode]


Compiled method (c1) 5001 1120       3       java.lang.reflect.Method::invoke (108 bytes)
 total in heap  [0x00007f7654f57308,0x00007f7654f57af8] = 2032
 main code      [0x00007f7654f57400,0x00007f7654f57a68] = 1640
 stub code      [0x00007f7654f57a68,0x00007f7654f57af8] = 144
 mutable data [0x00007f76106d7690,0x00007f76106d7768] = 216
 relocation     [0x00007f76106d7690,0x00007f76106d7750] = 192
 metadata       [0x00007f76106d7750,0x00007f76106d7768] = 24
 immutable data [0x00007f76106d74d0,0x00007f76106d7688] = 440
 dependencies   [0x00007f76106d74d0,0x00007f76106d74d8] = 8
 nul chk table  [0x00007f76106d74d8,0x00007f76106d74f8] = 32
 scopes pcs     [0x00007f76106d74f8,0x00007f76106d75c8] = 208
 scopes data    [0x00007f76106d75c8,0x00007f76106d7688] = 192

[Constant Pool (empty)]

[MachCode]
[Instructions begin]
  0x00007f7654f57400: 6666 660f | 1f84 0000 | 0000 0066 | 6666 9066 | 6690 448b | 5608 443b 

  0x00007f7654f57418: ;   {runtime_call Shared Runtime ic_miss_blob}
  0x00007f7654f57418: 5008 0f85 | c0d1 4207 
[Verified Entry Point]
  0x00007f7654f57420: 8984 2400 | c0fe ff55 | 4881 ec80 | 0000 0090 | 4181 7f20 | 0700 0000 

  0x00007f7654f57438: ;   {runtime_call Stub::method_entry_barrier}
  0x00007f7654f57438: 7405 e841 | 7141 0748 | 8974 2448 | 4889 5424 

  0x00007f7654f57448: ;   {metadata(method data for {method} {0x00007f7630066808} 'invoke' '(Ljava/lang/Object;[Ljava/lang/Object;)Ljava/lang/Object;' in 'java/lang/reflect/Method')}
  0x00007f7654f57448: 5048 bf30 | 37bd 3076 | 7f00 008b | 9f90 0000 | 0083 c302 | 899f 9000 | 0000 81e3 | fe07 0000 
  0x00007f7654f57468: 85db 0f84 | 4f05 0000 | 4889 4c24 | 5848 8bfe 

  0x00007f7654f57478: ;   {metadata(method data for {method} {0x00007f7630066808} 'invoke' '(Ljava/lang/Object;[Ljava/lang/Object;)Ljava/lang/Object;' in 'java/lang/reflect/Method')}
  0x00007f7654f57478: 48bb 3037 | bd30 767f | 0000 4883 | 83d8 0000 | 0001 488b | fe48 8bf7 | 0f1f 8000 

  0x00007f7654f57494: ;   {optimized virtual_call}
  0x00007f7654f57494: 0000 00e8 

  0x00007f7654f57498: ; ImmutableOopMap {[72]=Oop [80]=Oop [88]=Oop }
                      ;*invokevirtual isCallerSensitive {reexecute=0 rethrow=0 return_oop=0}
                      ; - java.lang.reflect.Method::invoke@1
  0x00007f7654f57498: 04eb ffff 

  0x00007f7654f5749c: ;   {post_call_nop}
  0x00007f7654f5749c: 0f1f 8400 | 9401 0000 | 488b 7424 | 480f be7e 

  0x00007f7654f574ac: ;   {metadata(method data for {method} {0x00007f7630066808} 'invoke' '(Ljava/lang/Object;[Ljava/lang/Object;)Ljava/lang/Object;' in 'java/lang/reflect/Method')}
  0x00007f7654f574ac: 0c85 ff48 | bf30 37bd | 3076 7f00 | 00bb 0801 | 0000 7405 | bb18 0100 | 0048 8b14 | 1f48 8d52 
  0x00007f7654f574cc: 0148 8914 | 1f0f 843d | 0000 0085 

  0x00007f7654f574d8: ;   {metadata(method data for {method} {0x00007f7630066808} 'invoke' '(Ljava/lang/Object;[Ljava/lang/Object;)Ljava/lang/Object;' in 'java/lang/reflect/Method')}
  0x00007f7654f574d8: c048 bf30 | 37bd 3076 | 7f00 00bb | 3801 0000 | 7505 bb28 | 0100 0048 | 8b14 1f48 | 8d52 0148 
  0x00007f7654f574f8: 8914 1f0f | 8513 0000 

  0x00007f7654f57500: ;   {oop(nullptr)}
  0x00007f7654f57500: 0048 bf00 | 0000 0000 | 0000 0089 | 4424 60e9 | 3000 0000 | 8944 2460 

  0x00007f7654f57518: ;   {metadata(method data for {method} {0x00007f7630066808} 'invoke' '(Ljava/lang/Object;[Ljava/lang/Object;)Ljava/lang/Object;' in 'java/lang/reflect/Method')}
  0x00007f7654f57518: 48bf 3037 | bd30 767f | 0000 4883 | 8748 0100 | 0001 0f1f 

  0x00007f7654f5752c: ;   {static_call}
  0x00007f7654f5752c: 4400 00e8 

  0x00007f7654f57530: ; ImmutableOopMap {[72]=Oop [80]=Oop [88]=Oop }
                      ;*invokestatic getCallerClass {reexecute=0 rethrow=0 return_oop=0}
                      ; - java.lang.reflect.Method::invoke@19
  0x00007f7654f57530: 5ce5 9a07 

  0x00007f7654f57534: ;   {post_call_nop}
  0x00007f7654f57534: 0f1f 8400 | 2c02 0001 | 488b f848 | 8b74 2448 | 0fbe 560c 

  0x00007f7654f57548: ;   {metadata(method data for {method} {0x00007f7630066808} 'invoke' '(Ljava/lang/Object;[Ljava/lang/Object;)Ljava/lang/Object;' in 'java/lang/reflect/Method')}
  0x00007f7654f57548: 85d2 48ba | 3037 bd30 | 767f 0000 | b968 0100 | 0074 05b9 | 5801 0000 | 4c8b 040a | 4d8d 4001 
  0x00007f7654f57568: 4c89 040a | 0f84 0a00 | 0000 4889 | 7c24 68e9 | 2502 0000 | 8b4e 1c44 

  0x00007f7654f57580: ;   {metadata(method data for {method} {0x00007f7630066808} 'invoke' '(Ljava/lang/Object;[Ljava/lang/Object;)Ljava/lang/Object;' in 'java/lang/reflect/Method')}
  0x00007f7654f57580: 8b4e 5048 | ba30 37bd | 3076 7f00 | 0048 8382 | 7801 0000 

  0x00007f7654f57594: ;   {metadata(method data for {method} {0x00007f76302703b0} 'isStatic' '(I)Z' in 'java/lang/reflect/Modifier')}
  0x00007f7654f57594: 0148 ba60 | 2d8b 3076 | 7f00 0044 | 8b82 9000 | 0000 4183 | c002 4489 | 8290 0000 | 0041 81e0 
  0x00007f7654f575b4: feff 1f00 | 4585 c00f | 841f 0400 | 0049 8bd1 | 83e2 0885 

  0x00007f7654f575c8: ;   {metadata(method data for {method} {0x00007f76302703b0} 'isStatic' '(I)Z' in 'java/lang/reflect/Modifier')}
  0x00007f7654f575c8: d248 ba60 | 2d8b 3076 | 7f00 0041 | b8d8 0000 | 0074 0641 | b8e8 0000 | 004a 8b1c | 0248 8d5b 
  0x00007f7654f575e8: 014a 891c | 020f 841a 

  0x00007f7654f575f0: ;   {metadata(method data for {method} {0x00007f76302703b0} 'isStatic' '(I)Z' in 'java/lang/reflect/Modifier')}
  0x00007f7654f575f0: 0000 0048 | ba60 2d8b | 3076 7f00 | 00ff 82f8 | 0000 00ba | 0100 0000 | e905 0000 | 00ba 0000 
  0x00007f7654f57610: 0000 83e2 

  0x00007f7654f57614: ;   {metadata(method data for {method} {0x00007f7630066808} 'invoke' '(Ljava/lang/Object;[Ljava/lang/Object;)Ljava/lang/Object;' in 'java/lang/reflect/Method')}
  0x00007f7654f57614: 0185 d248 | ba30 37bd | 3076 7f00 | 0041 b888 | 0100 0074 | 0641 b898 | 0100 004a | 8b1c 0248 
  0x00007f7654f57634: 8d5b 014a | 891c 020f | 841f 0000 

  0x00007f7654f57640: ;   {metadata(method data for {method} {0x00007f7630066808} 'invoke' '(Ljava/lang/Object;[Ljava/lang/Object;)Ljava/lang/Object;' in 'java/lang/reflect/Method')}
  0x00007f7654f57640: 0048 ba30 | 37bd 3076 | 7f00 00ff | 82a8 0100 

  0x00007f7654f57650: ;   {oop(nullptr)}
  0x00007f7654f57650: 0049 b800 | 0000 0000 | 0000 00e9 | 9a00 0000 | 488b 5424 | 5048 3b02 

  0x00007f7654f57668: ;   {metadata(method data for {method} {0x00007f7630066808} 'invoke' '(Ljava/lang/Object;[Ljava/lang/Object;)Ljava/lang/Object;' in 'java/lang/reflect/Method')}
  0x00007f7654f57668: 4c8b c248 | bb30 37bd | 3076 7f00 | 0045 8b40 | 084c 3b83 | c801 0000 | 750d 4883 | 83d0 0100 
  0x00007f7654f57688: 0001 e960 | 0000 004c | 3b83 d801 | 0000 750d | 4883 83e0 | 0100 0001 | e94a 0000 | 0048 83bb 
  0x00007f7654f576a8: c801 0000 | 0075 174c | 8983 c801 | 0000 48c7 | 83d0 0100 | 0001 0000 | 00e9 2900 | 0000 4883 
  0x00007f7654f576c8: bbd8 0100 | 0000 7517 | 4c89 83d8 | 0100 0048 | c783 e001 | 0000 0100 | 0000 e908 | 0000 0048 
  0x00007f7654f576e8: 8383 c001 | 0000 0144 | 8b42 084d | 8b40 704d | 8b00 488b 

  0x00007f7654f576fc: ;   {metadata(method data for {method} {0x00007f7630066808} 'invoke' '(Ljava/lang/Object;[Ljava/lang/Object;)Ljava/lang/Object;' in 'java/lang/reflect/Method')}
  0x00007f7654f576fc: de48 b830 | 37bd 3076 | 7f00 008b | 5b08 483b | 98f8 0100 | 0075 0d48 | 8380 0002 | 0000 01e9 
  0x00007f7654f5771c: 6000 0000 | 483b 9808 | 0200 0075 | 0d48 8380 | 1002 0000 | 01e9 4a00 | 0000 4883 | b8f8 0100 
  0x00007f7654f5773c: 0000 7517 | 4889 98f8 | 0100 0048 | c780 0002 | 0000 0100 | 0000 e929 | 0000 0048 | 83b8 0802 
  0x00007f7654f5775c: 0000 0075 | 1748 8998 | 0802 0000 | 48c7 8010 | 0200 0001 | 0000 00e9 | 0800 0000 | 4883 80f0 
  0x00007f7654f5777c: 0100 0001 | 488b d748 | 8bc6 488b | f048 897c 

  0x00007f7654f5778c: ;   {optimized virtual_call}
  0x00007f7654f5778c: 2468 90e8 

  0x00007f7654f57790: ; ImmutableOopMap {[72]=Oop [80]=Oop [88]=Oop [104]=Oop }
                      ;*invokevirtual checkAccess {reexecute=0 rethrow=0 return_oop=0}
                      ; - java.lang.reflect.Method::invoke@60
  0x00007f7654f57790: 8cc8 ffff 

  0x00007f7654f57794: ;   {post_call_nop}
  0x00007f7654f57794: 0f1f 8400 | 8c04 0002 | 488b 7424 | 488b 7e48 

  0x00007f7654f577a4: ;   {metadata(method data for {method} {0x00007f7630066808} 'invoke' '(Ljava/lang/Object;[Ljava/lang/Object;)Ljava/lang/Object;' in 'java/lang/reflect/Method')}
  0x00007f7654f577a4: 4885 ff48 | bb30 37bd | 3076 7f00 | 00b8 2002 | 0000 7505 | b830 0200 | 0048 8b14 | 0348 8d52 
  0x00007f7654f577c4: 0148 8914 | 030f 8528 | 0000 0048 

  0x00007f7654f577d0: ;   {metadata(method data for {method} {0x00007f7630066808} 'invoke' '(Ljava/lang/Object;[Ljava/lang/Object;)Ljava/lang/Object;' in 'java/lang/reflect/Method')}
  0x00007f7654f577d0: 8bfe 48bb | 3037 bd30 | 767f 0000 | 4883 8340 | 0200 0001 

  0x00007f7654f577e4: ;   {optimized virtual_call}
  0x00007f7654f577e4: 6666 90e8 

  0x00007f7654f577e8: ; ImmutableOopMap {[80]=Oop [88]=Oop [104]=Oop }
                      ;*invokevirtual acquireMethodAccessor {reexecute=0 rethrow=0 return_oop=0}
                      ; - java.lang.reflect.Method::invoke@75
  0x00007f7654f577e8: cd02 0000 

  0x00007f7654f577ec: ;   {post_call_nop}
  0x00007f7654f577ec: 0f1f 8400 | e404 0003 | 488b f88b | 4424 6085 

  0x00007f7654f577fc: ;   {metadata(method data for {method} {0x00007f7630066808} 'invoke' '(Ljava/lang/Object;[Ljava/lang/Object;)Ljava/lang/Object;' in 'java/lang/reflect/Method')}
  0x00007f7654f577fc: c048 ba30 | 37bd 3076 | 7f00 00b9 | 7002 0000 | 7405 b980 | 0200 004c | 8b04 0a4d | 8d40 014c 
  0x00007f7654f5781c: 8904 0a0f | 84da 0000 | 004c 8b44 | 2468 483b | 0748 8bd7 

  0x00007f7654f57830: ;   {metadata(method data for {method} {0x00007f7630066808} 'invoke' '(Ljava/lang/Object;[Ljava/lang/Object;)Ljava/lang/Object;' in 'java/lang/reflect/Method')}
  0x00007f7654f57830: 48b9 3037 | bd30 767f | 0000 8b52 | 0848 3b91 | 9802 0000 | 750d 4883 | 81a0 0200 | 0001 e960 
  0x00007f7654f57850: 0000 0048 | 3b91 a802 | 0000 750d | 4883 81b0 | 0200 0001 | e94a 0000 | 0048 83b9 | 9802 0000 
  0x00007f7654f57870: 0075 1748 | 8991 9802 | 0000 48c7 | 81a0 0200 | 0001 0000 | 00e9 2900 | 0000 4883 | b9a8 0200 
  0x00007f7654f57890: 0000 7517 | 4889 91a8 | 0200 0048 | c781 b002 | 0000 0100 | 0000 e908 | 0000 0048 | 8381 9002 
  0x00007f7654f578b0: 0000 0148 | 8b54 2450 | 488b 4c24 | 5848 8bf7 | 0f1f 4400 | 0048 b8c0 | 786d 1076 

  0x00007f7654f578cc: ;   {virtual_call}
  0x00007f7654f578cc: 7f00 00e8 

  0x00007f7654f578d0: ; ImmutableOopMap {}
                      ;*invokeinterface invoke {reexecute=0 rethrow=0 return_oop=0}
                      ; - java.lang.reflect.Method::invoke@90
  0x00007f7654f578d0: 0cd7 4207 

  0x00007f7654f578d4: ;   {post_call_nop}
  0x00007f7654f578d4: 0f1f 8400 | cc05 0004 

  0x00007f7654f578dc: ;   {metadata(method data for {method} {0x00007f7630066808} 'invoke' '(Ljava/lang/Object;[Ljava/lang/Object;)Ljava/lang/Object;' in 'java/lang/reflect/Method')}
  0x00007f7654f578dc: 48ba 3037 | bd30 767f | 0000 ff82 | c002 0000 | 4881 c480 | 0000 005d 

  0x00007f7654f578f4: ;   {poll_return}
  0x00007f7654f578f4: 493b 6728 | 0f87 0d01 | 0000 c348 | 8b4c 2458 | 488b 5424 | 5048 3b07 

  0x00007f7654f5790c: ;   {metadata(method data for {method} {0x00007f7630066808} 'invoke' '(Ljava/lang/Object;[Ljava/lang/Object;)Ljava/lang/Object;' in 'java/lang/reflect/Method')}
  0x00007f7654f5790c: 488b f748 | bb30 37bd | 3076 7f00 | 008b 7608 | 483b b3e0 | 0200 0075 | 0d48 8383 | e802 0000 
  0x00007f7654f5792c: 01e9 6000 | 0000 483b | b3f0 0200 | 0075 0d48 | 8383 f802 | 0000 01e9 | 4a00 0000 | 4883 bbe0 
  0x00007f7654f5794c: 0200 0000 | 7517 4889 | b3e0 0200 | 0048 c783 | e802 0000 | 0100 0000 | e929 0000 | 0048 83bb 
  0x00007f7654f5796c: f002 0000 | 0075 1748 | 89b3 f002 | 0000 48c7 | 83f8 0200 | 0001 0000 | 00e9 0800 | 0000 4883 
  0x00007f7654f5798c: 83d8 0200 | 0001 488b | f748 b8e8 | 786d 1076 

  0x00007f7654f5799c: ;   {virtual_call}
  0x00007f7654f5799c: 7f00 00e8 

  0x00007f7654f579a0: ; ImmutableOopMap {}
                      ;*invokeinterface invoke {reexecute=0 rethrow=0 return_oop=0}
                      ; - java.lang.reflect.Method::invoke@102
  0x00007f7654f579a0: 6e02 0000 

  0x00007f7654f579a4: ;   {post_call_nop}
  0x00007f7654f579a4: 0f1f 8400 | 9c06 0005 | 4881 c480 | 0000 005d 

  0x00007f7654f579b4: ;   {poll_return}
  0x00007f7654f579b4: 493b 6728 | 0f87 6800 

  0x00007f7654f579bc: ;   {metadata({method} {0x00007f7630066808} 'invoke' '(Ljava/lang/Object;[Ljava/lang/Object;)Ljava/lang/Object;' in 'java/lang/reflect/Method')}
  0x00007f7654f579bc: 0000 c349 | ba08 6806 | 3076 7f00 | 004c 8954 | 2408 48c7 | 0424 ffff 

  0x00007f7654f579d4: ;   {runtime_call C1 Runtime counter_overflow_blob}
  0x00007f7654f579d4: ffff e805 

  0x00007f7654f579d8: ; ImmutableOopMap {rsi=Oop rdx=Oop rcx=Oop [72]=Oop [80]=Oop }
                      ;*synchronization entry
                      ; - java.lang.reflect.Method::invoke@-1
  0x00007f7654f579d8: a450 07e9 | 90fa ffff 

  0x00007f7654f579e0: ;   {metadata({method} {0x00007f76302703b0} 'isStatic' '(I)Z' in 'java/lang/reflect/Modifier')}
  0x00007f7654f579e0: 49ba b003 | 2730 767f | 0000 4c89 | 5424 0848 | c704 24ff 

  0x00007f7654f579f4: ;   {runtime_call C1 Runtime counter_overflow_blob}
  0x00007f7654f579f4: ffff ffe8 

  0x00007f7654f579f8: ; ImmutableOopMap {rdi=Oop rsi=Oop rcx=Oop [72]=Oop [80]=Oop [88]=Oop }
                      ;*synchronization entry
                      ; - java.lang.reflect.Modifier::isStatic@-1
                      ; - java.lang.reflect.Method::invoke@42
  0x00007f7654f579f8: e4a3 5007 | e9c0 fbff 

  0x00007f7654f57a00: ;   {runtime_call C1 Runtime throw_null_pointer_exception_blob}
  0x00007f7654f57a00: ffe8 5a44 

  0x00007f7654f57a04: ; ImmutableOopMap {rdi=Oop rsi=Oop rcx=Oop rdx=Oop [72]=Oop [80]=Oop [88]=Oop }
                      ;*invokevirtual getClass {reexecute=0 rethrow=0 return_oop=0}
                      ; - java.lang.reflect.Method::invoke@53
                      ;   {runtime_call C1 Runtime throw_null_pointer_exception_blob}
  0x00007f7654f57a04: 5007 e855 

  0x00007f7654f57a08: ; ImmutableOopMap {rdi=Oop r8=Oop [80]=Oop [88]=Oop }
                      ;*invokeinterface invoke {reexecute=0 rethrow=0 return_oop=0}
                      ; - java.lang.reflect.Method::invoke@90
                      ;   {internal_word}
  0x00007f7654f57a08: 4450 0749 | baf4 78f5 | 5476 7f00 | 004d 8997 | 3805 0000 

  0x00007f7654f57a1c: ;   {runtime_call SafepointBlob}
  0x00007f7654f57a1c: e93f 0143 

  0x00007f7654f57a20: ;   {runtime_call C1 Runtime throw_null_pointer_exception_blob}
  0x00007f7654f57a20: 07e8 3a44 

  0x00007f7654f57a24: ; ImmutableOopMap {rdx=Oop rcx=Oop rdi=Oop [80]=Oop }
                      ;*invokeinterface invoke {reexecute=0 rethrow=0 return_oop=0}
                      ; - java.lang.reflect.Method::invoke@102
                      ;   {internal_word}
  0x00007f7654f57a24: 5007 49ba | b479 f554 | 767f 0000 | 4d89 9738 

  0x00007f7654f57a34: ;   {runtime_call SafepointBlob}
  0x00007f7654f57a34: 0500 00e9 | 2401 4307 | 498b 87e0 | 0500 0049 | c787 e005 | 0000 0000 | 0000 49c7 | 87e8 0500 
  0x00007f7654f57a54: 0000 0000 | 0048 81c4 | 8000 0000 

  0x00007f7654f57a60: ;   {runtime_call C1 Runtime unwind_exception_blob}
  0x00007f7654f57a60: 5de9 fa34 | 5007 f4f4 
[Stub Code]
  0x00007f7654f57a68: ;   {other}
  0x00007f7654f57a68: 0f1f 4400 

  0x00007f7654f57a6c: ;   {static_stub}
  0x00007f7654f57a6c: 0048 bb00 | 0000 0000 

  0x00007f7654f57a74: ;   {runtime_call nmethod}
  0x00007f7654f57a74: 0000 00e9 | fbff ffff 

  0x00007f7654f57a7c: ;   {static_stub}
  0x00007f7654f57a7c: 9048 bb00 | 0000 0000 

  0x00007f7654f57a84: ;   {runtime_call nmethod}
  0x00007f7654f57a84: 0000 00e9 | fbff ffff 

  0x00007f7654f57a8c: ;   {static_stub}
  0x00007f7654f57a8c: 48bb 0000 | 0000 0000 

  0x00007f7654f57a94: ;   {runtime_call nmethod}
  0x00007f7654f57a94: 0000 e9fb 

  0x00007f7654f57a98: ;   {static_stub}
  0x00007f7654f57a98: ffff ff48 | bb00 0000 | 0000 0000 

  0x00007f7654f57aa4: ;   {runtime_call nmethod}
  0x00007f7654f57aa4: 00e9 fbff 

  0x00007f7654f57aa8: ;   {static_stub}
  0x00007f7654f57aa8: ffff 48bb | 0000 0000 | 0000 0000 

  0x00007f7654f57ab4: ;   {runtime_call nmethod}
  0x00007f7654f57ab4: e9fb ffff 

  0x00007f7654f57ab8: ;   {static_stub}
  0x00007f7654f57ab8: ff48 bb20 | 6e06 3076 

  0x00007f7654f57ac0: ;   {runtime_call I2C/C2I adapters}
  0x00007f7654f57ac0: 7f00 00e9 | ea0a 4307 
[Exception Handler]
  0x00007f7654f57ac8: ;   {runtime_call C1 Runtime handle_exception_from_callee_blob}
  0x00007f7654f57ac8: e893 6550 

  0x00007f7654f57acc: ;   {external_word}
  0x00007f7654f57acc: 0748 bf3c | 9777 6e76 | 7f00 0048 

  0x00007f7654f57ad8: ;   {runtime_call MacroAssembler::debug64(char*, long, long*)}
  0x00007f7654f57ad8: 83e4 f0e8 | e04a 1f19 

  0x00007f7654f57ae0: ;   {section_word}
  0x00007f7654f57ae0: f449 bae1 | 7af5 5476 | 7f00 0041 

  0x00007f7654f57aec: ;   {runtime_call DeoptimizationBlob}
  0x00007f7654f57aec: 52e9 eee7 | 4207 f4f4 | f4f4 f4f4 
[/MachCode]


Compiled method (c1) 5005  496       3       java.lang.invoke.DirectMethodHandle$Holder::invokeStatic (15 bytes)
 total in heap  [0x00007f7654e8c388,0x00007f7654e8c848] = 1216
 main code      [0x00007f7654e8c480,0x00007f7654e8c7f8] = 888
 stub code      [0x00007f7654e8c7f8,0x00007f7654e8c848] = 80
 mutable data [0x00007f76100ecf60,0x00007f76100ecfd0] = 112
 relocation     [0x00007f76100ecf60,0x00007f76100ecfc0] = 96
 metadata       [0x00007f76100ecfc0,0x00007f76100ecfd0] = 16
 immutable data [0x00007f76100ece80,0x00007f76100ecf50] = 208
 dependencies   [0x00007f76100ece80,0x00007f76100ece88] = 8
 nul chk table  [0x00007f76100ece88,0x00007f76100ece98] = 16
 scopes pcs     [0x00007f76100ece98,0x00007f76100ecf08] = 112
 scopes data    [0x00007f76100ecf08,0x00007f76100ecf50] = 72

[Constant Pool (empty)]

[MachCode]
[Verified Entry Point]
  # {method} {0x00007f7630357ba0} 'invokeStatic' '(Ljava/lang/Object;Ljava/lang/Object;Ljava/lang/Object;)Ljava/lang/Object;' in 'java/lang/invoke/DirectMethodHandle$Holder'
  # parm0:    rsi:rsi   = 'java/lang/Object'
  # parm1:    rdx:rdx   = 'java/lang/Object'
  # parm2:    rcx:rcx   = 'java/lang/Object'
  #           [sp+0x50]  (sp of caller)
  0x00007f7654e8c480: 8984 2400 | c0fe ff55 | 4883 ec40 | 4181 7f20 | 0700 0000 

  0x00007f7654e8c494: ;   {runtime_call Stub::method_entry_barrier}
  0x00007f7654e8c494: 7405 e8e5 

  0x00007f7654e8c498: ;   {metadata(method data for {method} {0x00007f7630357ba0} 'invokeStatic' '(Ljava/lang/Object;Ljava/lang/Object;Ljava/lang/Object;)Ljava/lang/Object;' in 'java/lang/invoke/DirectMethodHandle$Holder')}
  0x00007f7654e8c498: 204e 0748 | bf38 bf8c | 3076 7f00 | 0048 8dbf | e001 0000 | 4885 f675 | 0cf6 0701 | 7522 f048 
  0x00007f7654e8c4b8: 830f 01eb | 1b8b 5e08 | 4c8b d348 | 331f 48f7 | c3fc ffff | ff74 09f6 | c302 7504 | 4883 0f02 
  0x00007f7654e8c4d8: 4885 d275 | 0ef6 4710 | 0175 25f0 | 4883 4f10 | 01eb 1d8b | 5a08 4c8b | d348 335f | 1048 f7c3 
  0x00007f7654e8c4f8: fcff ffff | 740a f6c3 | 0275 0548 | 834f 1002 

  0x00007f7654e8c508: ;   {metadata(method data for {method} {0x00007f7630357ba0} 'invokeStatic' '(Ljava/lang/Object;Ljava/lang/Object;Ljava/lang/Object;)Ljava/lang/Object;' in 'java/lang/invoke/DirectMethodHandle$Holder')}
  0x00007f7654e8c508: 48bf 38bf | 8c30 767f | 0000 8b9f | 9000 0000 | 83c3 0289 | 9f90 0000 | 0081 e3fe | 0700 0085 
  0x00007f7654e8c528: db0f 843b 

  0x00007f7654e8c52c: ;   {metadata(method data for {method} {0x00007f7630357ba0} 'invokeStatic' '(Ljava/lang/Object;Ljava/lang/Object;Ljava/lang/Object;)Ljava/lang/Object;' in 'java/lang/invoke/DirectMethodHandle$Holder')}
  0x00007f7654e8c52c: 0200 0048 | bf38 bf8c | 3076 7f00 | 0048 8dbf | e800 0000 | 4885 f675 | 0ef6 4708 | 0175 25f0 
  0x00007f7654e8c54c: 4883 4f08 | 01eb 1d8b | 5e08 4c8b | d348 335f | 0848 f7c3 | fcff ffff | 740a f6c3 | 0275 0548 
  0x00007f7654e8c56c: 834f 0802 

  0x00007f7654e8c570: ;   {metadata(method data for {method} {0x00007f7630357ba0} 'invokeStatic' '(Ljava/lang/Object;Ljava/lang/Object;Ljava/lang/Object;)Ljava/lang/Object;' in 'java/lang/invoke/DirectMethodHandle$Holder')}
  0x00007f7654e8c570: 48bf 38bf | 8c30 767f | 0000 4883 | 87d8 0000 

  0x00007f7654e8c580: ;   {metadata(method data for {method} {0x00007f7630079a70} 'internalMemberName' '(Ljava/lang/Object;)Ljava/lang/Object;' in 'java/lang/invoke/DirectMethodHandle')}
  0x00007f7654e8c580: 0001 48bf | 30c5 8a30 | 767f 0000 | 8b9f 9000 | 0000 83c3 | 0289 9f90 | 0000 0081 | e3fe ff1f 
  0x00007f7654e8c5a0: 0085 db0f | 84e2 0100 | 0048 85f6 

  0x00007f7654e8c5ac: ;   {metadata(method data for {method} {0x00007f7630079a70} 'internalMemberName' '(Ljava/lang/Object;)Ljava/lang/Object;' in 'java/lang/invoke/DirectMethodHandle')}
  0x00007f7654e8c5ac: 48bb 30c5 | 8a30 767f | 0000 750c | 808b d100 | 0000 01e9 | 9500 0000 | 8b46 0848 | 3b83 e000 
  0x00007f7654e8c5cc: 0000 750d | 4883 83e8 | 0000 0001 | e960 0000 | 0048 3b83 | f000 0000 | 750d 4883 | 83f8 0000 
  0x00007f7654e8c5ec: 0001 e94a | 0000 0048 | 83bb e000 | 0000 0075 | 1748 8983 | e000 0000 | 48c7 83e8 | 0000 0001 
  0x00007f7654e8c60c: 0000 00e9 | 2900 0000 | 4883 bbf0 | 0000 0000 | 7517 4889 | 83f0 0000 | 0048 c783 | f800 0000 
  0x00007f7654e8c62c: 0100 0000 | e908 0000 | 0048 8383 | d800 0000 

  0x00007f7654e8c63c: ;   {metadata('java/lang/invoke/DirectMethodHandle')}
  0x00007f7654e8c63c: 0148 b850 | cb00 7300 | 0000 008b | 5e08 483b | 4340 0f85 | 5801 0000 | e900 0000 | 008b 7e20 
  0x00007f7654e8c65c: ;   {metadata(method data for {method} {0x00007f7630357ba0} 'invokeStatic' '(Ljava/lang/Object;Ljava/lang/Object;Ljava/lang/Object;)Ljava/lang/Object;' in 'java/lang/invoke/DirectMethodHandle$Holder')}
  0x00007f7654e8c65c: 48be 38bf | 8c30 767f | 0000 488d | b6f8 0000 | 0048 85ff | 750a f606 | 0175 05f0 | 4883 0e01 
  0x00007f7654e8c67c: ;   {metadata(method data for {method} {0x00007f7630357ba0} 'invokeStatic' '(Ljava/lang/Object;Ljava/lang/Object;Ljava/lang/Object;)Ljava/lang/Object;' in 'java/lang/invoke/DirectMethodHandle$Holder')}
  0x00007f7654e8c67c: 48be 38bf | 8c30 767f | 0000 488d | b648 0100 | 0048 85d2 | 750e f646 | 0801 7525 | f048 834e 
  0x00007f7654e8c69c: 0801 eb1d | 8b5a 084c | 8bd3 4833 | 5e08 48f7 | c3fc ffff | ff74 0af6 | c302 7505 | 4883 4e08 
  0x00007f7654e8c6bc: 0248 85c9 | 750e f646 | 1801 7525 | f048 834e | 1801 eb1d | 8b59 084c | 8bd3 4833 | 5e18 48f7 
  0x00007f7654e8c6dc: c3fc ffff | ff74 0af6 | c302 7505 | 4883 4e18 

  0x00007f7654e8c6ec: ;   {metadata(method data for {method} {0x00007f7630357ba0} 'invokeStatic' '(Ljava/lang/Object;Ljava/lang/Object;Ljava/lang/Object;)Ljava/lang/Object;' in 'java/lang/invoke/DirectMethodHandle$Holder')}
  0x00007f7654e8c6ec: 0248 be38 | bf8c 3076 | 7f00 0048 | 8386 3801 | 0000 0148 | 8bf2 488b | d148 8bcf | 0f1f 8000 
  0x00007f7654e8c70c: ;   {static_call}
  0x00007f7654e8c70c: 0000 00e8 

  0x00007f7654e8c710: ; ImmutableOopMap {}
                      ;*invokestatic linkToStatic {reexecute=0 rethrow=0 return_oop=0}
                      ; - java.lang.invoke.DirectMethodHandle$Holder::invokeStatic@11
  0x00007f7654e8c710: 6cd7 a307 

  0x00007f7654e8c714: ;   {post_call_nop}
  0x00007f7654e8c714: 0f1f 8400 | 8c03 0000 

  0x00007f7654e8c71c: ;   {metadata(method data for {method} {0x00007f7630357ba0} 'invokeStatic' '(Ljava/lang/Object;Ljava/lang/Object;Ljava/lang/Object;)Ljava/lang/Object;' in 'java/lang/invoke/DirectMethodHandle$Holder')}
  0x00007f7654e8c71c: 48be 38bf | 8c30 767f | 0000 488d | b668 0100 | 0048 85c0 | 750c f606 | 0175 23f0 | 4883 0e01 
  0x00007f7654e8c73c: eb1c 8b78 | 084c 8bd7 | 4833 3e48 | f7c7 fcff | ffff 740a | 40f6 c702 | 7504 4883 | 0e02 4883 
  0x00007f7654e8c75c: ;   {poll_return}
  0x00007f7654e8c75c: c440 5d49 | 3b67 280f | 8751 0000 

  0x00007f7654e8c768: ;   {metadata({method} {0x00007f7630357ba0} 'invokeStatic' '(Ljava/lang/Object;Ljava/lang/Object;Ljava/lang/Object;)Ljava/lang/Object;' in 'java/lang/invoke/DirectMethodHandle$Holder')}
  0x00007f7654e8c768: 00c3 49ba | a07b 3530 | 767f 0000 | 4c89 5424 | 0848 c704 | 24ff ffff 

  0x00007f7654e8c780: ;   {runtime_call C1 Runtime counter_overflow_blob}
  0x00007f7654e8c780: ffe8 5a56 

  0x00007f7654e8c784: ; ImmutableOopMap {rsi=Oop rdx=Oop rcx=Oop }
                      ;*synchronization entry
                      ; - java.lang.invoke.DirectMethodHandle$Holder::invokeStatic@-1
  0x00007f7654e8c784: 5d07 e9a4 

  0x00007f7654e8c788: ;   {metadata({method} {0x00007f7630079a70} 'internalMemberName' '(Ljava/lang/Object;)Ljava/lang/Object;' in 'java/lang/invoke/DirectMethodHandle')}
  0x00007f7654e8c788: fdff ff49 | ba70 9a07 | 3076 7f00 | 004c 8954 | 2408 48c7 | 0424 ffff 

  0x00007f7654e8c7a0: ;   {runtime_call C1 Runtime counter_overflow_blob}
  0x00007f7654e8c7a0: ffff e839 

  0x00007f7654e8c7a4: ; ImmutableOopMap {rsi=Oop rdx=Oop rcx=Oop }
                      ;*synchronization entry
                      ; - java.lang.invoke.DirectMethodHandle::internalMemberName@-1
                      ; - java.lang.invoke.DirectMethodHandle$Holder::invokeStatic@1
  0x00007f7654e8c7a4: 565d 07e9 | fdfd ffff | 4889 3424 

  0x00007f7654e8c7b0: ;   {runtime_call C1 Runtime throw_class_cast_exception_blob}
  0x00007f7654e8c7b0: e8ab 1e5d 

  0x00007f7654e8c7b4: ; ImmutableOopMap {rdx=Oop rcx=Oop }
                      ;*checkcast {reexecute=0 rethrow=0 return_oop=0}
                      ; - java.lang.invoke.DirectMethodHandle::internalMemberName@1
                      ; - java.lang.invoke.DirectMethodHandle$Holder::invokeStatic@1
                      ;   {runtime_call C1 Runtime throw_null_pointer_exception_blob}
  0x00007f7654e8c7b4: 07e8 a6f6 

  0x00007f7654e8c7b8: ; ImmutableOopMap {rdx=Oop rcx=Oop }
                      ;*getfield member {reexecute=1 rethrow=0 return_oop=0}
                      ; - (reexecute) java.lang.invoke.DirectMethodHandle::internalMemberName@4
                      ; - java.lang.invoke.DirectMethodHandle$Holder::invokeStatic@1
                      ;   {internal_word}
  0x00007f7654e8c7b8: 5c07 49ba | 5fc7 e854 | 767f 0000 | 4d89 9738 

  0x00007f7654e8c7c8: ;   {runtime_call SafepointBlob}
  0x00007f7654e8c7c8: 0500 00e9 | 90b3 4f07 | 498b 87e0 | 0500 0049 | c787 e005 | 0000 0000 | 0000 49c7 | 87e8 0500 
  0x00007f7654e8c7e8: 0000 0000 | 0048 83c4 

  0x00007f7654e8c7f0: ;   {runtime_call C1 Runtime unwind_exception_blob}
  0x00007f7654e8c7f0: 405d e969 | e75c 07f4 
[Stub Code]
  0x00007f7654e8c7f8: ;   {static_stub}
  0x00007f7654e8c7f8: 48bb 0000 | 0000 0000 

  0x00007f7654e8c800: ;   {runtime_call nmethod}
  0x00007f7654e8c800: 0000 e9fb 

  0x00007f7654e8c804: ;   {runtime_call C1 Runtime handle_exception_from_callee_blob}
  0x00007f7654e8c804: ffff ffe8 | 5418 5d07 

  0x00007f7654e8c80c: ;   {external_word}
  0x00007f7654e8c80c: 48bf 3c97 | 776e 767f | 0000 4883 

  0x00007f7654e8c818: ;   {runtime_call MacroAssembler::debug64(char*, long, long*)}
  0x00007f7654e8c818: e4f0 e8a1 | fd2b 19f4 
[Deopt Handler Code]
  0x00007f7654e8c820: ;   {section_word}
  0x00007f7654e8c820: 49ba 20c8 | e854 767f | 0000 4152 

  0x00007f7654e8c82c: ;   {runtime_call DeoptimizationBlob}
  0x00007f7654e8c82c: e9af 9a4f 

  0x00007f7654e8c830: ;   {section_word}
  0x00007f7654e8c830: 0749 ba31 | c8e8 5476 | 7f00 0041 

  0x00007f7654e8c83c: ;   {runtime_call DeoptimizationBlob}
  0x00007f7654e8c83c: 52e9 9e9a | 4f07 f4f4 | f4f4 f4f4 
[/MachCode]


---------------  P R O C E S S  ---------------

Threads class SMR info:
_java_thread_list=0x00007f754c009190, length=43, elements={
0x00007f766802eab0, 0x00007f7668140770, 0x00007f7668141f20, 0x00007f7668143950,
0x00007f76681451a0, 0x00007f7668146950, 0x00007f7668148680, 0x00007f7668149fa0,
0x00007f76681ecfb0, 0x00007f76681ef750, 0x00007f76106955b0, 0x00007f76685e9ad0,
0x00007f75e8001730, 0x00007f76685eb550, 0x00007f76685ec8c0, 0x00007f76686366c0,
0x00007f7668637ad0, 0x00007f7668642830, 0x00007f7668507b30, 0x00007f7668509fa0,
0x00007f7668516a10, 0x00007f75bc0056c0, 0x00007f75c0000f30, 0x00007f75e40079e0,
0x00007f766885e2e0, 0x00007f75c80227d0, 0x00007f75c810cc80, 0x00007f76686e7320,
0x00007f75c404b110, 0x00007f7668879420, 0x00007f76687d6480, 0x00007f76687d7890,
0x00007f7668b04e80, 0x00007f757c021880, 0x00007f7570000f30, 0x00007f7564000f30,
0x00007f766869d910, 0x00007f76686a1d70, 0x00007f7568000f30, 0x00007f7668ee5090,
0x00007f7668fda690, 0x00007f754c005810, 0x00007f754c007de0
}

Java Threads: ( => current thread )
=>0x00007f766802eab0 JavaThread "main"                              [_thread_in_native, id=1259085, stack(0x00007f766d210000,0x00007f766d310000) (1024K)]
  0x00007f7668140770 JavaThread "Reference Handler"          daemon [_thread_blocked, id=1259093, stack(0x00007f7650d00000,0x00007f7650e00000) (1024K)]
  0x00007f7668141f20 JavaThread "Finalizer"                  daemon [_thread_blocked, id=1259094, stack(0x00007f7650bff000,0x00007f7650cff000) (1024K)]
  0x00007f7668143950 JavaThread "Signal Dispatcher"          daemon [_thread_blocked, id=1259095, stack(0x00007f7650afe000,0x00007f7650bfe000) (1024K)]
  0x00007f76681451a0 JavaThread "Service Thread"             daemon [_thread_blocked, id=1259096, stack(0x00007f76509fd000,0x00007f7650afd000) (1024K)]
  0x00007f7668146950 JavaThread "Monitor Deflation Thread"   daemon [_thread_blocked, id=1259097, stack(0x00007f76508fc000,0x00007f76509fc000) (1024K)]
  0x00007f7668148680 JavaThread "C2 CompilerThread0"         daemon [_thread_blocked, id=1259098, stack(0x00007f76507fb000,0x00007f76508fb000) (1024K)]
  0x00007f7668149fa0 JavaThread "C1 CompilerThread0"         daemon [_thread_blocked, id=1259099, stack(0x00007f76506fa000,0x00007f76507fa000) (1024K)]
  0x00007f76681ecfb0 JavaThread "Notification Thread"        daemon [_thread_blocked, id=1259100, stack(0x00007f76505f9000,0x00007f76506f9000) (1024K)]
  0x00007f76681ef750 JavaThread "Common-Cleaner"             daemon [_thread_blocked, id=1259101, stack(0x00007f76504f8000,0x00007f76505f8000) (1024K)]
  0x00007f76106955b0 JavaThread "C2 CompilerThread1"         daemon [_thread_blocked, id=1259108, stack(0x00007f75f36ff000,0x00007f75f37ff000) (1024K)]
  0x00007f76685e9ad0 JavaThread "Equinox resolver thread - Equinox Container: 0eb4781c-d741-4465-b5b2-7947ad31313e" daemon [_thread_blocked, id=1259109, stack(0x00007f75f35fe000,0x00007f75f36fe000) (1024K)]
  0x00007f75e8001730 JavaThread "Equinox resolver thread - Equinox Container: 0eb4781c-d741-4465-b5b2-7947ad31313e" daemon [_thread_blocked, id=1259110, stack(0x00007f75f34fd000,0x00007f75f35fd000) (1024K)]
  0x00007f76685eb550 JavaThread "Equinox resolver thread - Equinox Container: 0eb4781c-d741-4465-b5b2-7947ad31313e" daemon [_thread_blocked, id=1259111, stack(0x00007f75f33fc000,0x00007f75f34fc000) (1024K)]
  0x00007f76685ec8c0 JavaThread "Equinox resolver thread - Equinox Container: 0eb4781c-d741-4465-b5b2-7947ad31313e" daemon [_thread_blocked, id=1259112, stack(0x00007f75f32fb000,0x00007f75f33fb000) (1024K)]
  0x00007f76686366c0 JavaThread "Equinox resolver thread - Equinox Container: 0eb4781c-d741-4465-b5b2-7947ad31313e" daemon [_thread_blocked, id=1259113, stack(0x00007f75f31fa000,0x00007f75f32fa000) (1024K)]
  0x00007f7668637ad0 JavaThread "Equinox resolver thread - Equinox Container: 0eb4781c-d741-4465-b5b2-7947ad31313e" daemon [_thread_blocked, id=1259114, stack(0x00007f75f30f9000,0x00007f75f31f9000) (1024K)]
  0x00007f7668642830 JavaThread "Active Thread: Equinox Container: 0eb4781c-d741-4465-b5b2-7947ad31313e"        [_thread_blocked, id=1259115, stack(0x00007f75f2ff8000,0x00007f75f30f8000) (1024K)]
  0x00007f7668507b30 JavaThread "Framework Event Dispatcher: Equinox Container: 0eb4781c-d741-4465-b5b2-7947ad31313e" daemon [_thread_blocked, id=1259116, stack(0x00007f75f2ef7000,0x00007f75f2ff7000) (1024K)]
  0x00007f7668509fa0 JavaThread "Start Level: Equinox Container: 0eb4781c-d741-4465-b5b2-7947ad31313e" daemon [_thread_blocked, id=1259117, stack(0x00007f75f2df6000,0x00007f75f2ef6000) (1024K)]
  0x00007f7668516a10 JavaThread "Refresh Thread: Equinox Container: 0eb4781c-d741-4465-b5b2-7947ad31313e" daemon [_thread_blocked, id=1259118, stack(0x00007f75f2cf5000,0x00007f75f2df5000) (1024K)]
  0x00007f75bc0056c0 JavaThread "Equinox resolver thread - Equinox Container: 0eb4781c-d741-4465-b5b2-7947ad31313e" daemon [_thread_blocked, id=1259119, stack(0x00007f75f2bf4000,0x00007f75f2cf4000) (1024K)]
  0x00007f75c0000f30 JavaThread "Equinox resolver thread - Equinox Container: 0eb4781c-d741-4465-b5b2-7947ad31313e" daemon [_thread_blocked, id=1259120, stack(0x00007f75f2af3000,0x00007f75f2bf3000) (1024K)]
  0x00007f75e40079e0 JavaThread "C2 CompilerThread2"         daemon [_thread_blocked, id=1259128, stack(0x00007f75f22eb000,0x00007f75f23eb000) (1024K)]
  0x00007f766885e2e0 JavaThread "Bundle File Closer"         daemon [_thread_blocked, id=1259129, stack(0x00007f75f21ea000,0x00007f75f22ea000) (1024K)]
  0x00007f75c80227d0 JavaThread "SCR Component Actor"        daemon [_thread_blocked, id=1259131, stack(0x00007f75f1fe8000,0x00007f75f20e8000) (1024K)]
  0x00007f75c810cc80 JavaThread "EMF Reference Cleaner"      daemon [_thread_blocked, id=1259132, stack(0x00007f75f1ee7000,0x00007f75f1fe7000) (1024K)]
  0x00007f76686e7320 JavaThread "Gogo shell"                        [_thread_blocked, id=1259133, stack(0x00007f75f1de6000,0x00007f75f1ee6000) (1024K)]
  0x00007f75c404b110 JavaThread "Worker-JM"                         [_thread_blocked, id=1259136, stack(0x00007f75f1ce5000,0x00007f75f1de5000) (1024K)]
  0x00007f7668879420 JavaThread "Worker-0"                          [_thread_blocked, id=1259137, stack(0x00007f75f1be4000,0x00007f75f1ce4000) (1024K)]
  0x00007f76687d6480 JavaThread "Java2D Disposer"            daemon [_thread_blocked, id=1259138, stack(0x00007f75f15f4000,0x00007f75f16f4000) (1024K)]
  0x00007f76687d7890 JavaThread "AWT-XAWT"                   daemon [_thread_in_native, id=1259139, stack(0x00007f75f14f3000,0x00007f75f15f3000) (1024K)]
  0x00007f7668b04e80 JavaThread "Database navigator events processor"        [_thread_blocked, id=1259140, stack(0x00007f75f13f2000,0x00007f75f14f2000) (1024K)]
  0x00007f757c021880 JavaThread "Worker-2"                          [_thread_blocked, id=1259141, stack(0x00007f75f12f1000,0x00007f75f13f1000) (1024K)]
  0x00007f7570000f30 JavaThread "Worker-3"                          [_thread_blocked, id=1259143, stack(0x00007f75f0563000,0x00007f75f0663000) (1024K)]
  0x00007f7564000f30 JavaThread "Worker-4"                          [_thread_blocked, id=1259144, stack(0x00007f75f0462000,0x00007f75f0562000) (1024K)]
  0x00007f766869d910 JavaThread "idle-timeout-task"          daemon [_thread_blocked, id=1259145, stack(0x00007f75f0361000,0x00007f75f0461000) (1024K)]
  0x00007f76686a1d70 JavaThread "HTTP-Dispatcher"                   [_thread_in_native, id=1259146, stack(0x00007f75f0260000,0x00007f75f0360000) (1024K)]
  0x00007f7568000f30 JavaThread "Worker-5"                          [_thread_blocked, id=1259147, stack(0x00007f75f015f000,0x00007f75f025f000) (1024K)]
  0x00007f7668ee5090 JavaThread "SWTResourceTracker"         daemon [_thread_blocked, id=1259148, stack(0x00007f75f005e000,0x00007f75f015e000) (1024K)]
  0x00007f7668fda690 JavaThread "EventAdmin Async Event Dispatcher Thread" daemon [_thread_blocked, id=1259150, stack(0x00007f7553dff000,0x00007f7553eff000) (1024K)]
  0x00007f754c005810 JavaThread "pool-2-thread-1"                   [_thread_blocked, id=1259151, stack(0x00007f7553cfe000,0x00007f7553dfe000) (1024K)]
  0x00007f754c007de0 JavaThread "pool-3-thread-1"                   [_thread_blocked, id=1259152, stack(0x00007f7553bfd000,0x00007f7553cfd000) (1024K)]
Total: 43

Other Threads:
  0x00007f76681067e0 VMThread "VM Thread"                           [id=1259092, stack(0x00007f76510f6000,0x00007f76511f6000) (1024K)]
  0x00007f76680caa70 WatcherThread "VM Periodic Task Thread"        [id=1259091, stack(0x00007f76511f7000,0x00007f76512f7000) (1024K)]
  0x00007f7668071750 WorkerThread "GC Thread#0"                     [id=1259086, stack(0x00007f766c300000,0x00007f766c400000) (1024K)]
  0x00007f7638007d70 WorkerThread "GC Thread#1"                     [id=1259121, stack(0x00007f75f29f2000,0x00007f75f2af2000) (1024K)]
  0x00007f7638008950 WorkerThread "GC Thread#2"                     [id=1259122, stack(0x00007f75f28f1000,0x00007f75f29f1000) (1024K)]
  0x00007f76380096f0 WorkerThread "GC Thread#3"                     [id=1259123, stack(0x00007f75f27f0000,0x00007f75f28f0000) (1024K)]
  0x00007f763800fa10 WorkerThread "GC Thread#4"                     [id=1259124, stack(0x00007f75f26ef000,0x00007f75f27ef000) (1024K)]
  0x00007f7638010a20 WorkerThread "GC Thread#5"                     [id=1259125, stack(0x00007f75f25ee000,0x00007f75f26ee000) (1024K)]
  0x00007f7638011c00 WorkerThread "GC Thread#6"                     [id=1259126, stack(0x00007f75f24ed000,0x00007f75f25ed000) (1024K)]
  0x00007f7638012de0 WorkerThread "GC Thread#7"                     [id=1259127, stack(0x00007f75f23ec000,0x00007f75f24ec000) (1024K)]
  0x00007f766807eee0 ConcurrentGCThread "G1 Main Marker"            [id=1259087, stack(0x00007f766c1ff000,0x00007f766c2ff000) (1024K)]
  0x00007f766807ffa0 WorkerThread "G1 Conc#0"                       [id=1259088, stack(0x00007f766c0fe000,0x00007f766c1fe000) (1024K)]
  0x00007f7644000cd0 WorkerThread "G1 Conc#1"                       [id=1259130, stack(0x00007f75f20e9000,0x00007f75f21e9000) (1024K)]
  0x00007f76680bd5a0 ConcurrentGCThread "G1 Refine#0"               [id=1259089, stack(0x00007f76513f9000,0x00007f76514f9000) (1024K)]
  0x00007f76680be680 ConcurrentGCThread "G1 Service"                [id=1259090, stack(0x00007f76512f8000,0x00007f76513f8000) (1024K)]
Total: 15

Threads with active compile tasks:
Total: 0

VM state: not at safepoint (normal execution)

VM Mutex/Monitor currently owned by a thread: None

Heap address: 0x00000000c0000000, size: 1024 MB, Compressed Oops mode: 32-bit

CDS archive(s) not mapped
Compressed class space mapped at: 0x0000000073000000-0x00000000b3000000, reserved size: 1073741824
UseCompressedClassPointers 1, UseCompactObjectHeaders 0
Narrow klass pointer bits 32, Max shift 3
Narrow klass base: 0x0000000000000000, Narrow klass shift: 0
Encoding Range: [0x0000000000000000 - 0x0000000100000000), (4294967296 bytes)
Klass Range:    [0x0000000073000000 - 0x00000000b3000000), (1073741824 bytes)
Klass ID Range:  [1929379840 - 3003121657) (1073741817)
No protection zone.

GC Precious Log:
 CardTable entry size: 512
 Card Set container configuration: InlinePtr #cards 5 size 8 Array Of Cards #cards 10 size 36 Howl #buckets 4 coarsen threshold 1843 Howl Bitmap #cards 512 size 80 coarsen threshold 460 Card regions per heap region 1 cards per card region 2048
 CPUs: 8 total, 8 available
 Memory: 15666M
 Large Page Support: Disabled
 NUMA Support: Disabled
 Compressed Oops: Enabled (32-bit)
 Heap Region Size: 1M
 Heap Min Capacity: 64M
 Heap Initial Capacity: 64M
 Heap Max Capacity: 1G
 Pre-touch: Disabled
 Parallel Workers: 8
 Concurrent Workers: 2
 Concurrent Refinement Workers: 8
 Periodic GC: Disabled

Heap:
 garbage-first heap   total reserved 1048576K, committed 140288K, used 65729K [0x00000000c0000000, 0x0000000100000000)
  region size 1024K, 34 young (34816K), 11 survivors (11264K)

Heap Regions: E=young(eden), S=young(survivor), O=old, HS=humongous(starts), HC=humongous(continues), CS=collection set, F=free, TAMS=top-at-mark-start, PB=parsable bottom
|   0|0x00000000c0000000, 0x00000000c0100000, 0x00000000c0100000|100%| O|  |TAMS 0x00000000c0000000| PB 0x00000000c0000000| Untracked |  0
|   1|0x00000000c0100000, 0x00000000c0200000, 0x00000000c0200000|100%| O|  |TAMS 0x00000000c0100000| PB 0x00000000c0100000| Untracked |  0
|   2|0x00000000c0200000, 0x00000000c0300000, 0x00000000c0300000|100%| O|  |TAMS 0x00000000c0200000| PB 0x00000000c0200000| Untracked |  0
|   3|0x00000000c0300000, 0x00000000c0400000, 0x00000000c0400000|100%| O|  |TAMS 0x00000000c0300000| PB 0x00000000c0300000| Untracked |  0
|   4|0x00000000c0400000, 0x00000000c0500000, 0x00000000c0500000|100%| O|  |TAMS 0x00000000c0400000| PB 0x00000000c0400000| Untracked |  0
|   5|0x00000000c0500000, 0x00000000c0600000, 0x00000000c0600000|100%| O|  |TAMS 0x00000000c0500000| PB 0x00000000c0500000| Untracked |  0
|   6|0x00000000c0600000, 0x00000000c0700000, 0x00000000c0700000|100%| O|  |TAMS 0x00000000c0600000| PB 0x00000000c0600000| Untracked |  0
|   7|0x00000000c0700000, 0x00000000c0800000, 0x00000000c0800000|100%| O|  |TAMS 0x00000000c0700000| PB 0x00000000c0700000| Untracked |  0
|   8|0x00000000c0800000, 0x00000000c0900000, 0x00000000c0900000|100%| O|  |TAMS 0x00000000c0800000| PB 0x00000000c0800000| Untracked |  0
|   9|0x00000000c0900000, 0x00000000c0a00000, 0x00000000c0a00000|100%| O|  |TAMS 0x00000000c0900000| PB 0x00000000c0900000| Untracked |  0
|  10|0x00000000c0a00000, 0x00000000c0b00000, 0x00000000c0b00000|100%| O|  |TAMS 0x00000000c0a00000| PB 0x00000000c0a00000| Untracked |  0
|  11|0x00000000c0b00000, 0x00000000c0c00000, 0x00000000c0c00000|100%|HS|  |TAMS 0x00000000c0b00000| PB 0x00000000c0b00000| Complete |  0
|  12|0x00000000c0c00000, 0x00000000c0d00000, 0x00000000c0d00000|100%| O|  |TAMS 0x00000000c0c00000| PB 0x00000000c0c00000| Untracked |  0
|  13|0x00000000c0d00000, 0x00000000c0e00000, 0x00000000c0e00000|100%| O|  |TAMS 0x00000000c0d00000| PB 0x00000000c0d00000| Untracked |  0
|  14|0x00000000c0e00000, 0x00000000c0f00000, 0x00000000c0f00000|100%| O|  |TAMS 0x00000000c0e00000| PB 0x00000000c0e00000| Untracked |  0
|  15|0x00000000c0f00000, 0x00000000c1000000, 0x00000000c1000000|100%| O|  |TAMS 0x00000000c0f00000| PB 0x00000000c0f00000| Untracked |  0
|  16|0x00000000c1000000, 0x00000000c10f4b40, 0x00000000c1100000| 95%| O|  |TAMS 0x00000000c1000000| PB 0x00000000c1000000| Untracked |  0
|  17|0x00000000c1100000, 0x00000000c1200000, 0x00000000c1200000|100%|HS|  |TAMS 0x00000000c1100000| PB 0x00000000c1100000| Complete |  0
|  18|0x00000000c1200000, 0x00000000c1300000, 0x00000000c1300000|100%|HS|  |TAMS 0x00000000c1200000| PB 0x00000000c1200000| Complete |  0
|  19|0x00000000c1300000, 0x00000000c1400000, 0x00000000c1400000|100%|HS|  |TAMS 0x00000000c1300000| PB 0x00000000c1300000| Complete |  0
|  20|0x00000000c1400000, 0x00000000c1400000, 0x00000000c1500000|  0%| F|  |TAMS 0x00000000c1400000| PB 0x00000000c1400000| Untracked |  0
|  21|0x00000000c1500000, 0x00000000c1500000, 0x00000000c1600000|  0%| F|  |TAMS 0x00000000c1500000| PB 0x00000000c1500000| Untracked |  0
|  22|0x00000000c1600000, 0x00000000c1600000, 0x00000000c1700000|  0%| F|  |TAMS 0x00000000c1600000| PB 0x00000000c1600000| Untracked |  0
|  23|0x00000000c1700000, 0x00000000c1700000, 0x00000000c1800000|  0%| F|  |TAMS 0x00000000c1700000| PB 0x00000000c1700000| Untracked |  0
|  24|0x00000000c1800000, 0x00000000c1800000, 0x00000000c1900000|  0%| F|  |TAMS 0x00000000c1800000| PB 0x00000000c1800000| Untracked |  0
|  25|0x00000000c1900000, 0x00000000c1900000, 0x00000000c1a00000|  0%| F|  |TAMS 0x00000000c1900000| PB 0x00000000c1900000| Untracked |  0
|  26|0x00000000c1a00000, 0x00000000c1a00000, 0x00000000c1b00000|  0%| F|  |TAMS 0x00000000c1a00000| PB 0x00000000c1a00000| Untracked |  0
|  27|0x00000000c1b00000, 0x00000000c1b00000, 0x00000000c1c00000|  0%| F|  |TAMS 0x00000000c1b00000| PB 0x00000000c1b00000| Untracked |  0
|  28|0x00000000c1c00000, 0x00000000c1c00000, 0x00000000c1d00000|  0%| F|  |TAMS 0x00000000c1c00000| PB 0x00000000c1c00000| Untracked |  0
|  29|0x00000000c1d00000, 0x00000000c1d00000, 0x00000000c1e00000|  0%| F|  |TAMS 0x00000000c1d00000| PB 0x00000000c1d00000| Untracked |  0
|  30|0x00000000c1e00000, 0x00000000c1e00000, 0x00000000c1f00000|  0%| F|  |TAMS 0x00000000c1e00000| PB 0x00000000c1e00000| Untracked |  0
|  31|0x00000000c1f00000, 0x00000000c1f00000, 0x00000000c2000000|  0%| F|  |TAMS 0x00000000c1f00000| PB 0x00000000c1f00000| Untracked |  0
|  32|0x00000000c2000000, 0x00000000c2000000, 0x00000000c2100000|  0%| F|  |TAMS 0x00000000c2000000| PB 0x00000000c2000000| Untracked |  0
|  33|0x00000000c2100000, 0x00000000c2100000, 0x00000000c2200000|  0%| F|  |TAMS 0x00000000c2100000| PB 0x00000000c2100000| Untracked |  0
|  34|0x00000000c2200000, 0x00000000c2200000, 0x00000000c2300000|  0%| F|  |TAMS 0x00000000c2200000| PB 0x00000000c2200000| Untracked |  0
|  35|0x00000000c2300000, 0x00000000c2300000, 0x00000000c2400000|  0%| F|  |TAMS 0x00000000c2300000| PB 0x00000000c2300000| Untracked |  0
|  36|0x00000000c2400000, 0x00000000c2400000, 0x00000000c2500000|  0%| F|  |TAMS 0x00000000c2400000| PB 0x00000000c2400000| Untracked |  0
|  37|0x00000000c2500000, 0x00000000c2500000, 0x00000000c2600000|  0%| F|  |TAMS 0x00000000c2500000| PB 0x00000000c2500000| Untracked |  0
|  38|0x00000000c2600000, 0x00000000c2600000, 0x00000000c2700000|  0%| F|  |TAMS 0x00000000c2600000| PB 0x00000000c2600000| Untracked |  0
|  39|0x00000000c2700000, 0x00000000c2700000, 0x00000000c2800000|  0%| F|  |TAMS 0x00000000c2700000| PB 0x00000000c2700000| Untracked |  0
|  40|0x00000000c2800000, 0x00000000c2800000, 0x00000000c2900000|  0%| F|  |TAMS 0x00000000c2800000| PB 0x00000000c2800000| Untracked |  0
|  41|0x00000000c2900000, 0x00000000c2a00000, 0x00000000c2a00000|100%| O|  |TAMS 0x00000000c2900000| PB 0x00000000c2900000| Untracked |  0
|  42|0x00000000c2a00000, 0x00000000c2a00000, 0x00000000c2b00000|  0%| F|  |TAMS 0x00000000c2a00000| PB 0x00000000c2a00000| Untracked |  0
|  43|0x00000000c2b00000, 0x00000000c2b00000, 0x00000000c2c00000|  0%| F|  |TAMS 0x00000000c2b00000| PB 0x00000000c2b00000| Untracked |  0
|  44|0x00000000c2c00000, 0x00000000c2c00000, 0x00000000c2d00000|  0%| F|  |TAMS 0x00000000c2c00000| PB 0x00000000c2c00000| Untracked |  0
|  45|0x00000000c2d00000, 0x00000000c2d00000, 0x00000000c2e00000|  0%| F|  |TAMS 0x00000000c2d00000| PB 0x00000000c2d00000| Untracked |  0
|  46|0x00000000c2e00000, 0x00000000c2e00000, 0x00000000c2f00000|  0%| F|  |TAMS 0x00000000c2e00000| PB 0x00000000c2e00000| Untracked |  0
|  47|0x00000000c2f00000, 0x00000000c2f00000, 0x00000000c3000000|  0%| F|  |TAMS 0x00000000c2f00000| PB 0x00000000c2f00000| Untracked |  0
|  48|0x00000000c3000000, 0x00000000c3000000, 0x00000000c3100000|  0%| F|  |TAMS 0x00000000c3000000| PB 0x00000000c3000000| Untracked |  0
|  49|0x00000000c3100000, 0x00000000c3200000, 0x00000000c3200000|100%| O|Cm|TAMS 0x00000000c3100000| PB 0x00000000c3100000| Complete |  0
|  50|0x00000000c3200000, 0x00000000c3200000, 0x00000000c3300000|  0%| F|  |TAMS 0x00000000c3200000| PB 0x00000000c3200000| Untracked |  0
|  51|0x00000000c3300000, 0x00000000c3300000, 0x00000000c3400000|  0%| F|  |TAMS 0x00000000c3300000| PB 0x00000000c3300000| Untracked |  0
|  52|0x00000000c3400000, 0x00000000c3400000, 0x00000000c3500000|  0%| F|  |TAMS 0x00000000c3400000| PB 0x00000000c3400000| Untracked |  0
|  53|0x00000000c3500000, 0x00000000c3500000, 0x00000000c3600000|  0%| F|  |TAMS 0x00000000c3500000| PB 0x00000000c3500000| Untracked |  0
|  54|0x00000000c3600000, 0x00000000c3700000, 0x00000000c3700000|100%| O|Cm|TAMS 0x00000000c3600000| PB 0x00000000c3600000| Complete |  0
|  55|0x00000000c3700000, 0x00000000c3700000, 0x00000000c3800000|  0%| F|  |TAMS 0x00000000c3700000| PB 0x00000000c3700000| Untracked |  0
|  56|0x00000000c3800000, 0x00000000c3900000, 0x00000000c3900000|100%| O|  |TAMS 0x00000000c3800000| PB 0x00000000c3800000| Untracked |  0
|  57|0x00000000c3900000, 0x00000000c3a00000, 0x00000000c3a00000|100%| O|  |TAMS 0x00000000c3900000| PB 0x00000000c3900000| Untracked |  0
|  58|0x00000000c3a00000, 0x00000000c3b00000, 0x00000000c3b00000|100%| O|  |TAMS 0x00000000c3a00000| PB 0x00000000c3a00000| Untracked |  0
|  59|0x00000000c3b00000, 0x00000000c3c00000, 0x00000000c3c00000|100%| O|  |TAMS 0x00000000c3b00000| PB 0x00000000c3b00000| Untracked |  0
|  60|0x00000000c3c00000, 0x00000000c3d00000, 0x00000000c3d00000|100%| O|  |TAMS 0x00000000c3c00000| PB 0x00000000c3c00000| Untracked |  0
|  61|0x00000000c3d00000, 0x00000000c3e00000, 0x00000000c3e00000|100%| O|  |TAMS 0x00000000c3d00000| PB 0x00000000c3d00000| Untracked |  0
|  62|0x00000000c3e00000, 0x00000000c3f00000, 0x00000000c3f00000|100%| O|  |TAMS 0x00000000c3e00000| PB 0x00000000c3e00000| Untracked |  0
|  63|0x00000000c3f00000, 0x00000000c4000000, 0x00000000c4000000|100%| O|  |TAMS 0x00000000c3f00000| PB 0x00000000c3f00000| Untracked |  0
|  64|0x00000000c4000000, 0x00000000c40d9ff8, 0x00000000c4100000| 85%| O|  |TAMS 0x00000000c4000000| PB 0x00000000c4000000| Untracked |  0
|  65|0x00000000c4100000, 0x00000000c4100000, 0x00000000c4200000|  0%| F|  |TAMS 0x00000000c4100000| PB 0x00000000c4100000| Untracked |  0
|  66|0x00000000c4200000, 0x00000000c4200000, 0x00000000c4300000|  0%| F|  |TAMS 0x00000000c4200000| PB 0x00000000c4200000| Untracked |  0
|  67|0x00000000c4300000, 0x00000000c4300000, 0x00000000c4400000|  0%| F|  |TAMS 0x00000000c4300000| PB 0x00000000c4300000| Untracked |  0
|  68|0x00000000c4400000, 0x00000000c4400000, 0x00000000c4500000|  0%| F|  |TAMS 0x00000000c4400000| PB 0x00000000c4400000| Untracked |  0
|  69|0x00000000c4500000, 0x00000000c4500000, 0x00000000c4600000|  0%| F|  |TAMS 0x00000000c4500000| PB 0x00000000c4500000| Untracked |  0
|  70|0x00000000c4600000, 0x00000000c4600000, 0x00000000c4700000|  0%| F|  |TAMS 0x00000000c4600000| PB 0x00000000c4600000| Untracked |  0
|  71|0x00000000c4700000, 0x00000000c4700000, 0x00000000c4800000|  0%| F|  |TAMS 0x00000000c4700000| PB 0x00000000c4700000| Untracked |  0
|  72|0x00000000c4800000, 0x00000000c4800000, 0x00000000c4900000|  0%| F|  |TAMS 0x00000000c4800000| PB 0x00000000c4800000| Untracked |  0
|  73|0x00000000c4900000, 0x00000000c4900000, 0x00000000c4a00000|  0%| F|  |TAMS 0x00000000c4900000| PB 0x00000000c4900000| Untracked |  0
|  74|0x00000000c4a00000, 0x00000000c4a00000, 0x00000000c4b00000|  0%| F|  |TAMS 0x00000000c4a00000| PB 0x00000000c4a00000| Untracked |  0
|  75|0x00000000c4b00000, 0x00000000c4b00000, 0x00000000c4c00000|  0%| F|  |TAMS 0x00000000c4b00000| PB 0x00000000c4b00000| Untracked |  0
|  76|0x00000000c4c00000, 0x00000000c4c00000, 0x00000000c4d00000|  0%| F|  |TAMS 0x00000000c4c00000| PB 0x00000000c4c00000| Untracked |  0
|  77|0x00000000c4d00000, 0x00000000c4d00000, 0x00000000c4e00000|  0%| F|  |TAMS 0x00000000c4d00000| PB 0x00000000c4d00000| Untracked |  0
|  78|0x00000000c4e00000, 0x00000000c4e00000, 0x00000000c4f00000|  0%| F|  |TAMS 0x00000000c4e00000| PB 0x00000000c4e00000| Untracked |  0
|  79|0x00000000c4f00000, 0x00000000c4f00000, 0x00000000c5000000|  0%| F|  |TAMS 0x00000000c4f00000| PB 0x00000000c4f00000| Untracked |  0
|  80|0x00000000c5000000, 0x00000000c5000000, 0x00000000c5100000|  0%| F|  |TAMS 0x00000000c5000000| PB 0x00000000c5000000| Untracked |  0
|  81|0x00000000c5100000, 0x00000000c5100000, 0x00000000c5200000|  0%| F|  |TAMS 0x00000000c5100000| PB 0x00000000c5100000| Untracked |  0
|  82|0x00000000c5200000, 0x00000000c5200000, 0x00000000c5300000|  0%| F|  |TAMS 0x00000000c5200000| PB 0x00000000c5200000| Untracked |  0
|  83|0x00000000c5300000, 0x00000000c5300000, 0x00000000c5400000|  0%| F|  |TAMS 0x00000000c5300000| PB 0x00000000c5300000| Untracked |  0
|  84|0x00000000c5400000, 0x00000000c5400000, 0x00000000c5500000|  0%| F|  |TAMS 0x00000000c5400000| PB 0x00000000c5400000| Untracked |  0
|  85|0x00000000c5500000, 0x00000000c5500000, 0x00000000c5600000|  0%| F|  |TAMS 0x00000000c5500000| PB 0x00000000c5500000| Untracked |  0
|  86|0x00000000c5600000, 0x00000000c5600000, 0x00000000c5700000|  0%| F|  |TAMS 0x00000000c5600000| PB 0x00000000c5600000| Untracked |  0
|  87|0x00000000c5700000, 0x00000000c5700000, 0x00000000c5800000|  0%| F|  |TAMS 0x00000000c5700000| PB 0x00000000c5700000| Untracked |  0
|  88|0x00000000c5800000, 0x00000000c5800000, 0x00000000c5900000|  0%| F|  |TAMS 0x00000000c5800000| PB 0x00000000c5800000| Untracked |  0
|  89|0x00000000c5900000, 0x00000000c5900000, 0x00000000c5a00000|  0%| F|  |TAMS 0x00000000c5900000| PB 0x00000000c5900000| Untracked |  0
|  90|0x00000000c5a00000, 0x00000000c5a00000, 0x00000000c5b00000|  0%| F|  |TAMS 0x00000000c5a00000| PB 0x00000000c5a00000| Untracked |  0
|  91|0x00000000c5b00000, 0x00000000c5b00000, 0x00000000c5c00000|  0%| F|  |TAMS 0x00000000c5b00000| PB 0x00000000c5b00000| Untracked |  0
|  92|0x00000000c5c00000, 0x00000000c5c00000, 0x00000000c5d00000|  0%| F|  |TAMS 0x00000000c5c00000| PB 0x00000000c5c00000| Untracked |  0
|  93|0x00000000c5d00000, 0x00000000c5d61a40, 0x00000000c5e00000| 38%| S|CS|TAMS 0x00000000c5d00000| PB 0x00000000c5d00000| Complete |  0
|  94|0x00000000c5e00000, 0x00000000c5f00000, 0x00000000c5f00000|100%| S|CS|TAMS 0x00000000c5e00000| PB 0x00000000c5e00000| Complete |  0
|  95|0x00000000c5f00000, 0x00000000c6000000, 0x00000000c6000000|100%| S|CS|TAMS 0x00000000c5f00000| PB 0x00000000c5f00000| Complete |  0
|  96|0x00000000c6000000, 0x00000000c6100000, 0x00000000c6100000|100%| S|CS|TAMS 0x00000000c6000000| PB 0x00000000c6000000| Complete |  0
|  97|0x00000000c6100000, 0x00000000c6200000, 0x00000000c6200000|100%| S|CS|TAMS 0x00000000c6100000| PB 0x00000000c6100000| Complete |  0
|  98|0x00000000c6200000, 0x00000000c6300000, 0x00000000c6300000|100%| S|CS|TAMS 0x00000000c6200000| PB 0x00000000c6200000| Complete |  0
|  99|0x00000000c6300000, 0x00000000c6400000, 0x00000000c6400000|100%| S|CS|TAMS 0x00000000c6300000| PB 0x00000000c6300000| Complete |  0
| 100|0x00000000c6400000, 0x00000000c6500000, 0x00000000c6500000|100%| S|CS|TAMS 0x00000000c6400000| PB 0x00000000c6400000| Complete |  0
| 101|0x00000000c6500000, 0x00000000c6600000, 0x00000000c6600000|100%| S|CS|TAMS 0x00000000c6500000| PB 0x00000000c6500000| Complete |  0
| 102|0x00000000c6600000, 0x00000000c6700000, 0x00000000c6700000|100%| S|CS|TAMS 0x00000000c6600000| PB 0x00000000c6600000| Complete |  0
| 103|0x00000000c6700000, 0x00000000c6800000, 0x00000000c6800000|100%| S|CS|TAMS 0x00000000c6700000| PB 0x00000000c6700000| Complete |  0
| 104|0x00000000c6800000, 0x00000000c6800000, 0x00000000c6900000|  0%| F|  |TAMS 0x00000000c6800000| PB 0x00000000c6800000| Untracked |  0
| 105|0x00000000c6900000, 0x00000000c6900000, 0x00000000c6a00000|  0%| F|  |TAMS 0x00000000c6900000| PB 0x00000000c6900000| Untracked |  0
| 106|0x00000000c6a00000, 0x00000000c6a00000, 0x00000000c6b00000|  0%| F|  |TAMS 0x00000000c6a00000| PB 0x00000000c6a00000| Untracked |  0
| 107|0x00000000c6b00000, 0x00000000c6b00000, 0x00000000c6c00000|  0%| F|  |TAMS 0x00000000c6b00000| PB 0x00000000c6b00000| Untracked |  0
| 108|0x00000000c6c00000, 0x00000000c6c00000, 0x00000000c6d00000|  0%| F|  |TAMS 0x00000000c6c00000| PB 0x00000000c6c00000| Untracked |  0
| 109|0x00000000c6d00000, 0x00000000c6d00000, 0x00000000c6e00000|  0%| F|  |TAMS 0x00000000c6d00000| PB 0x00000000c6d00000| Untracked |  0
| 110|0x00000000c6e00000, 0x00000000c6e00000, 0x00000000c6f00000|  0%| F|  |TAMS 0x00000000c6e00000| PB 0x00000000c6e00000| Untracked |  0
| 111|0x00000000c6f00000, 0x00000000c6f00000, 0x00000000c7000000|  0%| F|  |TAMS 0x00000000c6f00000| PB 0x00000000c6f00000| Untracked |  0
| 112|0x00000000c7000000, 0x00000000c7000000, 0x00000000c7100000|  0%| F|  |TAMS 0x00000000c7000000| PB 0x00000000c7000000| Untracked |  0
| 113|0x00000000c7100000, 0x00000000c7100000, 0x00000000c7200000|  0%| F|  |TAMS 0x00000000c7100000| PB 0x00000000c7100000| Untracked |  0
| 114|0x00000000c7200000, 0x00000000c7300000, 0x00000000c7300000|100%| E|  |TAMS 0x00000000c7200000| PB 0x00000000c7200000| Complete |  0
| 115|0x00000000c7300000, 0x00000000c7400000, 0x00000000c7400000|100%| E|CS|TAMS 0x00000000c7300000| PB 0x00000000c7300000| Complete |  0
| 116|0x00000000c7400000, 0x00000000c7500000, 0x00000000c7500000|100%| E|CS|TAMS 0x00000000c7400000| PB 0x00000000c7400000| Complete |  0
| 117|0x00000000c7500000, 0x00000000c7600000, 0x00000000c7600000|100%| E|CS|TAMS 0x00000000c7500000| PB 0x00000000c7500000| Complete |  0
| 118|0x00000000c7600000, 0x00000000c7700000, 0x00000000c7700000|100%| E|CS|TAMS 0x00000000c7600000| PB 0x00000000c7600000| Complete |  0
| 119|0x00000000c7700000, 0x00000000c7800000, 0x00000000c7800000|100%| E|CS|TAMS 0x00000000c7700000| PB 0x00000000c7700000| Complete |  0
| 120|0x00000000c7800000, 0x00000000c7900000, 0x00000000c7900000|100%| E|CS|TAMS 0x00000000c7800000| PB 0x00000000c7800000| Complete |  0
| 121|0x00000000c7900000, 0x00000000c7a00000, 0x00000000c7a00000|100%| E|CS|TAMS 0x00000000c7900000| PB 0x00000000c7900000| Complete |  0
| 122|0x00000000c7a00000, 0x00000000c7b00000, 0x00000000c7b00000|100%| E|CS|TAMS 0x00000000c7a00000| PB 0x00000000c7a00000| Complete |  0
| 123|0x00000000c7b00000, 0x00000000c7c00000, 0x00000000c7c00000|100%| E|CS|TAMS 0x00000000c7b00000| PB 0x00000000c7b00000| Complete |  0
| 124|0x00000000c7c00000, 0x00000000c7d00000, 0x00000000c7d00000|100%| E|CS|TAMS 0x00000000c7c00000| PB 0x00000000c7c00000| Complete |  0
| 125|0x00000000c7d00000, 0x00000000c7e00000, 0x00000000c7e00000|100%| E|CS|TAMS 0x00000000c7d00000| PB 0x00000000c7d00000| Complete |  0
| 126|0x00000000c7e00000, 0x00000000c7f00000, 0x00000000c7f00000|100%| E|CS|TAMS 0x00000000c7e00000| PB 0x00000000c7e00000| Complete |  0
| 127|0x00000000c7f00000, 0x00000000c8000000, 0x00000000c8000000|100%| E|CS|TAMS 0x00000000c7f00000| PB 0x00000000c7f00000| Complete |  0
| 128|0x00000000c8000000, 0x00000000c8100000, 0x00000000c8100000|100%| E|CS|TAMS 0x00000000c8000000| PB 0x00000000c8000000| Complete |  0
| 129|0x00000000c8100000, 0x00000000c8200000, 0x00000000c8200000|100%| E|CS|TAMS 0x00000000c8100000| PB 0x00000000c8100000| Complete |  0
| 130|0x00000000c8200000, 0x00000000c8300000, 0x00000000c8300000|100%| E|CS|TAMS 0x00000000c8200000| PB 0x00000000c8200000| Complete |  0
| 131|0x00000000c8300000, 0x00000000c8400000, 0x00000000c8400000|100%| E|CS|TAMS 0x00000000c8300000| PB 0x00000000c8300000| Complete |  0
| 132|0x00000000c8400000, 0x00000000c8500000, 0x00000000c8500000|100%| E|CS|TAMS 0x00000000c8400000| PB 0x00000000c8400000| Complete |  0
| 133|0x00000000c8500000, 0x00000000c8600000, 0x00000000c8600000|100%| E|CS|TAMS 0x00000000c8500000| PB 0x00000000c8500000| Complete |  0
| 174|0x00000000cae00000, 0x00000000caf00000, 0x00000000caf00000|100%| E|CS|TAMS 0x00000000cae00000| PB 0x00000000cae00000| Complete |  0
| 175|0x00000000caf00000, 0x00000000cb000000, 0x00000000cb000000|100%| E|CS|TAMS 0x00000000caf00000| PB 0x00000000caf00000| Complete |  0
| 176|0x00000000cb000000, 0x00000000cb100000, 0x00000000cb100000|100%| E|CS|TAMS 0x00000000cb000000| PB 0x00000000cb000000| Complete |  0

Card table byte_map: [0x00007f766c400000,0x00007f766c600000] _byte_map_base: 0x00007f766be00000

Marking Bits: (CMBitMap*) 0x00007f7668072390
 Bits: [0x00007f7653c00000, 0x00007f7654c00000)

Polling page: 0x00007f766eee7000

Metaspace:
Metaspace        used 54485K, committed 55808K, reserved 1114112K
 class space     used 6401K, committed 6976K, reserved 1048576K

Usage:
  Non-class:     46.96 MB used.
      Class:      6.25 MB used.
       Both:     53.21 MB used.

Virtual space:
  Non-class space:       64.00 MB reserved,      47.69 MB ( 75%) committed,  1 nodes.
      Class space:        1.00 GB reserved,       6.81 MB ( <1%) committed,  1 nodes.
             Both:        1.06 GB reserved,      54.50 MB (  5%) committed. 

Chunk freelists:
   Non-Class:  15.78 MB
       Class:  9.16 MB
        Both:  24.94 MB

MaxMetaspaceSize: unlimited
CompressedClassSpaceSize: 1.00 GB
Initial GC threshold: 21.00 MB
Current GC threshold: 82.12 MB
CDS: off
 - commit_granule_bytes: 65536.
 - commit_granule_words: 8192.
 - virtual_space_node_default_size: 8388608.
 - enlarge_chunks_in_place: 1.
UseCompressedClassPointers 1, UseCompactObjectHeaders 0
Narrow klass pointer bits 32, Max shift 3
Narrow klass base: 0x0000000000000000, Narrow klass shift: 0
Encoding Range: [0x0000000000000000 - 0x0000000100000000), (4294967296 bytes)
Klass Range:    [0x0000000073000000 - 0x00000000b3000000), (1073741824 bytes)
Klass ID Range:  [1929379840 - 3003121657) (1073741817)
No protection zone.


Internal statistics:

num_allocs_failed_limit: 6.
num_arena_births: 638.
num_arena_deaths: 0.
num_vsnodes_births: 2.
num_vsnodes_deaths: 0.
num_space_committed: 872.
num_space_uncommitted: 0.
num_chunks_returned_to_freelist: 6.
num_chunks_taken_from_freelist: 2684.
num_chunk_merges: 6.
num_chunk_splits: 1677.
num_chunks_enlarged: 1000.
num_inconsistent_stats: 0.

CodeHeap 'non-profiled nmethods': size=120032Kb used=2854Kb max_used=2919Kb free=117177Kb
 bounds [0x00007f765c8c8000, 0x00007f765cba8000, 0x00007f7663e00000]
CodeHeap 'profiled nmethods': size=120032Kb used=9289Kb max_used=9724Kb free=110742Kb
 bounds [0x00007f7654dfe000, 0x00007f765578e000, 0x00007f765c336000]
CodeHeap 'non-nmethods': size=5704Kb used=2102Kb max_used=2228Kb free=3601Kb
 bounds [0x00007f765c336000, 0x00007f765c5a6000, 0x00007f765c8c8000]
CodeCache: size=245768Kb, used=14245Kb, max_used=14871Kb, free=231520Kb
 total_blobs=7199, nmethods=6302, adapters=801, full_count=0
Compilation: enabled, stopped_count=0, restarted_count=0

Compilation events (20 events):
Event: 4.959 Thread 0x00007f7668149fa0 7129       3       java.lang.invoke.InnerClassLambdaMetafactory$1::<init> (25 bytes)
Event: 4.959 Thread 0x00007f7668149fa0 nmethod 7129 0x00007f765506bc08 code [0x00007f765506bd00, 0x00007f765506c070]
Event: 4.959 Thread 0x00007f7668149fa0 7130       3       java.lang.invoke.InnerClassLambdaMetafactory$1::accept (9 bytes)
Event: 4.959 Thread 0x00007f7668149fa0 nmethod 7130 0x00007f76552f6a08 code [0x00007f76552f6b00, 0x00007f76552f6d10]
Event: 4.959 Thread 0x00007f7668149fa0 7132       3       java.lang.classfile.ClassBuilder::withInterfaceSymbols (11 bytes)
Event: 4.959 Thread 0x00007f7668149fa0 nmethod 7132 0x00007f7654f1e408 code [0x00007f7654f1e500, 0x00007f7654f1ec08]
Event: 4.959 Thread 0x00007f7668149fa0 7133       3       java.lang.invoke.InnerClassLambdaMetafactory::forwardingMethod (10 bytes)
Event: 4.959 Thread 0x00007f7668149fa0 nmethod 7133 0x00007f76553aec08 code [0x00007f76553aed00, 0x00007f76553af030]
Event: 4.959 Thread 0x00007f7668149fa0 7135       3       java.lang.invoke.MethodHandles$Lookup::makeHiddenClassDefiner (16 bytes)
Event: 4.959 Thread 0x00007f7668149fa0 nmethod 7135 0x00007f7654f1e008 code [0x00007f7654f1e100, 0x00007f7654f1e3a8]
Event: 4.959 Thread 0x00007f7668149fa0 7136       3       java.lang.invoke.InnerClassLambdaMetafactory::spinInnerClass (124 bytes)
Event: 4.959 Thread 0x00007f7668149fa0 nmethod 7136 0x00007f7654f1dc88 code [0x00007f7654f1dd80, 0x00007f7654f1dff8]
Event: 4.962 Thread 0x00007f7668149fa0 7138       3       org.eclipse.emf.ecore.impl.EClassImpl::getEStructuralFeature (23 bytes)
Event: 4.962 Thread 0x00007f7668149fa0 nmethod 7138 0x00007f7654f1d888 code [0x00007f7654f1d980, 0x00007f7654f1dc18]
Event: 4.964 Thread 0x00007f7668149fa0 7139       3       org.eclipse.swt.widgets.EventTable::hooks (47 bytes)
Event: 4.965 Thread 0x00007f7668149fa0 nmethod 7139 0x00007f7654f1d388 code [0x00007f7654f1d480, 0x00007f7654f1d700]
Event: 4.965 Thread 0x00007f76106955b0 7140       4       org.eclipse.e4.core.internal.contexts.EclipseContext::trackAccess (32 bytes)
Event: 4.969 Thread 0x00007f7668148680 7141       4       java.util.concurrent.ConcurrentHashMap::putIfAbsent (8 bytes)
Event: 4.970 Thread 0x00007f7668148680 nmethod 7141 0x00007f765ca7f488 code [0x00007f765ca7f580, 0x00007f765ca7f628]
Event: 4.971 Thread 0x00007f76106955b0 nmethod 7140 0x00007f765ca7e788 code [0x00007f765ca7e880, 0x00007f765ca7f418]

GC Heap Usage History (20 events):
Event: 1.336 {heap Before GC invocations=3 (full 0):
 garbage-first heap   total reserved 1048576K, committed 65536K, used 43125K [0x00000000c0000000, 0x0000000100000000)
  region size 1024K, 36 young (36864K), 5 survivors (5120K)
}
Event: 1.347 {heap After GC invocations=4 (full 0):
 garbage-first heap   total reserved 1048576K, committed 65536K, used 26543K [0x00000000c0000000, 0x0000000100000000)
  region size 1024K, 5 young (5120K), 5 survivors (5120K)
}
Event: 1.370 {heap Before GC invocations=4 (full 0):
 garbage-first heap   total reserved 1048576K, committed 65536K, used 43951K [0x00000000c0000000, 0x0000000100000000)
  region size 1024K, 22 young (22528K), 5 survivors (5120K)
}
Event: 1.378 {heap After GC invocations=5 (full 0):
 garbage-first heap   total reserved 1048576K, committed 65536K, used 40960K [0x00000000c0000000, 0x0000000100000000)
  region size 1024K, 3 young (3072K), 3 survivors (3072K)
}
Event: 1.407 {heap Before GC invocations=5 (full 0):
 garbage-first heap   total reserved 1048576K, committed 65536K, used 51200K [0x00000000c0000000, 0x0000000100000000)
  region size 1024K, 13 young (13312K), 3 survivors (3072K)
}
Event: 1.411 {heap After GC invocations=6 (full 0):
 garbage-first heap   total reserved 1048576K, committed 131072K, used 47616K [0x00000000c0000000, 0x0000000100000000)
  region size 1024K, 2 young (2048K), 2 survivors (2048K)
}
Event: 1.504 {heap Before GC invocations=7 (full 0):
 garbage-first heap   total reserved 1048576K, committed 131072K, used 81408K [0x00000000c0000000, 0x0000000100000000)
  region size 1024K, 35 young (35840K), 2 survivors (2048K)
}
Event: 1.510 {heap After GC invocations=8 (full 0):
 garbage-first heap   total reserved 1048576K, committed 131072K, used 55296K [0x00000000c0000000, 0x0000000100000000)
  region size 1024K, 5 young (5120K), 5 survivors (5120K)
}
Event: 1.825 {heap Before GC invocations=8 (full 0):
 garbage-first heap   total reserved 1048576K, committed 131072K, used 89088K [0x00000000c0000000, 0x0000000100000000)
  region size 1024K, 38 young (38912K), 5 survivors (5120K)
}
Event: 1.833 {heap After GC invocations=9 (full 0):
 garbage-first heap   total reserved 1048576K, committed 131072K, used 61169K [0x00000000c0000000, 0x0000000100000000)
  region size 1024K, 5 young (5120K), 5 survivors (5120K)
}
Event: 2.234 {heap Before GC invocations=9 (full 0):
 garbage-first heap   total reserved 1048576K, committed 131072K, used 93937K [0x00000000c0000000, 0x0000000100000000)
  region size 1024K, 38 young (38912K), 5 survivors (5120K)
}
Event: 2.248 {heap After GC invocations=10 (full 0):
 garbage-first heap   total reserved 1048576K, committed 131072K, used 66422K [0x00000000c0000000, 0x0000000100000000)
  region size 1024K, 5 young (5120K), 5 survivors (5120K)
}
Event: 2.774 {heap Before GC invocations=10 (full 0):
 garbage-first heap   total reserved 1048576K, committed 131072K, used 87926K [0x00000000c0000000, 0x0000000100000000)
  region size 1024K, 28 young (28672K), 5 survivors (5120K)
}
Event: 2.778 {heap After GC invocations=11 (full 0):
 garbage-first heap   total reserved 1048576K, committed 131072K, used 71000K [0x00000000c0000000, 0x0000000100000000)
  region size 1024K, 5 young (5120K), 5 survivors (5120K)
}
Event: 3.072 {heap Before GC invocations=12 (full 0):
 garbage-first heap   total reserved 1048576K, committed 122880K, used 69976K [0x00000000c0000000, 0x0000000100000000)
  region size 1024K, 37 young (37888K), 5 survivors (5120K)
}
Event: 3.077 {heap After GC invocations=13 (full 0):
 garbage-first heap   total reserved 1048576K, committed 122880K, used 39790K [0x00000000c0000000, 0x0000000100000000)
  region size 1024K, 3 young (3072K), 3 survivors (3072K)
}
Event: 3.151 {heap Before GC invocations=13 (full 0):
 garbage-first heap   total reserved 1048576K, committed 122880K, used 87918K [0x00000000c0000000, 0x0000000100000000)
  region size 1024K, 50 young (51200K), 3 survivors (3072K)
}
Event: 3.154 {heap After GC invocations=14 (full 0):
 garbage-first heap   total reserved 1048576K, committed 181248K, used 31667K [0x00000000c0000000, 0x0000000100000000)
  region size 1024K, 3 young (3072K), 3 survivors (3072K)
}
Event: 4.444 {heap Before GC invocations=14 (full 0):
 garbage-first heap   total reserved 1048576K, committed 181248K, used 110515K [0x00000000c0000000, 0x0000000100000000)
  region size 1024K, 76 young (77824K), 3 survivors (3072K)
}
Event: 4.452 {heap After GC invocations=15 (full 0):
 garbage-first heap   total reserved 1048576K, committed 181248K, used 41153K [0x00000000c0000000, 0x0000000100000000)
  region size 1024K, 11 young (11264K), 11 survivors (11264K)
}

Metaspace Usage History (20 events):
Event: 1.336 {metaspace Before GC invocations=3 (full 0):
 Metaspace       used 17610K, committed 17792K, reserved 1114112K
  class space    used 1736K, committed 1856K, reserved 1048576K
}
Event: 1.347 {metaspace After GC invocations=4 (full 0):
 Metaspace       used 17610K, committed 17792K, reserved 1114112K
  class space    used 1736K, committed 1856K, reserved 1048576K
}
Event: 1.370 {metaspace Before GC invocations=4 (full 0):
 Metaspace       used 17623K, committed 17856K, reserved 1114112K
  class space    used 1736K, committed 1856K, reserved 1048576K
}
Event: 1.378 {metaspace After GC invocations=5 (full 0):
 Metaspace       used 17623K, committed 17856K, reserved 1114112K
  class space    used 1736K, committed 1856K, reserved 1048576K
}
Event: 1.407 {metaspace Before GC invocations=5 (full 0):
 Metaspace       used 17646K, committed 17920K, reserved 1114112K
  class space    used 1736K, committed 1856K, reserved 1048576K
}
Event: 1.411 {metaspace After GC invocations=6 (full 0):
 Metaspace       used 17646K, committed 17920K, reserved 1114112K
  class space    used 1736K, committed 1856K, reserved 1048576K
}
Event: 1.504 {metaspace Before GC invocations=7 (full 0):
 Metaspace       used 17650K, committed 17920K, reserved 1114112K
  class space    used 1736K, committed 1856K, reserved 1048576K
}
Event: 1.510 {metaspace After GC invocations=8 (full 0):
 Metaspace       used 17650K, committed 17920K, reserved 1114112K
  class space    used 1736K, committed 1856K, reserved 1048576K
}
Event: 1.825 {metaspace Before GC invocations=8 (full 0):
 Metaspace       used 20607K, committed 20864K, reserved 1114112K
  class space    used 2068K, committed 2176K, reserved 1048576K
}
Event: 1.833 {metaspace After GC invocations=9 (full 0):
 Metaspace       used 20607K, committed 20864K, reserved 1114112K
  class space    used 2068K, committed 2176K, reserved 1048576K
}
Event: 2.234 {metaspace Before GC invocations=9 (full 0):
 Metaspace       used 21378K, committed 21760K, reserved 1114112K
  class space    used 2144K, committed 2304K, reserved 1048576K
}
Event: 2.248 {metaspace After GC invocations=10 (full 0):
 Metaspace       used 21378K, committed 21760K, reserved 1114112K
  class space    used 2144K, committed 2304K, reserved 1048576K
}
Event: 2.774 {metaspace Before GC invocations=10 (full 0):
 Metaspace       used 29194K, committed 29888K, reserved 1114112K
  class space    used 3024K, committed 3328K, reserved 1048576K
}
Event: 2.778 {metaspace After GC invocations=11 (full 0):
 Metaspace       used 29194K, committed 29888K, reserved 1114112K
  class space    used 3024K, committed 3328K, reserved 1048576K
}
Event: 3.072 {metaspace Before GC invocations=12 (full 0):
 Metaspace       used 33265K, committed 34048K, reserved 1114112K
  class space    used 3568K, committed 3904K, reserved 1048576K
}
Event: 3.077 {metaspace After GC invocations=13 (full 0):
 Metaspace       used 33265K, committed 34048K, reserved 1114112K
  class space    used 3568K, committed 3904K, reserved 1048576K
}
Event: 3.151 {metaspace Before GC invocations=13 (full 0):
 Metaspace       used 33444K, committed 34240K, reserved 1114112K
  class space    used 3589K, committed 3904K, reserved 1048576K
}
Event: 3.154 {metaspace After GC invocations=14 (full 0):
 Metaspace       used 33444K, committed 34240K, reserved 1114112K
  class space    used 3589K, committed 3904K, reserved 1048576K
}
Event: 4.444 {metaspace Before GC invocations=14 (full 0):
 Metaspace       used 49024K, committed 50176K, reserved 1114112K
  class space    used 5673K, committed 6208K, reserved 1048576K
}
Event: 4.452 {metaspace After GC invocations=15 (full 0):
 Metaspace       used 49024K, committed 50176K, reserved 1114112K
  class space    used 5673K, committed 6208K, reserved 1048576K
}

Dll operation events (18 events):
Event: 0.010 Loaded shared library /usr/share/dbeaver-ce/jre/lib/libjava.so
Event: 0.062 Loaded shared library /usr/share/dbeaver-ce/jre/lib/libsimdsort.so
Event: 0.141 Loaded shared library /usr/share/dbeaver-ce/jre/lib/libnio.so
Event: 0.149 Loaded shared library /usr/share/dbeaver-ce/jre/lib/libzip.so
Event: 0.173 Loaded shared library /usr/share/dbeaver-ce/jre/lib/libnet.so
Event: 0.203 Loaded shared library /usr/share/dbeaver-ce/jre/lib/libjimage.so
Event: 0.267 Loaded shared library /usr/share/dbeaver-ce/plugins/org.eclipse.equinox.launcher.gtk.linux.x86_64_1.2.1500.v20250801-0854/eclipse_11916.so
Event: 2.567 Loaded shared library /usr/share/dbeaver-ce/jre/lib/libverify.so
Event: 2.598 Loaded shared library /home/dan/.local/share/DBeaverData/install-data/org.jkiss.dbeaver.product/26.2.0-202608301738/org.eclipse.osgi/152/0/.cp/libswt-gtk-4973r12.so
Event: 2.600 Loaded shared library /home/dan/.local/share/DBeaverData/install-data/org.jkiss.dbeaver.product/26.2.0-202608301738/org.eclipse.osgi/152/0/.cp/libswt-pi3-gtk-4973r12.so
Event: 2.691 Loaded shared library /usr/share/dbeaver-ce/jre/lib/libawt.so
Event: 2.695 Loaded shared library /usr/share/dbeaver-ce/jre/lib/libawt_xawt.so
Event: 2.727 Loaded shared library /usr/share/dbeaver-ce/jre/lib/libfontmanager.so
Event: 3.397 Loaded shared library /usr/share/dbeaver-ce/jre/lib/libjaas.so
Event: 3.412 Loaded shared library /home/dan/.local/share/DBeaverData/install-data/org.jkiss.dbeaver.product/26.2.0-202608301738/org.eclipse.osgi/49/0/.cp/os/linux/x86_64/libunixfile_1_0_0.so
Event: 3.550 Loaded shared library /home/dan/.local/share/DBeaverData/install-data/org.jkiss.dbeaver.product/26.2.0-202608301738/org.eclipse.osgi/152/0/.cp/libswt-cairo-gtk-4973r12.so
Event: 3.678 Loaded shared library /usr/share/dbeaver-ce/jre/lib/libextnet.so
Event: 4.216 Loaded shared library /home/dan/.local/share/DBeaverData/install-data/org.jkiss.dbeaver.product/26.2.0-202608301738/org.eclipse.osgi/152/0/.cp/libswt-atk-gtk-4973r12.so

Deoptimization events (20 events):
Event: 4.874 Thread 0x00007f766802eab0 Uncommon trap: trap_request=0xffffffde fr.pc=0x00007f765cb44504 relative=0x0000000000000084
Event: 4.874 Thread 0x00007f766802eab0 Uncommon trap: reason=class_check action=maybe_recompile pc=0x00007f765cb44504 method=org.eclipse.emf.common.notify.impl.BasicNotifierImpl.eNotificationRequired()Z @ 8 c2
Event: 4.874 Thread 0x00007f766802eab0 DEOPT PACKING pc=0x00007f765cb44504 sp=0x00007f766d30d850
Event: 4.874 Thread 0x00007f766802eab0 DEOPT UNPACKING pc=0x00007f765c464079 sp=0x00007f766d30d800 mode 2
Event: 4.887 Thread 0x00007f766802eab0 Uncommon trap: trap_request=0xffffffde fr.pc=0x00007f765cb44504 relative=0x0000000000000084
Event: 4.887 Thread 0x00007f766802eab0 Uncommon trap: reason=class_check action=maybe_recompile pc=0x00007f765cb44504 method=org.eclipse.emf.common.notify.impl.BasicNotifierImpl.eNotificationRequired()Z @ 8 c2
Event: 4.887 Thread 0x00007f766802eab0 DEOPT PACKING pc=0x00007f765cb44504 sp=0x00007f766d30d6e0
Event: 4.887 Thread 0x00007f766802eab0 DEOPT UNPACKING pc=0x00007f765c464079 sp=0x00007f766d30d690 mode 2
Event: 4.892 Thread 0x00007f766802eab0 Uncommon trap: trap_request=0xffffff45 fr.pc=0x00007f765cb8d2bc relative=0x0000000000000d9c
Event: 4.892 Thread 0x00007f766802eab0 Uncommon trap: reason=unstable_if action=reinterpret pc=0x00007f765cb8d2bc method=org.eclipse.swt.graphics.Image.getImageDataAtCurrentZoom()Lorg/eclipse/swt/graphics/ImageData; @ 263 c2
Event: 4.892 Thread 0x00007f766802eab0 DEOPT PACKING pc=0x00007f765cb8d2bc sp=0x00007f766d30d4c0
Event: 4.892 Thread 0x00007f766802eab0 DEOPT UNPACKING pc=0x00007f765c464079 sp=0x00007f766d30d408 mode 2
Event: 4.928 Thread 0x00007f766802eab0 Uncommon trap: trap_request=0xffffff6e fr.pc=0x00007f765ca530d8 relative=0x0000000000000558
Event: 4.928 Thread 0x00007f766802eab0 Uncommon trap: reason=predicate action=maybe_recompile pc=0x00007f765ca530d8 method=java.util.TimSort.binarySort([Ljava/lang/Object;IIILjava/util/Comparator;)V @ 34 c2
Event: 4.928 Thread 0x00007f766802eab0 DEOPT PACKING pc=0x00007f765ca530d8 sp=0x00007f766d30d5e0
Event: 4.928 Thread 0x00007f766802eab0 DEOPT UNPACKING pc=0x00007f765c464079 sp=0x00007f766d30d580 mode 2
Event: 4.928 Thread 0x00007f766802eab0 Uncommon trap: trap_request=0xfffffff4 fr.pc=0x00007f765cb6a000 relative=0x0000000000000180
Event: 4.928 Thread 0x00007f766802eab0 Uncommon trap: reason=null_check action=make_not_entrant pc=0x00007f765cb6a000 method=java.lang.reflect.Array.newInstance(Ljava/lang/Class;I)Ljava/lang/Object; @ 2 c2
Event: 4.928 Thread 0x00007f766802eab0 DEOPT PACKING pc=0x00007f765cb6a000 sp=0x00007f766d30d780
Event: 4.928 Thread 0x00007f766802eab0 DEOPT UNPACKING pc=0x00007f765c464079 sp=0x00007f766d30d738 mode 2

Classes loaded (20 events):
Event: 4.911 Loading class java/util/concurrent/CompletableFuture$AsyncSupply
Event: 4.911 Loading class java/util/concurrent/CompletableFuture$AsyncSupply done
Event: 4.911 Loading class java/util/concurrent/ForkJoinTask$Aux
Event: 4.911 Loading class java/util/concurrent/ForkJoinTask$Aux done
Event: 4.911 Loading class java/util/concurrent/CompletableFuture$UniAccept
Event: 4.911 Loading class java/util/concurrent/CompletableFuture$UniCompletion
Event: 4.912 Loading class java/util/concurrent/CompletableFuture$UniCompletion done
Event: 4.912 Loading class java/util/concurrent/CompletableFuture$UniAccept done
Event: 4.926 Loading class java/text/CollationElementIterator
Event: 4.927 Loading class java/text/CollationElementIterator done
Event: 4.927 Loading class sun/text/CollatorUtilities
Event: 4.927 Loading class sun/text/CollatorUtilities done
Event: 4.927 Loading class jdk/internal/icu/text/UCharacterIterator
Event: 4.927 Loading class jdk/internal/icu/text/UCharacterIterator done
Event: 4.927 Loading class jdk/internal/icu/impl/ReplaceableUCharacterIterator
Event: 4.927 Loading class jdk/internal/icu/impl/ReplaceableUCharacterIterator done
Event: 4.927 Loading class jdk/internal/icu/text/ReplaceableString
Event: 4.928 Loading class jdk/internal/icu/text/Replaceable
Event: 4.928 Loading class jdk/internal/icu/text/Replaceable done
Event: 4.928 Loading class jdk/internal/icu/text/ReplaceableString done

Classes unloaded (0 events):
No events

Classes redefined (0 events):
No events

Internal exceptions (20 events):
Event: 4.709 Thread 0x00007f766802eab0 Exception <a 'java/io/FileNotFoundException'{0x00000000c7dd1c78}> (0x00000000c7dd1c78) 
thrown [src/hotspot/share/prims/jni.cpp, line 516]
Event: 4.813 Thread 0x00007f766802eab0 Exception <a 'java/lang/NoSuchMethodError'{0x00000000c7aedd18}: 'void java.lang.invoke.DirectMethodHandle$Holder.invokeStatic(java.lang.Object, int)'> (0x00000000c7aedd18) 
thrown [src/hotspot/share/interpreter/linkResolver.cpp, line 803]
Event: 4.835 Thread 0x00007f766802eab0 Exception <a 'java/io/FileNotFoundException'{0x00000000c7989b20}> (0x00000000c7989b20) 
thrown [src/hotspot/share/prims/jni.cpp, line 516]
Event: 4.835 Thread 0x00007f766802eab0 Exception <a 'java/io/FileNotFoundException'{0x00000000c798ac80}> (0x00000000c798ac80) 
thrown [src/hotspot/share/prims/jni.cpp, line 516]
Event: 4.835 Thread 0x00007f766802eab0 Exception <a 'java/io/FileNotFoundException'{0x00000000c798bd70}> (0x00000000c798bd70) 
thrown [src/hotspot/share/prims/jni.cpp, line 516]
Event: 4.835 Thread 0x00007f766802eab0 Exception <a 'java/io/FileNotFoundException'{0x00000000c798cee0}> (0x00000000c798cee0) 
thrown [src/hotspot/share/prims/jni.cpp, line 516]
Event: 4.835 Thread 0x00007f766802eab0 Exception <a 'java/io/FileNotFoundException'{0x00000000c798e080}> (0x00000000c798e080) 
thrown [src/hotspot/share/prims/jni.cpp, line 516]
Event: 4.835 Thread 0x00007f766802eab0 Exception <a 'java/io/FileNotFoundException'{0x00000000c798f230}> (0x00000000c798f230) 
thrown [src/hotspot/share/prims/jni.cpp, line 516]
Event: 4.835 Thread 0x00007f766802eab0 Exception <a 'java/io/FileNotFoundException'{0x00000000c7990358}> (0x00000000c7990358) 
thrown [src/hotspot/share/prims/jni.cpp, line 516]
Event: 4.835 Thread 0x00007f766802eab0 Exception <a 'java/io/FileNotFoundException'{0x00000000c79914b0}> (0x00000000c79914b0) 
thrown [src/hotspot/share/prims/jni.cpp, line 516]
Event: 4.835 Thread 0x00007f766802eab0 Exception <a 'java/io/FileNotFoundException'{0x00000000c79925c8}> (0x00000000c79925c8) 
thrown [src/hotspot/share/prims/jni.cpp, line 516]
Event: 4.835 Thread 0x00007f766802eab0 Exception <a 'java/io/FileNotFoundException'{0x00000000c79936c0}> (0x00000000c79936c0) 
thrown [src/hotspot/share/prims/jni.cpp, line 516]
Event: 4.835 Thread 0x00007f766802eab0 Exception <a 'java/io/FileNotFoundException'{0x00000000c79948e8}> (0x00000000c79948e8) 
thrown [src/hotspot/share/prims/jni.cpp, line 516]
Event: 4.835 Thread 0x00007f766802eab0 Exception <a 'java/io/FileNotFoundException'{0x00000000c7995a70}> (0x00000000c7995a70) 
thrown [src/hotspot/share/prims/jni.cpp, line 516]
Event: 4.835 Thread 0x00007f766802eab0 Exception <a 'java/io/FileNotFoundException'{0x00000000c7996f38}> (0x00000000c7996f38) 
thrown [src/hotspot/share/prims/jni.cpp, line 516]
Event: 4.841 Thread 0x00007f766802eab0 Exception <a 'java/lang/NoSuchMethodError'{0x00000000c79bf800}: 'void java.lang.invoke.DirectMethodHandle$Holder.invokeVirtual(java.lang.Object, java.lang.Object, java.lang.Object, int)'> (0x00000000c79bf800) 
thrown [src/hotspot/share/interpreter/linkResolver.cpp, line 803]
Event: 4.842 Thread 0x00007f766802eab0 Exception <a 'java/lang/NoSuchMethodError'{0x00000000c79cff38}: 'java.lang.Object java.lang.invoke.DirectMethodHandle$Holder.invokeVirtual(java.lang.Object, java.lang.Object, java.lang.Object)'> (0x00000000c79cff38) 
thrown [src/hotspot/share/interpreter/linkResolver.cpp, line 803]
Event: 4.845 Thread 0x00007f766802eab0 Exception <a 'java/lang/NoSuchMethodError'{0x00000000c79e90c8}: 'java.lang.Object java.lang.invoke.Invokers$Holder.invoke_MT(java.lang.Object, java.lang.Object, java.lang.Object, java.lang.Object, java.lang.Object)'> (0x00000000c79e90c8) 
thrown [src/hotspot/share/interpreter/linkResolver.cpp, line 803]
Event: 4.907 Thread 0x00007f766802eab0 Exception <a 'java/io/FileNotFoundException'{0x00000000c76b0590}> (0x00000000c76b0590) 
thrown [src/hotspot/share/prims/jni.cpp, line 516]
Event: 4.928 Thread 0x00007f766802eab0 Implicit null exception at 0x00007f765cb69ea1 to 0x00007f765cb69ff0

VM Operations (20 events):
Event: 4.295 Executing non-safepoint VM operation: HandshakeAllThreads (Deoptimize)
Event: 4.295 Executing non-safepoint VM operation: HandshakeAllThreads (Deoptimize) done
Event: 4.295 Executing non-safepoint VM operation: HandshakeAllThreads (Deoptimize)
Event: 4.295 Executing non-safepoint VM operation: HandshakeAllThreads (Deoptimize) done
Event: 4.429 Executing non-safepoint VM operation: HandshakeAllThreads (Deoptimize)
Event: 4.430 Executing non-safepoint VM operation: HandshakeAllThreads (Deoptimize) done
Event: 4.444 Executing safepoint VM operation: CollectForMetadataAllocation (Metadata GC Threshold)
Event: 4.453 Executing safepoint VM operation: CollectForMetadataAllocation (Metadata GC Threshold) done
Event: 4.476 Executing non-safepoint VM operation: HandshakeAllThreads (Deoptimize)
Event: 4.476 Executing non-safepoint VM operation: HandshakeAllThreads (Deoptimize) done
Event: 4.491 Executing safepoint VM operation: G1PauseRemark
Event: 4.495 Executing safepoint VM operation: G1PauseRemark done
Event: 4.507 Executing safepoint VM operation: G1PauseCleanup
Event: 4.507 Executing safepoint VM operation: G1PauseCleanup done
Event: 4.839 Executing non-safepoint VM operation: HandshakeAllThreads (Deoptimize)
Event: 4.839 Executing non-safepoint VM operation: HandshakeAllThreads (Deoptimize) done
Event: 4.844 Executing non-safepoint VM operation: HandshakeAllThreads (Deoptimize)
Event: 4.844 Executing non-safepoint VM operation: HandshakeAllThreads (Deoptimize) done
Event: 4.867 Executing non-safepoint VM operation: HandshakeAllThreads (Deoptimize)
Event: 4.867 Executing non-safepoint VM operation: HandshakeAllThreads (Deoptimize) done

Memory protections (20 events):
Event: 2.331 Protecting memory [0x00007f75f1ee7000,0x00007f75f1eeb000] with protection modes 0
Event: 2.477 Protecting memory [0x00007f75f1de6000,0x00007f75f1dea000] with protection modes 0
Event: 2.484 Protecting memory [0x00007f75f1ce5000,0x00007f75f1ce9000] with protection modes 0
Event: 2.485 Protecting memory [0x00007f75f1be4000,0x00007f75f1be8000] with protection modes 0
Event: 2.532 Protecting memory [0x00007f75f1ce5000,0x00007f75f1ce9000] with protection modes 0
Event: 2.608 Protecting memory [0x00007f75f1be4000,0x00007f75f1be8000] with protection modes 0
Event: 2.759 Protecting memory [0x00007f75f15f4000,0x00007f75f15f8000] with protection modes 0
Event: 2.760 Protecting memory [0x00007f75f14f3000,0x00007f75f14f7000] with protection modes 0
Event: 3.360 Protecting memory [0x00007f75f13f2000,0x00007f75f13f6000] with protection modes 0
Event: 3.509 Protecting memory [0x00007f75f12f1000,0x00007f75f12f5000] with protection modes 0
Event: 3.610 Protecting memory [0x00007f75f0563000,0x00007f75f0567000] with protection modes 0
Event: 3.610 Protecting memory [0x00007f75f0462000,0x00007f75f0466000] with protection modes 0
Event: 3.726 Protecting memory [0x00007f75f0361000,0x00007f75f0365000] with protection modes 0
Event: 3.730 Protecting memory [0x00007f75f0260000,0x00007f75f0264000] with protection modes 0
Event: 4.018 Protecting memory [0x00007f75f015f000,0x00007f75f0163000] with protection modes 0
Event: 4.170 Protecting memory [0x00007f75f005e000,0x00007f75f0062000] with protection modes 0
Event: 4.676 Protecting memory [0x00007f7553dff000,0x00007f7553e03000] with protection modes 0
Event: 4.907 Protecting memory [0x00007f7553dff000,0x00007f7553e03000] with protection modes 0
Event: 4.911 Protecting memory [0x00007f7553cfe000,0x00007f7553d02000] with protection modes 0
Event: 4.912 Protecting memory [0x00007f7553bfd000,0x00007f7553c01000] with protection modes 0

Nmethod flushes (20 events):
Event: 4.494 Thread 0x00007f76681067e0 flushing  nmethod 0x00007f76552e1708
Event: 4.494 Thread 0x00007f76681067e0 flushing  nmethod 0x00007f76552e2708
Event: 4.494 Thread 0x00007f76681067e0 flushing  nmethod 0x00007f76552e3a88
Event: 4.494 Thread 0x00007f76681067e0 flushing  nmethod 0x00007f76552ea208
Event: 4.494 Thread 0x00007f76681067e0 flushing  nmethod 0x00007f7655314988
Event: 4.494 Thread 0x00007f76681067e0 flushing  nmethod 0x00007f7655317e88
Event: 4.494 Thread 0x00007f76681067e0 flushing  nmethod 0x00007f7655319d88
Event: 4.494 Thread 0x00007f76681067e0 flushing  nmethod 0x00007f765531a088
Event: 4.494 Thread 0x00007f76681067e0 flushing  nmethod 0x00007f765531cf88
Event: 4.494 Thread 0x00007f76681067e0 flushing  nmethod 0x00007f7655321308
Event: 4.494 Thread 0x00007f76681067e0 flushing  nmethod 0x00007f7655324e88
Event: 4.494 Thread 0x00007f76681067e0 flushing  nmethod 0x00007f765536ce08
Event: 4.494 Thread 0x00007f76681067e0 flushing osr nmethod 0x00007f765536fc88
Event: 4.494 Thread 0x00007f76681067e0 flushing  nmethod 0x00007f7655370e88
Event: 4.494 Thread 0x00007f76681067e0 flushing  nmethod 0x00007f7655384908
Event: 4.494 Thread 0x00007f76681067e0 flushing  nmethod 0x00007f7655386508
Event: 4.494 Thread 0x00007f76681067e0 flushing  nmethod 0x00007f7655479b08
Event: 4.494 Thread 0x00007f76681067e0 flushing  nmethod 0x00007f7655480288
Event: 4.494 Thread 0x00007f76681067e0 flushing  nmethod 0x00007f7655480f08
Event: 4.494 Thread 0x00007f76681067e0 flushing  nmethod 0x00007f7655482d08

Events (20 events):
Event: 2.485 Thread 0x00007f758800abb0 Thread added: 0x00007f757c000f50
Event: 2.492 Thread 0x00007f757c000f50 Thread exited: 0x00007f757c000f50
Event: 2.492 Thread 0x00007f758800abb0 Thread exited: 0x00007f758800abb0
Event: 2.532 Thread 0x00007f7668507b30 Thread added: 0x00007f75c404b110
Event: 2.608 Thread 0x00007f766802eab0 Thread added: 0x00007f7668879420
Event: 2.759 Thread 0x00007f766802eab0 Thread added: 0x00007f76687d6480
Event: 2.760 Thread 0x00007f766802eab0 Thread added: 0x00007f76687d7890
Event: 3.360 Thread 0x00007f766802eab0 Thread added: 0x00007f7668b04e80
Event: 3.509 Thread 0x00007f7668879420 Thread added: 0x00007f757c021880
Event: 3.610 Thread 0x00007f757c021880 Thread added: 0x00007f7570000f30
Event: 3.610 Thread 0x00007f7570000f30 Thread added: 0x00007f7564000f30
Event: 3.726 Thread 0x00007f766802eab0 Thread added: 0x00007f766869d910
Event: 3.730 Thread 0x00007f766802eab0 Thread added: 0x00007f76686a1d70
Event: 4.018 Thread 0x00007f7564000f30 Thread added: 0x00007f7568000f30
Event: 4.169 Thread 0x00007f766802eab0 Thread added: 0x00007f7668ee5090
Event: 4.676 Thread 0x00007f766802eab0 Thread added: 0x00007f766915fb20
Event: 4.681 Thread 0x00007f766915fb20 Thread exited: 0x00007f766915fb20
Event: 4.907 Thread 0x00007f766802eab0 Thread added: 0x00007f7668fda690
Event: 4.911 Thread 0x00007f7668fda690 Thread added: 0x00007f754c005810
Event: 4.912 Thread 0x00007f7668fda690 Thread added: 0x00007f754c007de0


Dynamic libraries:
73000000-73080000 rw-p 00000000 00:00 0 
73080000-730a0000 rw-p 00000000 00:00 0 
730a0000-730c0000 rw-p 00000000 00:00 0 
730c0000-73140000 rw-p 00000000 00:00 0 
73140000-731c0000 rw-p 00000000 00:00 0 
731c0000-73200000 rw-p 00000000 00:00 0 
73200000-732c0000 rw-p 00000000 00:00 0 
732c0000-73300000 rw-p 00000000 00:00 0 
73300000-73440000 rw-p 00000000 00:00 0 
73440000-73470000 rw-p 00000000 00:00 0 
73470000-73480000 ---p 00000000 00:00 0 
73480000-736e0000 rw-p 00000000 00:00 0 
736e0000-b3000000 ---p 00000000 00:00 0 
c0000000-c8600000 rw-p 00000000 00:00 0 
c8600000-cae00000 ---p 00000000 00:00 0 
cae00000-cb100000 rw-p 00000000 00:00 0 
cb100000-100000000 ---p 00000000 00:00 0 
55d6fef6d000-55d6fef6e000 r--p 00000000 fe:00 4468261                    /usr/share/dbeaver-ce/jre/bin/java
55d6fef6e000-55d6fef6f000 r-xp 00001000 fe:00 4468261                    /usr/share/dbeaver-ce/jre/bin/java
55d6fef6f000-55d6fef70000 r--p 00002000 fe:00 4468261                    /usr/share/dbeaver-ce/jre/bin/java
55d6fef70000-55d6fef71000 r--p 00002000 fe:00 4468261                    /usr/share/dbeaver-ce/jre/bin/java
55d6fef71000-55d6fef72000 rw-p 00003000 fe:00 4468261                    /usr/share/dbeaver-ce/jre/bin/java
55d7357c0000-55d73580a000 rw-p 00000000 00:00 0                          [heap]
7f7544000000-7f7544021000 rw-p 00000000 00:00 0 
7f7544021000-7f7548000000 ---p 00000000 00:00 0 
7f754c000000-7f754c021000 rw-p 00000000 00:00 0 
7f754c021000-7f7550000000 ---p 00000000 00:00 0 
7f7553bfc000-7f7553bfd000 ---p 00000000 00:00 0 
7f7553bfd000-7f7553c01000 ---p 00000000 00:00 0 
7f7553c01000-7f7553cfd000 rw-p 00000000 00:00 0 
7f7553cfd000-7f7553cfe000 ---p 00000000 00:00 0 
7f7553cfe000-7f7553d02000 ---p 00000000 00:00 0 
7f7553d02000-7f7553dfe000 rw-p 00000000 00:00 0 
7f7553dfe000-7f7553dff000 ---p 00000000 00:00 0 
7f7553dff000-7f7553e03000 ---p 00000000 00:00 0 
7f7553e03000-7f7553eff000 rw-p 00000000 00:00 0 
7f7553eff000-7f7553f01000 r--p 00000000 fe:00 3973004                    /usr/lib/x86_64-linux-gnu/libogg.so.0.8.5
7f7553f01000-7f7553f04000 r-xp 00002000 fe:00 3973004                    /usr/lib/x86_64-linux-gnu/libogg.so.0.8.5
7f7553f04000-7f7553f07000 r--p 00005000 fe:00 3973004                    /usr/lib/x86_64-linux-gnu/libogg.so.0.8.5
7f7553f07000-7f7553f08000 r--p 00008000 fe:00 3973004                    /usr/lib/x86_64-linux-gnu/libogg.so.0.8.5
7f7553f08000-7f7553f09000 rw-p 00009000 fe:00 3973004                    /usr/lib/x86_64-linux-gnu/libogg.so.0.8.5
7f7553f09000-7f7553f0c000 r--p 00000000 fe:00 3973015                    /usr/lib/x86_64-linux-gnu/libvorbis.so.0.4.9
7f7553f0c000-7f7553f24000 r-xp 00003000 fe:00 3973015                    /usr/lib/x86_64-linux-gnu/libvorbis.so.0.4.9
7f7553f24000-7f7553f35000 r--p 0001b000 fe:00 3973015                    /usr/lib/x86_64-linux-gnu/libvorbis.so.0.4.9
7f7553f35000-7f7553f36000 r--p 0002c000 fe:00 3973015                    /usr/lib/x86_64-linux-gnu/libvorbis.so.0.4.9
7f7553f36000-7f7553f37000 rw-p 0002d000 fe:00 3973015                    /usr/lib/x86_64-linux-gnu/libvorbis.so.0.4.9
7f7553f37000-7f7553f3b000 r--p 00000000 fe:00 3973379                    /usr/lib/x86_64-linux-gnu/libtdb.so.1.4.13
7f7553f3b000-7f7553f48000 r-xp 00004000 fe:00 3973379                    /usr/lib/x86_64-linux-gnu/libtdb.so.1.4.13
7f7553f48000-7f7553f4e000 r--p 00011000 fe:00 3973379                    /usr/lib/x86_64-linux-gnu/libtdb.so.1.4.13
7f7553f4e000-7f7553f4f000 r--p 00016000 fe:00 3973379                    /usr/lib/x86_64-linux-gnu/libtdb.so.1.4.13
7f7553f4f000-7f7553f50000 rw-p 00017000 fe:00 3973379                    /usr/lib/x86_64-linux-gnu/libtdb.so.1.4.13
7f7554000000-7f7554021000 rw-p 00000000 00:00 0 
7f7554021000-7f7558000000 ---p 00000000 00:00 0 
7f7558000000-7f7558021000 rw-p 00000000 00:00 0 
7f7558021000-7f755c000000 ---p 00000000 00:00 0 
7f755c000000-7f755c021000 rw-p 00000000 00:00 0 
7f755c021000-7f7560000000 ---p 00000000 00:00 0 
7f7560000000-7f7560021000 rw-p 00000000 00:00 0 
7f7560021000-7f7564000000 ---p 00000000 00:00 0 
7f7564000000-7f7564021000 rw-p 00000000 00:00 0 
7f7564021000-7f7568000000 ---p 00000000 00:00 0 
7f7568000000-7f7568021000 rw-p 00000000 00:00 0 
7f7568021000-7f756c000000 ---p 00000000 00:00 0 
7f756c000000-7f756c021000 rw-p 00000000 00:00 0 
7f756c021000-7f7570000000 ---p 00000000 00:00 0 
7f7570000000-7f7570021000 rw-p 00000000 00:00 0 
7f7570021000-7f7574000000 ---p 00000000 00:00 0 
7f7574000000-7f7574021000 rw-p 00000000 00:00 0 
7f7574021000-7f7578000000 ---p 00000000 00:00 0 
7f7578000000-7f7578021000 rw-p 00000000 00:00 0 
7f7578021000-7f757c000000 ---p 00000000 00:00 0 
7f757c000000-7f757c04a000 rw-p 00000000 00:00 0 
7f757c04a000-7f7580000000 ---p 00000000 00:00 0 
7f7580000000-7f7580021000 rw-p 00000000 00:00 0 
7f7580021000-7f7584000000 ---p 00000000 00:00 0 
7f7584000000-7f7584021000 rw-p 00000000 00:00 0 
7f7584021000-7f7588000000 ---p 00000000 00:00 0 
7f7588000000-7f7588021000 rw-p 00000000 00:00 0 
7f7588021000-7f758c000000 ---p 00000000 00:00 0 
7f758c000000-7f758c021000 rw-p 00000000 00:00 0 
7f758c021000-7f7590000000 ---p 00000000 00:00 0 
7f7590000000-7f7590021000 rw-p 00000000 00:00 0 
7f7590021000-7f7594000000 ---p 00000000 00:00 0 
7f7594000000-7f7595cbe000 rw-p 00000000 00:00 0 
7f7595cbe000-7f7598000000 ---p 00000000 00:00 0 
7f7598000000-7f7598021000 rw-p 00000000 00:00 0 
7f7598021000-7f759c000000 ---p 00000000 00:00 0 
7f759c000000-7f759c021000 rw-p 00000000 00:00 0 
7f759c021000-7f75a0000000 ---p 00000000 00:00 0 
7f75a0000000-7f75a0021000 rw-p 00000000 00:00 0 
7f75a0021000-7f75a4000000 ---p 00000000 00:00 0 
7f75a4000000-7f75a4021000 rw-p 00000000 00:00 0 
7f75a4021000-7f75a8000000 ---p 00000000 00:00 0 
7f75a8000000-7f75a8021000 rw-p 00000000 00:00 0 
7f75a8021000-7f75ac000000 ---p 00000000 00:00 0 
7f75ac000000-7f75ac021000 rw-p 00000000 00:00 0 
7f75ac021000-7f75b0000000 ---p 00000000 00:00 0 
7f75b0000000-7f75b0021000 rw-p 00000000 00:00 0 
7f75b0021000-7f75b4000000 ---p 00000000 00:00 0 
7f75b4000000-7f75b4021000 rw-p 00000000 00:00 0 
7f75b4021000-7f75b8000000 ---p 00000000 00:00 0 
7f75b8000000-7f75b8021000 rw-p 00000000 00:00 0 
7f75b8021000-7f75bc000000 ---p 00000000 00:00 0 
7f75bc000000-7f75bc02c000 rw-p 00000000 00:00 0 
7f75bc02c000-7f75c0000000 ---p 00000000 00:00 0 
7f75c0000000-7f75c0021000 rw-p 00000000 00:00 0 
7f75c0021000-7f75c4000000 ---p 00000000 00:00 0 
7f75c4000000-7f75c4080000 rw-p 00000000 00:00 0 
7f75c4080000-7f75c8000000 ---p 00000000 00:00 0 
7f75c8000000-7f75c87a3000 rw-p 00000000 00:00 0 
7f75c87a3000-7f75cc000000 ---p 00000000 00:00 0 
7f75cc000000-7f75cc021000 rw-p 00000000 00:00 0 
7f75cc021000-7f75d0000000 ---p 00000000 00:00 0 
7f75d0000000-7f75d0021000 rw-p 00000000 00:00 0 
7f75d0021000-7f75d4000000 ---p 00000000 00:00 0 
7f75d4000000-7f75d4021000 rw-p 00000000 00:00 0 
7f75d4021000-7f75d8000000 ---p 00000000 00:00 0 
7f75d8000000-7f75d8021000 rw-p 00000000 00:00 0 
7f75d8021000-7f75dc000000 ---p 00000000 00:00 0 
7f75dc000000-7f75dc021000 rw-p 00000000 00:00 0 
7f75dc021000-7f75e0000000 ---p 00000000 00:00 0 
7f75e0000000-7f75e0021000 rw-p 00000000 00:00 0 
7f75e0021000-7f75e4000000 ---p 00000000 00:00 0 
7f75e4000000-7f75e5fff000 rw-p 00000000 00:00 0 
7f75e5fff000-7f75e8000000 ---p 00000000 00:00 0 
7f75e8000000-7f75e8021000 rw-p 00000000 00:00 0 
7f75e8021000-7f75ec000000 ---p 00000000 00:00 0 
7f75ec000000-7f75ec06b000 rw-p 00000000 00:00 0 
7f75ec06b000-7f75f0000000 ---p 00000000 00:00 0 
7f75f0004000-7f75f0006000 r--p 00000000 fe:00 3955240                    /usr/lib/x86_64-linux-gnu/libltdl.so.7.3.3
7f75f0006000-7f75f000b000 r-xp 00002000 fe:00 3955240                    /usr/lib/x86_64-linux-gnu/libltdl.so.7.3.3
7f75f000b000-7f75f000d000 r--p 00007000 fe:00 3955240                    /usr/lib/x86_64-linux-gnu/libltdl.so.7.3.3
7f75f000d000-7f75f000e000 r--p 00009000 fe:00 3955240                    /usr/lib/x86_64-linux-gnu/libltdl.so.7.3.3
7f75f000e000-7f75f000f000 rw-p 0000a000 fe:00 3955240                    /usr/lib/x86_64-linux-gnu/libltdl.so.7.3.3
7f75f000f000-7f75f0011000 r--p 00000000 fe:00 3973381                    /usr/lib/x86_64-linux-gnu/libvorbisfile.so.3.3.8
7f75f0011000-7f75f0016000 r-xp 00002000 fe:00 3973381                    /usr/lib/x86_64-linux-gnu/libvorbisfile.so.3.3.8
7f75f0016000-7f75f0017000 r--p 00007000 fe:00 3973381                    /usr/lib/x86_64-linux-gnu/libvorbisfile.so.3.3.8
7f75f0017000-7f75f0018000 r--p 00008000 fe:00 3973381                    /usr/lib/x86_64-linux-gnu/libvorbisfile.so.3.3.8
7f75f0018000-7f75f0019000 rw-p 00009000 fe:00 3973381                    /usr/lib/x86_64-linux-gnu/libvorbisfile.so.3.3.8
7f75f0019000-7f75f001c000 r--p 00000000 fe:00 3973383                    /usr/lib/x86_64-linux-gnu/libcanberra.so.0.2.5
7f75f001c000-7f75f0026000 r-xp 00003000 fe:00 3973383                    /usr/lib/x86_64-linux-gnu/libcanberra.so.0.2.5
7f75f0026000-7f75f002a000 r--p 0000d000 fe:00 3973383                    /usr/lib/x86_64-linux-gnu/libcanberra.so.0.2.5
7f75f002a000-7f75f002b000 r--p 00010000 fe:00 3973383                    /usr/lib/x86_64-linux-gnu/libcanberra.so.0.2.5
7f75f002b000-7f75f002c000 rw-p 00011000 fe:00 3973383                    /usr/lib/x86_64-linux-gnu/libcanberra.so.0.2.5
7f75f002c000-7f75f002e000 r--p 00000000 fe:00 3974026                    /usr/lib/x86_64-linux-gnu/libcanberra-gtk3.so.0.1.9
7f75f002e000-7f75f0030000 r-xp 00002000 fe:00 3974026                    /usr/lib/x86_64-linux-gnu/libcanberra-gtk3.so.0.1.9
7f75f0030000-7f75f0031000 r--p 00004000 fe:00 3974026                    /usr/lib/x86_64-linux-gnu/libcanberra-gtk3.so.0.1.9
7f75f0031000-7f75f0032000 r--p 00004000 fe:00 3974026                    /usr/lib/x86_64-linux-gnu/libcanberra-gtk3.so.0.1.9
7f75f0032000-7f75f0033000 rw-p 00005000 fe:00 3974026                    /usr/lib/x86_64-linux-gnu/libcanberra-gtk3.so.0.1.9
7f75f004a000-7f75f004c000 r--p 00000000 fe:00 4217806                    /usr/lib/x86_64-linux-gnu/gtk-3.0/modules/libcanberra-gtk3-module.so
7f75f004c000-7f75f004f000 r-xp 00002000 fe:00 4217806                    /usr/lib/x86_64-linux-gnu/gtk-3.0/modules/libcanberra-gtk3-module.so
7f75f004f000-7f75f0050000 r--p 00005000 fe:00 4217806                    /usr/lib/x86_64-linux-gnu/gtk-3.0/modules/libcanberra-gtk3-module.so
7f75f0050000-7f75f0051000 r--p 00006000 fe:00 4217806                    /usr/lib/x86_64-linux-gnu/gtk-3.0/modules/libcanberra-gtk3-module.so
7f75f0051000-7f75f0052000 rw-p 00007000 fe:00 4217806                    /usr/lib/x86_64-linux-gnu/gtk-3.0/modules/libcanberra-gtk3-module.so
7f75f0052000-7f75f0055000 r--p 00000000 fe:00 2111569                    /home/dan/.local/share/DBeaverData/install-data/org.jkiss.dbeaver.product/26.2.0-202608301738/org.eclipse.osgi/152/0/.cp/libswt-atk-gtk-4973r12.so
7f75f0055000-7f75f0059000 r-xp 00003000 fe:00 2111569                    /home/dan/.local/share/DBeaverData/install-data/org.jkiss.dbeaver.product/26.2.0-202608301738/org.eclipse.osgi/152/0/.cp/libswt-atk-gtk-4973r12.so
7f75f0059000-7f75f005b000 r--p 00007000 fe:00 2111569                    /home/dan/.local/share/DBeaverData/install-data/org.jkiss.dbeaver.product/26.2.0-202608301738/org.eclipse.osgi/152/0/.cp/libswt-atk-gtk-4973r12.so
7f75f005b000-7f75f005c000 r--p 00008000 fe:00 2111569                    /home/dan/.local/share/DBeaverData/install-data/org.jkiss.dbeaver.product/26.2.0-202608301738/org.eclipse.osgi/152/0/.cp/libswt-atk-gtk-4973r12.so
7f75f005c000-7f75f005d000 rw-p 00009000 fe:00 2111569                    /home/dan/.local/share/DBeaverData/install-data/org.jkiss.dbeaver.product/26.2.0-202608301738/org.eclipse.osgi/152/0/.cp/libswt-atk-gtk-4973r12.so
7f75f005d000-7f75f005e000 ---p 00000000 00:00 0 
7f75f005e000-7f75f0062000 ---p 00000000 00:00 0 
7f75f0062000-7f75f015e000 rw-p 00000000 00:00 0 
7f75f015e000-7f75f015f000 ---p 00000000 00:00 0 
7f75f015f000-7f75f0163000 ---p 00000000 00:00 0 
7f75f0163000-7f75f025f000 rw-p 00000000 00:00 0 
7f75f025f000-7f75f0260000 ---p 00000000 00:00 0 
7f75f0260000-7f75f0264000 ---p 00000000 00:00 0 
7f75f0264000-7f75f0360000 rw-p 00000000 00:00 0 
7f75f0360000-7f75f0361000 ---p 00000000 00:00 0 
7f75f0361000-7f75f0365000 ---p 00000000 00:00 0 
7f75f0365000-7f75f0461000 rw-p 00000000 00:00 0 
7f75f0461000-7f75f0462000 ---p 00000000 00:00 0 
7f75f0462000-7f75f0466000 ---p 00000000 00:00 0 
7f75f0466000-7f75f0562000 rw-p 00000000 00:00 0 
7f75f0562000-7f75f0563000 ---p 00000000 00:00 0 
7f75f0563000-7f75f0567000 ---p 00000000 00:00 0 
7f75f0567000-7f75f0663000 rw-p 00000000 00:00 0 
7f75f0663000-7f75f0692000 r--p 00000000 fe:00 3955568                    /usr/lib/x86_64-linux-gnu/libxml2.so.2.9.14
7f75f0692000-7f75f07b9000 r-xp 0002f000 fe:00 3955568                    /usr/lib/x86_64-linux-gnu/libxml2.so.2.9.14
7f75f07b9000-7f75f0810000 r--p 00156000 fe:00 3955568                    /usr/lib/x86_64-linux-gnu/libxml2.so.2.9.14
7f75f0810000-7f75f0819000 r--p 001ad000 fe:00 3955568                    /usr/lib/x86_64-linux-gnu/libxml2.so.2.9.14
7f75f0819000-7f75f081a000 rw-p 001b6000 fe:00 3955568                    /usr/lib/x86_64-linux-gnu/libxml2.so.2.9.14
7f75f081a000-7f75f081b000 rw-p 00000000 00:00 0 
7f75f081b000-7f75f0827000 r--p 00000000 fe:00 3955201                    /usr/lib/x86_64-linux-gnu/libdav1d.so.7.0.0
7f75f0827000-7f75f0997000 r-xp 0000c000 fe:00 3955201                    /usr/lib/x86_64-linux-gnu/libdav1d.so.7.0.0
7f75f0997000-7f75f09c2000 r--p 0017c000 fe:00 3955201                    /usr/lib/x86_64-linux-gnu/libdav1d.so.7.0.0
7f75f09c2000-7f75f09c6000 r--p 001a6000 fe:00 3955201                    /usr/lib/x86_64-linux-gnu/libdav1d.so.7.0.0
7f75f09c6000-7f75f09c7000 rw-p 001aa000 fe:00 3955201                    /usr/lib/x86_64-linux-gnu/libdav1d.so.7.0.0
7f75f09c7000-7f75f0a00000 rw-p 00000000 00:00 0 
7f75f0a00000-7f75f0ab4000 r--p 00000000 fe:00 3972762                    /usr/lib/x86_64-linux-gnu/librsvg-2.so.2.60.0
7f75f0ab4000-7f75f0e07000 r-xp 000b4000 fe:00 3972762                    /usr/lib/x86_64-linux-gnu/librsvg-2.so.2.60.0
7f75f0e07000-7f75f0f57000 r--p 00407000 fe:00 3972762                    /usr/lib/x86_64-linux-gnu/librsvg-2.so.2.60.0
7f75f0f57000-7f75f0ff0000 r--p 00557000 fe:00 3972762                    /usr/lib/x86_64-linux-gnu/librsvg-2.so.2.60.0
7f75f0ff0000-7f75f0ff1000 rw-p 005f0000 fe:00 3972762                    /usr/lib/x86_64-linux-gnu/librsvg-2.so.2.60.0
7f75f0ff3000-7f75f0ff9000 r--p 00000000 fe:00 2111557                    /home/dan/.local/share/DBeaverData/install-data/org.jkiss.dbeaver.product/26.2.0-202608301738/org.eclipse.osgi/152/0/.cp/libswt-cairo-gtk-4973r12.so
7f75f0ff9000-7f75f0ffc000 r-xp 00006000 fe:00 2111557                    /home/dan/.local/share/DBeaverData/install-data/org.jkiss.dbeaver.product/26.2.0-202608301738/org.eclipse.osgi/152/0/.cp/libswt-cairo-gtk-4973r12.so
7f75f0ffc000-7f75f0ffe000 r--p 00009000 fe:00 2111557                    /home/dan/.local/share/DBeaverData/install-data/org.jkiss.dbeaver.product/26.2.0-202608301738/org.eclipse.osgi/152/0/.cp/libswt-cairo-gtk-4973r12.so
7f75f0ffe000-7f75f0fff000 r--p 0000a000 fe:00 2111557                    /home/dan/.local/share/DBeaverData/install-data/org.jkiss.dbeaver.product/26.2.0-202608301738/org.eclipse.osgi/152/0/.cp/libswt-cairo-gtk-4973r12.so
7f75f0fff000-7f75f1000000 rw-p 0000b000 fe:00 2111557                    /home/dan/.local/share/DBeaverData/install-data/org.jkiss.dbeaver.product/26.2.0-202608301738/org.eclipse.osgi/152/0/.cp/libswt-cairo-gtk-4973r12.so
7f75f1000000-7f75f1002000 r-xp 00000000 fe:00 2111543                    /home/dan/.local/share/DBeaverData/install-data/org.jkiss.dbeaver.product/26.2.0-202608301738/org.eclipse.osgi/49/0/.cp/os/linux/x86_64/libunixfile_1_0_0.so
7f75f1002000-7f75f1201000 ---p 00002000 fe:00 2111543                    /home/dan/.local/share/DBeaverData/install-data/org.jkiss.dbeaver.product/26.2.0-202608301738/org.eclipse.osgi/49/0/.cp/os/linux/x86_64/libunixfile_1_0_0.so
7f75f1201000-7f75f1202000 r--p 00001000 fe:00 2111543                    /home/dan/.local/share/DBeaverData/install-data/org.jkiss.dbeaver.product/26.2.0-202608301738/org.eclipse.osgi/49/0/.cp/os/linux/x86_64/libunixfile_1_0_0.so
7f75f1202000-7f75f1203000 rw-p 00002000 fe:00 2111543                    /home/dan/.local/share/DBeaverData/install-data/org.jkiss.dbeaver.product/26.2.0-202608301738/org.eclipse.osgi/49/0/.cp/os/linux/x86_64/libunixfile_1_0_0.so
7f75f1208000-7f75f120a000 r--p 00000000 fe:00 3961890                    /usr/lib/x86_64-linux-gnu/gtk-3.0/3.0.0/immodules/im-wayland.so
7f75f120a000-7f75f120c000 r-xp 00002000 fe:00 3961890                    /usr/lib/x86_64-linux-gnu/gtk-3.0/3.0.0/immodules/im-wayland.so
7f75f120c000-7f75f120d000 r--p 00004000 fe:00 3961890                    /usr/lib/x86_64-linux-gnu/gtk-3.0/3.0.0/immodules/im-wayland.so
7f75f120d000-7f75f120e000 r--p 00005000 fe:00 3961890                    /usr/lib/x86_64-linux-gnu/gtk-3.0/3.0.0/immodules/im-wayland.so
7f75f120e000-7f75f120f000 rw-p 00006000 fe:00 3961890                    /usr/lib/x86_64-linux-gnu/gtk-3.0/3.0.0/immodules/im-wayland.so
7f75f120f000-7f75f1238000 r--p 00000000 fe:00 4085525                    /usr/share/fonts/opentype/cantarell/Cantarell-VF.otf
7f75f1238000-7f75f123c000 r--p 00000000 fe:00 3953037                    /usr/lib/x86_64-linux-gnu/liblzma.so.5.8.1
7f75f123c000-7f75f125b000 r-xp 00004000 fe:00 3953037                    /usr/lib/x86_64-linux-gnu/liblzma.so.5.8.1
7f75f125b000-7f75f1267000 r--p 00023000 fe:00 3953037                    /usr/lib/x86_64-linux-gnu/liblzma.so.5.8.1
7f75f1267000-7f75f1268000 r--p 0002f000 fe:00 3953037                    /usr/lib/x86_64-linux-gnu/liblzma.so.5.8.1
7f75f1268000-7f75f1269000 rw-p 00030000 fe:00 3953037                    /usr/lib/x86_64-linux-gnu/liblzma.so.5.8.1
7f75f1269000-7f75f126d000 r--p 00000000 fe:00 3932165                    /usr/lib/x86_64-linux-gnu/libgcc_s.so.1
7f75f126d000-7f75f1290000 r-xp 00004000 fe:00 3932165                    /usr/lib/x86_64-linux-gnu/libgcc_s.so.1
7f75f1290000-7f75f1294000 r--p 00027000 fe:00 3932165                    /usr/lib/x86_64-linux-gnu/libgcc_s.so.1
7f75f1294000-7f75f1295000 r--p 0002b000 fe:00 3932165                    /usr/lib/x86_64-linux-gnu/libgcc_s.so.1
7f75f1295000-7f75f1296000 rw-p 0002c000 fe:00 3932165                    /usr/lib/x86_64-linux-gnu/libgcc_s.so.1
7f75f1296000-7f75f129c000 r--p 00000000 fe:00 3972765                    /usr/lib/x86_64-linux-gnu/gdk-pixbuf-2.0/2.10.0/loaders/libpixbufloader_svg.so
7f75f129c000-7f75f12dd000 r-xp 00006000 fe:00 3972765                    /usr/lib/x86_64-linux-gnu/gdk-pixbuf-2.0/2.10.0/loaders/libpixbufloader_svg.so
7f75f12dd000-7f75f12eb000 r--p 00047000 fe:00 3972765                    /usr/lib/x86_64-linux-gnu/gdk-pixbuf-2.0/2.10.0/loaders/libpixbufloader_svg.so
7f75f12eb000-7f75f12ef000 r--p 00054000 fe:00 3972765                    /usr/lib/x86_64-linux-gnu/gdk-pixbuf-2.0/2.10.0/loaders/libpixbufloader_svg.so
7f75f12ef000-7f75f12f0000 rw-p 00058000 fe:00 3972765                    /usr/lib/x86_64-linux-gnu/gdk-pixbuf-2.0/2.10.0/loaders/libpixbufloader_svg.so
7f75f12f0000-7f75f12f1000 ---p 00000000 00:00 0 
7f75f12f1000-7f75f12f5000 ---p 00000000 00:00 0 
7f75f12f5000-7f75f13f1000 rw-p 00000000 00:00 0 
7f75f13f1000-7f75f13f2000 ---p 00000000 00:00 0 
7f75f13f2000-7f75f13f6000 ---p 00000000 00:00 0 
7f75f13f6000-7f75f14f2000 rw-p 00000000 00:00 0 
7f75f14f2000-7f75f14f3000 ---p 00000000 00:00 0 
7f75f14f3000-7f75f14f7000 ---p 00000000 00:00 0 
7f75f14f7000-7f75f15f3000 rw-p 00000000 00:00 0 
7f75f15f3000-7f75f15f4000 ---p 00000000 00:00 0 
7f75f15f4000-7f75f15f8000 ---p 00000000 00:00 0 
7f75f15f8000-7f75f16f4000 rw-p 00000000 00:00 0 
7f75f16f4000-7f75f16ff000 r--p 00000000 fe:00 4467655                    /usr/share/dbeaver-ce/jre/lib/libfreetype.so
7f75f16ff000-7f75f1777000 r-xp 0000b000 fe:00 4467655                    /usr/share/dbeaver-ce/jre/lib/libfreetype.so
7f75f1777000-7f75f179b000 r--p 00083000 fe:00 4467655                    /usr/share/dbeaver-ce/jre/lib/libfreetype.so
7f75f179b000-7f75f17a1000 r--p 000a7000 fe:00 4467655                    /usr/share/dbeaver-ce/jre/lib/libfreetype.so
7f75f17a1000-7f75f17a2000 rw-p 000ad000 fe:00 4467655                    /usr/share/dbeaver-ce/jre/lib/libfreetype.so
7f75f17a2000-7f75f17a9000 r--p 00000000 fe:00 4467654                    /usr/share/dbeaver-ce/jre/lib/libfontmanager.so
7f75f17a9000-7f75f192c000 r-xp 00007000 fe:00 4467654                    /usr/share/dbeaver-ce/jre/lib/libfontmanager.so
7f75f192c000-7f75f1968000 r--p 0018a000 fe:00 4467654                    /usr/share/dbeaver-ce/jre/lib/libfontmanager.so
7f75f1968000-7f75f196a000 r--p 001c6000 fe:00 4467654                    /usr/share/dbeaver-ce/jre/lib/libfontmanager.so
7f75f196a000-7f75f196b000 rw-p 001c8000 fe:00 4467654                    /usr/share/dbeaver-ce/jre/lib/libfontmanager.so
7f75f196b000-7f75f196c000 rw-p 00000000 00:00 0 
7f75f196c000-7f75f197d000 r--p 00000000 fe:00 4467652                    /usr/share/dbeaver-ce/jre/lib/libawt_xawt.so
7f75f197d000-7f75f19c0000 r-xp 00011000 fe:00 4467652                    /usr/share/dbeaver-ce/jre/lib/libawt_xawt.so
7f75f19c0000-7f75f19d4000 r--p 00054000 fe:00 4467652                    /usr/share/dbeaver-ce/jre/lib/libawt_xawt.so
7f75f19d4000-7f75f19d6000 r--p 00067000 fe:00 4467652                    /usr/share/dbeaver-ce/jre/lib/libawt_xawt.so
7f75f19d6000-7f75f19d8000 rw-p 00069000 fe:00 4467652                    /usr/share/dbeaver-ce/jre/lib/libawt_xawt.so
7f75f19d8000-7f75f19da000 rw-p 00000000 00:00 0 
7f75f19da000-7f75f19f9000 r--p 00000000 fe:00 4467650                    /usr/share/dbeaver-ce/jre/lib/libawt.so
7f75f19f9000-7f75f1a97000 r-xp 0001f000 fe:00 4467650                    /usr/share/dbeaver-ce/jre/lib/libawt.so
7f75f1a97000-7f75f1aa4000 r--p 000bd000 fe:00 4467650                    /usr/share/dbeaver-ce/jre/lib/libawt.so
7f75f1aa4000-7f75f1aa5000 r--p 000c9000 fe:00 4467650                    /usr/share/dbeaver-ce/jre/lib/libawt.so
7f75f1aa5000-7f75f1ab0000 rw-p 000ca000 fe:00 4467650                    /usr/share/dbeaver-ce/jre/lib/libawt.so
7f75f1ab0000-7f75f1ad5000 rw-p 00000000 00:00 0 
7f75f1ad5000-7f75f1b10000 r--p 00000000 fe:00 2111522                    /home/dan/.local/share/DBeaverData/install-data/org.jkiss.dbeaver.product/26.2.0-202608301738/org.eclipse.osgi/152/0/.cp/libswt-pi3-gtk-4973r12.so
7f75f1b10000-7f75f1b31000 r-xp 0003b000 fe:00 2111522                    /home/dan/.local/share/DBeaverData/install-data/org.jkiss.dbeaver.product/26.2.0-202608301738/org.eclipse.osgi/152/0/.cp/libswt-pi3-gtk-4973r12.so
7f75f1b31000-7f75f1b44000 r--p 0005c000 fe:00 2111522                    /home/dan/.local/share/DBeaverData/install-data/org.jkiss.dbeaver.product/26.2.0-202608301738/org.eclipse.osgi/152/0/.cp/libswt-pi3-gtk-4973r12.so
7f75f1b44000-7f75f1b45000 r--p 0006e000 fe:00 2111522                    /home/dan/.local/share/DBeaverData/install-data/org.jkiss.dbeaver.product/26.2.0-202608301738/org.eclipse.osgi/152/0/.cp/libswt-pi3-gtk-4973r12.so
7f75f1b45000-7f75f1b48000 rw-p 0006f000 fe:00 2111522                    /home/dan/.local/share/DBeaverData/install-data/org.jkiss.dbeaver.product/26.2.0-202608301738/org.eclipse.osgi/152/0/.cp/libswt-pi3-gtk-4973r12.so
7f75f1b48000-7f75f1b49000 rw-p 00000000 00:00 0 
7f75f1b49000-7f75f1b88000 r--p 00000000 fe:00 2111521                    /home/dan/.local/share/DBeaverData/install-data/org.jkiss.dbeaver.product/26.2.0-202608301738/org.eclipse.osgi/152/0/.cp/libswt-gtk-4973r12.so
7f75f1b88000-7f75f1bb1000 r-xp 0003f000 fe:00 2111521                    /home/dan/.local/share/DBeaverData/install-data/org.jkiss.dbeaver.product/26.2.0-202608301738/org.eclipse.osgi/152/0/.cp/libswt-gtk-4973r12.so
7f75f1bb1000-7f75f1bd6000 r--p 00068000 fe:00 2111521                    /home/dan/.local/share/DBeaverData/install-data/org.jkiss.dbeaver.product/26.2.0-202608301738/org.eclipse.osgi/152/0/.cp/libswt-gtk-4973r12.so
7f75f1bd6000-7f75f1bd7000 r--p 0008c000 fe:00 2111521                    /home/dan/.local/share/DBeaverData/install-data/org.jkiss.dbeaver.product/26.2.0-202608301738/org.eclipse.osgi/152/0/.cp/libswt-gtk-4973r12.so
7f75f1bd7000-7f75f1bdf000 rw-p 0008d000 fe:00 2111521                    /home/dan/.local/share/DBeaverData/install-data/org.jkiss.dbeaver.product/26.2.0-202608301738/org.eclipse.osgi/152/0/.cp/libswt-gtk-4973r12.so
7f75f1bdf000-7f75f1be3000 rw-p 00000000 00:00 0 
7f75f1be3000-7f75f1be4000 ---p 00000000 00:00 0 
7f75f1be4000-7f75f1be8000 ---p 00000000 00:00 0 
7f75f1be8000-7f75f1ce4000 rw-p 00000000 00:00 0 
7f75f1ce4000-7f75f1ce5000 ---p 00000000 00:00 0 
7f75f1ce5000-7f75f1ce9000 ---p 00000000 00:00 0 
7f75f1ce9000-7f75f1de5000 rw-p 00000000 00:00 0 
7f75f1de5000-7f75f1de6000 ---p 00000000 00:00 0 
7f75f1de6000-7f75f1dea000 ---p 00000000 00:00 0 
7f75f1dea000-7f75f1ee6000 rw-p 00000000 00:00 0 
7f75f1ee6000-7f75f1ee7000 ---p 00000000 00:00 0 
7f75f1ee7000-7f75f1eeb000 ---p 00000000 00:00 0 
7f75f1eeb000-7f75f1fe7000 rw-p 00000000 00:00 0 
7f75f1fe7000-7f75f1fe8000 ---p 00000000 00:00 0 
7f75f1fe8000-7f75f1fec000 ---p 00000000 00:00 0 
7f75f1fec000-7f75f20e8000 rw-p 00000000 00:00 0 
7f75f20e8000-7f75f20e9000 ---p 00000000 00:00 0 
7f75f20e9000-7f75f21e9000 rw-p 00000000 00:00 0 
7f75f21e9000-7f75f21ea000 ---p 00000000 00:00 0 
7f75f21ea000-7f75f21ee000 ---p 00000000 00:00 0 
7f75f21ee000-7f75f22ea000 rw-p 00000000 00:00 0 
7f75f22ea000-7f75f22eb000 ---p 00000000 00:00 0 
7f75f22eb000-7f75f22ef000 ---p 00000000 00:00 0 
7f75f22ef000-7f75f23eb000 rw-p 00000000 00:00 0 
7f75f23eb000-7f75f23ec000 ---p 00000000 00:00 0 
7f75f23ec000-7f75f24ec000 rw-p 00000000 00:00 0 
7f75f24ec000-7f75f24ed000 ---p 00000000 00:00 0 
7f75f24ed000-7f75f25ed000 rw-p 00000000 00:00 0 
7f75f25ed000-7f75f25ee000 ---p 00000000 00:00 0 
7f75f25ee000-7f75f26ee000 rw-p 00000000 00:00 0 
7f75f26ee000-7f75f26ef000 ---p 00000000 00:00 0 
7f75f26ef000-7f75f27ef000 rw-p 00000000 00:00 0 
7f75f27ef000-7f75f27f0000 ---p 00000000 00:00 0 
7f75f27f0000-7f75f28f0000 rw-p 00000000 00:00 0 
7f75f28f0000-7f75f28f1000 ---p 00000000 00:00 0 
7f75f28f1000-7f75f29f1000 rw-p 00000000 00:00 0 
7f75f29f1000-7f75f29f2000 ---p 00000000 00:00 0 
7f75f29f2000-7f75f2af2000 rw-p 00000000 00:00 0 
7f75f2af2000-7f75f2af3000 ---p 00000000 00:00 0 
7f75f2af3000-7f75f2af7000 ---p 00000000 00:00 0 
7f75f2af7000-7f75f2bf3000 rw-p 00000000 00:00 0 
7f75f2bf3000-7f75f2bf4000 ---p 00000000 00:00 0 
7f75f2bf4000-7f75f2bf8000 ---p 00000000 00:00 0 
7f75f2bf8000-7f75f2cf4000 rw-p 00000000 00:00 0 
7f75f2cf4000-7f75f2cf5000 ---p 00000000 00:00 0 
7f75f2cf5000-7f75f2cf9000 ---p 00000000 00:00 0 
7f75f2cf9000-7f75f2df5000 rw-p 00000000 00:00 0 
7f75f2df5000-7f75f2df6000 ---p 00000000 00:00 0 
7f75f2df6000-7f75f2dfa000 ---p 00000000 00:00 0 
7f75f2dfa000-7f75f2ef6000 rw-p 00000000 00:00 0 
7f75f2ef6000-7f75f2ef7000 ---p 00000000 00:00 0 
7f75f2ef7000-7f75f2efb000 ---p 00000000 00:00 0 
7f75f2efb000-7f75f2ff7000 rw-p 00000000 00:00 0 
7f75f2ff7000-7f75f2ff8000 ---p 00000000 00:00 0 
7f75f2ff8000-7f75f2ffc000 ---p 00000000 00:00 0 
7f75f2ffc000-7f75f30f8000 rw-p 00000000 00:00 0 
7f75f30f8000-7f75f30f9000 ---p 00000000 00:00 0 
7f75f30f9000-7f75f30fd000 ---p 00000000 00:00 0 
7f75f30fd000-7f75f31f9000 rw-p 00000000 00:00 0 
7f75f31f9000-7f75f31fa000 ---p 00000000 00:00 0 
7f75f31fa000-7f75f31fe000 ---p 00000000 00:00 0 
7f75f31fe000-7f75f32fa000 rw-p 00000000 00:00 0 
7f75f32fa000-7f75f32fb000 ---p 00000000 00:00 0 
7f75f32fb000-7f75f32ff000 ---p 00000000 00:00 0 
7f75f32ff000-7f75f33fb000 rw-p 00000000 00:00 0 
7f75f33fb000-7f75f33fc000 ---p 00000000 00:00 0 
7f75f33fc000-7f75f3400000 ---p 00000000 00:00 0 
7f75f3400000-7f75f34fc000 rw-p 00000000 00:00 0 
7f75f34fc000-7f75f34fd000 ---p 00000000 00:00 0 
7f75f34fd000-7f75f3501000 ---p 00000000 00:00 0 
7f75f3501000-7f75f35fd000 rw-p 00000000 00:00 0 
7f75f35fd000-7f75f35fe000 ---p 00000000 00:00 0 
7f75f35fe000-7f75f3602000 ---p 00000000 00:00 0 
7f75f3602000-7f75f36fe000 rw-p 00000000 00:00 0 
7f75f36fe000-7f75f36ff000 ---p 00000000 00:00 0 
7f75f36ff000-7f75f3703000 ---p 00000000 00:00 0 
7f75f3703000-7f75f37ff000 rw-p 00000000 00:00 0 
7f75f37ff000-7f75f3800000 ---p 00000000 00:00 0 
7f75f3800000-7f75f4000000 rw-p 00000000 00:00 0 
7f75f4000000-7f75f4021000 rw-p 00000000 00:00 0 
7f75f4021000-7f75f8000000 ---p 00000000 00:00 0 
7f75f8000000-7f75f8021000 rw-p 00000000 00:00 0 
7f75f8021000-7f75fc000000 ---p 00000000 00:00 0 
7f75fc000000-7f75fc021000 rw-p 00000000 00:00 0 
7f75fc021000-7f7600000000 ---p 00000000 00:00 0 
7f7600000000-7f7600021000 rw-p 00000000 00:00 0 
7f7600021000-7f7604000000 ---p 00000000 00:00 0 
7f7604000000-7f7604021000 rw-p 00000000 00:00 0 
7f7604021000-7f7608000000 ---p 00000000 00:00 0 
7f7608000000-7f7608021000 rw-p 00000000 00:00 0 
7f7608021000-7f760c000000 ---p 00000000 00:00 0 
7f760c001000-7f760c002000 r--p 00000000 fe:00 4467653                    /usr/share/dbeaver-ce/jre/lib/libextnet.so
7f760c002000-7f760c003000 r-xp 00001000 fe:00 4467653                    /usr/share/dbeaver-ce/jre/lib/libextnet.so
7f760c003000-7f760c004000 r--p 00002000 fe:00 4467653                    /usr/share/dbeaver-ce/jre/lib/libextnet.so
7f760c004000-7f760c005000 r--p 00002000 fe:00 4467653                    /usr/share/dbeaver-ce/jre/lib/libextnet.so
7f760c005000-7f760c006000 rw-p 00003000 fe:00 4467653                    /usr/share/dbeaver-ce/jre/lib/libextnet.so
7f760c006000-7f760c02f000 r--p 00000000 fe:00 4085525                    /usr/share/fonts/opentype/cantarell/Cantarell-VF.otf
7f760c02f000-7f760c031000 r--p 00000000 fe:00 3971479                    /usr/lib/x86_64-linux-gnu/libXtst.so.6.1.0
7f760c031000-7f760c034000 r-xp 00002000 fe:00 3971479                    /usr/lib/x86_64-linux-gnu/libXtst.so.6.1.0
7f760c034000-7f760c035000 r--p 00005000 fe:00 3971479                    /usr/lib/x86_64-linux-gnu/libXtst.so.6.1.0
7f760c035000-7f760c036000 r--p 00005000 fe:00 3971479                    /usr/lib/x86_64-linux-gnu/libXtst.so.6.1.0
7f760c036000-7f760c037000 rw-p 00006000 fe:00 3971479                    /usr/lib/x86_64-linux-gnu/libXtst.so.6.1.0
7f760c038000-7f760c03f000 r--p 00000000 fe:00 3991782                    /usr/share/icons/hicolor/icon-theme.cache
7f760c03f000-7f760c049000 r--p 00000000 fe:00 3985396                    /usr/share/icons/Adwaita/icon-theme.cache
7f760c049000-7f760c04a000 r--p 00000000 fe:00 4467658                    /usr/share/dbeaver-ce/jre/lib/libjaas.so
7f760c04a000-7f760c04b000 r-xp 00001000 fe:00 4467658                    /usr/share/dbeaver-ce/jre/lib/libjaas.so
7f760c04b000-7f760c04c000 r--p 00002000 fe:00 4467658                    /usr/share/dbeaver-ce/jre/lib/libjaas.so
7f760c04c000-7f760c04d000 r--p 00002000 fe:00 4467658                    /usr/share/dbeaver-ce/jre/lib/libjaas.so
7f760c04d000-7f760c04e000 rw-p 00003000 fe:00 4467658                    /usr/share/dbeaver-ce/jre/lib/libjaas.so
7f760c04e000-7f760c052000 r--p 00000000 fe:00 4467677                    /usr/share/dbeaver-ce/jre/lib/libverify.so
7f760c052000-7f760c05b000 r-xp 00004000 fe:00 4467677                    /usr/share/dbeaver-ce/jre/lib/libverify.so
7f760c05b000-7f760c05d000 r--p 0000d000 fe:00 4467677                    /usr/share/dbeaver-ce/jre/lib/libverify.so
7f760c05d000-7f760c05f000 r--p 0000e000 fe:00 4467677                    /usr/share/dbeaver-ce/jre/lib/libverify.so
7f760c05f000-7f760c060000 rw-p 00010000 fe:00 4467677                    /usr/share/dbeaver-ce/jre/lib/libverify.so
7f760c060000-7f760c089000 r--p 00000000 fe:00 4085525                    /usr/share/fonts/opentype/cantarell/Cantarell-VF.otf
7f760c089000-7f760c0b2000 r--p 00000000 fe:00 4085525                    /usr/share/fonts/opentype/cantarell/Cantarell-VF.otf
7f760c0b2000-7f760c0c0000 r--s 00000000 fe:00 1187811                    /var/cache/fontconfig/a4e60e8d1e10d2fdff3fe3037a1845fb-le64.cache-9
7f760c0c0000-7f760c0c8000 r--s 00000000 fe:00 1187793                    /var/cache/fontconfig/3047814df9a2f067bd2d96a2b9c36e5a-le64.cache-9
7f760c0c8000-7f760c0df000 r--s 00000000 fe:00 1193080                    /var/cache/fontconfig/d52a8644073d54c13679302ca1180695-le64.cache-9
7f760c0df000-7f760c0ec000 r--s 00000000 fe:00 1187781                    /var/cache/fontconfig/d589a48862398ed80a3d6066f4f56f4c-le64.cache-9
7f760c0ec000-7f760c0fd000 r--s 00000000 fe:00 1187281                    /var/cache/fontconfig/e13b20fdb08344e0e664864cc2ede53d-le64.cache-9
7f760c0fd000-7f760c125000 r--s 00000000 fe:00 3985384                    /usr/share/mime/mime.cache
7f760c125000-7f760c138000 r--p 00000000 fe:00 4086925                    /usr/lib/x86_64-linux-gnu/gvfs/libgvfscommon.so
7f760c138000-7f760c152000 r-xp 00013000 fe:00 4086925                    /usr/lib/x86_64-linux-gnu/gvfs/libgvfscommon.so
7f760c152000-7f760c160000 r--p 0002d000 fe:00 4086925                    /usr/lib/x86_64-linux-gnu/gvfs/libgvfscommon.so
7f760c160000-7f760c166000 r--p 0003b000 fe:00 4086925                    /usr/lib/x86_64-linux-gnu/gvfs/libgvfscommon.so
7f760c166000-7f760c167000 rw-p 00041000 fe:00 4086925                    /usr/lib/x86_64-linux-gnu/gvfs/libgvfscommon.so
7f760c167000-7f760c172000 r--p 00000000 fe:00 3976914                    /usr/lib/x86_64-linux-gnu/gio/modules/libgvfsdbus.so
7f760c172000-7f760c191000 r-xp 0000b000 fe:00 3976914                    /usr/lib/x86_64-linux-gnu/gio/modules/libgvfsdbus.so
7f760c191000-7f760c19c000 r--p 0002a000 fe:00 3976914                    /usr/lib/x86_64-linux-gnu/gio/modules/libgvfsdbus.so
7f760c19c000-7f760c19e000 r--p 00035000 fe:00 3976914                    /usr/lib/x86_64-linux-gnu/gio/modules/libgvfsdbus.so
7f760c19e000-7f760c19f000 rw-p 00037000 fe:00 3976914                    /usr/lib/x86_64-linux-gnu/gio/modules/libgvfsdbus.so
7f760c19f000-7f760c22f000 rw-s 00000000 00:01 26441                      /memfd:wayland-cursor (deleted)
7f760c22f000-7f760c230000 ---p 00000000 00:00 0 
7f760c230000-7f760ca30000 rw-p 00000000 00:00 0 
7f760ca30000-7f760ca31000 ---p 00000000 00:00 0 
7f760ca31000-7f760d231000 rw-p 00000000 00:00 0 
7f760d231000-7f760d235000 r--p 00000000 fe:00 3961095                    /usr/lib/x86_64-linux-gnu/gio/modules/libdconfsettings.so
7f760d235000-7f760d23e000 r-xp 00004000 fe:00 3961095                    /usr/lib/x86_64-linux-gnu/gio/modules/libdconfsettings.so
7f760d23e000-7f760d242000 r--p 0000d000 fe:00 3961095                    /usr/lib/x86_64-linux-gnu/gio/modules/libdconfsettings.so
7f760d242000-7f760d243000 r--p 00011000 fe:00 3961095                    /usr/lib/x86_64-linux-gnu/gio/modules/libdconfsettings.so
7f760d243000-7f760d244000 rw-p 00012000 fe:00 3961095                    /usr/lib/x86_64-linux-gnu/gio/modules/libdconfsettings.so
7f760d244000-7f760d258000 r--p 00000000 fe:00 3976487                    /usr/share/locale/en_CA/LC_MESSAGES/glib20.mo
7f760d258000-7f760d290000 r--p 00000000 fe:00 3992460                    /usr/share/glib-2.0/schemas/gschemas.compiled
7f760d290000-7f760d291000 ---p 00000000 00:00 0 
7f760d291000-7f760da91000 rw-p 00000000 00:00 0 
7f760da91000-7f760da92000 ---p 00000000 00:00 0 
7f760da92000-7f760e292000 rw-p 00000000 00:00 0 
7f760e292000-7f760e293000 ---p 00000000 00:00 0 
7f760e293000-7f760ea93000 rw-p 00000000 00:00 0 
7f760ea93000-7f760eaaf000 r--p 00000000 fe:00 3936585                    /usr/lib/x86_64-linux-gnu/libsystemd.so.0.40.0
7f760eaaf000-7f760eb5e000 r-xp 0001c000 fe:00 3936585                    /usr/lib/x86_64-linux-gnu/libsystemd.so.0.40.0
7f760eb5e000-7f760eb9a000 r--p 000cb000 fe:00 3936585                    /usr/lib/x86_64-linux-gnu/libsystemd.so.0.40.0
7f760eb9a000-7f760eba7000 r--p 00106000 fe:00 3936585                    /usr/lib/x86_64-linux-gnu/libsystemd.so.0.40.0
7f760eba7000-7f760eba8000 rw-p 00113000 fe:00 3936585                    /usr/lib/x86_64-linux-gnu/libsystemd.so.0.40.0
7f760eba8000-7f760eba9000 rw-p 00000000 00:00 0 
7f760eba9000-7f760ebb7000 r--p 00000000 fe:00 3946228                    /usr/lib/x86_64-linux-gnu/libdbus-1.so.3.38.3
7f760ebb7000-7f760ebe8000 r-xp 0000e000 fe:00 3946228                    /usr/lib/x86_64-linux-gnu/libdbus-1.so.3.38.3
7f760ebe8000-7f760ebfd000 r--p 0003f000 fe:00 3946228                    /usr/lib/x86_64-linux-gnu/libdbus-1.so.3.38.3
7f760ebfd000-7f760ebff000 r--p 00053000 fe:00 3946228                    /usr/lib/x86_64-linux-gnu/libdbus-1.so.3.38.3
7f760ebff000-7f760ec00000 rw-p 00055000 fe:00 3946228                    /usr/lib/x86_64-linux-gnu/libdbus-1.so.3.38.3
7f760ec00000-7f760ec8d000 r--p 00000000 fe:00 3961899                    /usr/lib/x86_64-linux-gnu/libgtk-3.so.0.2417.32
7f760ec8d000-7f760f01f000 r-xp 0008d000 fe:00 3961899                    /usr/lib/x86_64-linux-gnu/libgtk-3.so.0.2417.32
7f760f01f000-7f760f3e3000 r--p 0041f000 fe:00 3961899                    /usr/lib/x86_64-linux-gnu/libgtk-3.so.0.2417.32
7f760f3e3000-7f760f3f6000 r--p 007e3000 fe:00 3961899                    /usr/lib/x86_64-linux-gnu/libgtk-3.so.0.2417.32
7f760f3f6000-7f760f3f9000 rw-p 007f6000 fe:00 3961899                    /usr/lib/x86_64-linux-gnu/libgtk-3.so.0.2417.32
7f760f3f9000-7f760f3fe000 rw-p 00000000 00:00 0 
7f760f3fe000-7f760f40e000 r--s 00000000 fe:00 1187754                    /var/cache/fontconfig/6cc790b63b123a6a96ee260fcdad32a9-le64.cache-9
7f760f40e000-7f760f42d000 r--p 00000000 fe:00 3961689                    /usr/share/locale/en_CA/LC_MESSAGES/gtk30-properties.mo
7f760f42d000-7f760f430000 r--p 00000000 fe:00 3934916                    /usr/lib/x86_64-linux-gnu/libcap.so.2.75
7f760f430000-7f760f435000 r-xp 00003000 fe:00 3934916                    /usr/lib/x86_64-linux-gnu/libcap.so.2.75
7f760f435000-7f760f437000 r--p 00008000 fe:00 3934916                    /usr/lib/x86_64-linux-gnu/libcap.so.2.75
7f760f437000-7f760f438000 r--p 0000a000 fe:00 3934916                    /usr/lib/x86_64-linux-gnu/libcap.so.2.75
7f760f438000-7f760f439000 rw-p 0000b000 fe:00 3934916                    /usr/lib/x86_64-linux-gnu/libcap.so.2.75
7f760f439000-7f760f44a000 r--p 00000000 fe:00 3961574                    /usr/lib/x86_64-linux-gnu/libatspi.so.0.0.1
7f760f44a000-7f760f464000 r-xp 00011000 fe:00 3961574                    /usr/lib/x86_64-linux-gnu/libatspi.so.0.0.1
7f760f464000-7f760f472000 r--p 0002b000 fe:00 3961574                    /usr/lib/x86_64-linux-gnu/libatspi.so.0.0.1
7f760f472000-7f760f476000 r--p 00039000 fe:00 3961574                    /usr/lib/x86_64-linux-gnu/libatspi.so.0.0.1
7f760f476000-7f760f477000 rw-p 0003d000 fe:00 3961574                    /usr/lib/x86_64-linux-gnu/libatspi.so.0.0.1
7f760f477000-7f760f47e000 r--p 00000000 fe:00 3960924                    /usr/lib/x86_64-linux-gnu/libcloudproviders.so.0.3.6
7f760f47e000-7f760f488000 r-xp 00007000 fe:00 3960924                    /usr/lib/x86_64-linux-gnu/libcloudproviders.so.0.3.6
7f760f488000-7f760f48d000 r--p 00011000 fe:00 3960924                    /usr/lib/x86_64-linux-gnu/libcloudproviders.so.0.3.6
7f760f48d000-7f760f48e000 r--p 00016000 fe:00 3960924                    /usr/lib/x86_64-linux-gnu/libcloudproviders.so.0.3.6
7f760f48e000-7f760f48f000 rw-p 00017000 fe:00 3960924                    /usr/lib/x86_64-linux-gnu/libcloudproviders.so.0.3.6
7f760f48f000-7f760f49b000 r--p 00000000 fe:00 3961580                    /usr/lib/x86_64-linux-gnu/libatk-bridge-2.0.so.0.0.0
7f760f49b000-7f760f4b4000 r-xp 0000c000 fe:00 3961580                    /usr/lib/x86_64-linux-gnu/libatk-bridge-2.0.so.0.0.0
7f760f4b4000-7f760f4c9000 r--p 00025000 fe:00 3961580                    /usr/lib/x86_64-linux-gnu/libatk-bridge-2.0.so.0.0.0
7f760f4c9000-7f760f4cb000 r--p 00039000 fe:00 3961580                    /usr/lib/x86_64-linux-gnu/libatk-bridge-2.0.so.0.0.0
7f760f4cb000-7f760f4cd000 rw-p 0003b000 fe:00 3961580                    /usr/lib/x86_64-linux-gnu/libatk-bridge-2.0.so.0.0.0
7f760f4cd000-7f760f4d8000 r--p 00000000 fe:00 3961568                    /usr/lib/x86_64-linux-gnu/libatk-1.0.so.0.25611.1
7f760f4d8000-7f760f4e7000 r-xp 0000b000 fe:00 3961568                    /usr/lib/x86_64-linux-gnu/libatk-1.0.so.0.25611.1
7f760f4e7000-7f760f4f3000 r--p 0001a000 fe:00 3961568                    /usr/lib/x86_64-linux-gnu/libatk-1.0.so.0.25611.1
7f760f4f3000-7f760f4f6000 r--p 00025000 fe:00 3961568                    /usr/lib/x86_64-linux-gnu/libatk-1.0.so.0.25611.1
7f760f4f6000-7f760f4f7000 rw-p 00028000 fe:00 3961568                    /usr/lib/x86_64-linux-gnu/libatk-1.0.so.0.25611.1
7f760f4f7000-7f760f4f8000 r--p 00000000 fe:00 3954788                    /usr/lib/x86_64-linux-gnu/libbrotlicommon.so.1.1.0
7f760f4f8000-7f760f4f9000 r-xp 00001000 fe:00 3954788                    /usr/lib/x86_64-linux-gnu/libbrotlicommon.so.1.1.0
7f760f4f9000-7f760f518000 r--p 00002000 fe:00 3954788                    /usr/lib/x86_64-linux-gnu/libbrotlicommon.so.1.1.0
7f760f518000-7f760f519000 r--p 00021000 fe:00 3954788                    /usr/lib/x86_64-linux-gnu/libbrotlicommon.so.1.1.0
7f760f519000-7f760f51a000 rw-p 00022000 fe:00 3954788                    /usr/lib/x86_64-linux-gnu/libbrotlicommon.so.1.1.0
7f760f51a000-7f760f524000 r--p 00000000 fe:00 3934038                    /usr/lib/x86_64-linux-gnu/libblkid.so.1.1.0
7f760f524000-7f760f560000 r-xp 0000a000 fe:00 3934038                    /usr/lib/x86_64-linux-gnu/libblkid.so.1.1.0
7f760f560000-7f760f573000 r--p 00046000 fe:00 3934038                    /usr/lib/x86_64-linux-gnu/libblkid.so.1.1.0
7f760f573000-7f760f579000 r--p 00059000 fe:00 3934038                    /usr/lib/x86_64-linux-gnu/libblkid.so.1.1.0
7f760f579000-7f760f57a000 rw-p 0005f000 fe:00 3934038                    /usr/lib/x86_64-linux-gnu/libblkid.so.1.1.0
7f760f57a000-7f760f57d000 r--p 00000000 fe:00 3960953                    /usr/lib/x86_64-linux-gnu/libgraphite2.so.3.2.1
7f760f57d000-7f760f59c000 r-xp 00003000 fe:00 3960953                    /usr/lib/x86_64-linux-gnu/libgraphite2.so.3.2.1
7f760f59c000-7f760f5a1000 r--p 00022000 fe:00 3960953                    /usr/lib/x86_64-linux-gnu/libgraphite2.so.3.2.1
7f760f5a1000-7f760f5a3000 r--p 00026000 fe:00 3960953                    /usr/lib/x86_64-linux-gnu/libgraphite2.so.3.2.1
7f760f5a3000-7f760f5a4000 rw-p 00028000 fe:00 3960953                    /usr/lib/x86_64-linux-gnu/libgraphite2.so.3.2.1
7f760f5a4000-7f760f5a6000 r--p 00000000 fe:00 3960976                    /usr/lib/x86_64-linux-gnu/libdatrie.so.1.4.0
7f760f5a6000-7f760f5aa000 r-xp 00002000 fe:00 3960976                    /usr/lib/x86_64-linux-gnu/libdatrie.so.1.4.0
7f760f5aa000-7f760f5ac000 r--p 00006000 fe:00 3960976                    /usr/lib/x86_64-linux-gnu/libdatrie.so.1.4.0
7f760f5ac000-7f760f5ad000 r--p 00007000 fe:00 3960976                    /usr/lib/x86_64-linux-gnu/libdatrie.so.1.4.0
7f760f5ad000-7f760f5ae000 rw-p 00008000 fe:00 3960976                    /usr/lib/x86_64-linux-gnu/libdatrie.so.1.4.0
7f760f5ae000-7f760f5b0000 r--p 00000000 fe:00 3955282                    /usr/lib/x86_64-linux-gnu/libXdmcp.so.6.0.0
7f760f5b0000-7f760f5b2000 r-xp 00002000 fe:00 3955282                    /usr/lib/x86_64-linux-gnu/libXdmcp.so.6.0.0
7f760f5b2000-7f760f5b4000 r--p 00004000 fe:00 3955282                    /usr/lib/x86_64-linux-gnu/libXdmcp.so.6.0.0
7f760f5b4000-7f760f5b5000 r--p 00005000 fe:00 3955282                    /usr/lib/x86_64-linux-gnu/libXdmcp.so.6.0.0
7f760f5b5000-7f760f5b6000 rw-p 00006000 fe:00 3955282                    /usr/lib/x86_64-linux-gnu/libXdmcp.so.6.0.0
7f760f5b6000-7f760f5b7000 r--p 00000000 fe:00 3955276                    /usr/lib/x86_64-linux-gnu/libXau.so.6.0.0
7f760f5b7000-7f760f5b8000 r-xp 00001000 fe:00 3955276                    /usr/lib/x86_64-linux-gnu/libXau.so.6.0.0
7f760f5b8000-7f760f5b9000 r--p 00002000 fe:00 3955276                    /usr/lib/x86_64-linux-gnu/libXau.so.6.0.0
7f760f5b9000-7f760f5ba000 r--p 00002000 fe:00 3955276                    /usr/lib/x86_64-linux-gnu/libXau.so.6.0.0
7f760f5ba000-7f760f5bb000 rw-p 00003000 fe:00 3955276                    /usr/lib/x86_64-linux-gnu/libXau.so.6.0.0
7f760f5bb000-7f760f5bc000 r--p 00000000 fe:00 3954789                    /usr/lib/x86_64-linux-gnu/libbrotlidec.so.1.1.0
7f760f5bc000-7f760f5c4000 r-xp 00001000 fe:00 3954789                    /usr/lib/x86_64-linux-gnu/libbrotlidec.so.1.1.0
7f760f5c4000-7f760f5c7000 r--p 00009000 fe:00 3954789                    /usr/lib/x86_64-linux-gnu/libbrotlidec.so.1.1.0
7f760f5c7000-7f760f5c8000 r--p 0000b000 fe:00 3954789                    /usr/lib/x86_64-linux-gnu/libbrotlidec.so.1.1.0
7f760f5c8000-7f760f5c9000 rw-p 0000c000 fe:00 3954789                    /usr/lib/x86_64-linux-gnu/libbrotlidec.so.1.1.0
7f760f5c9000-7f760f5cb000 r--p 00000000 fe:00 3932497                    /usr/lib/x86_64-linux-gnu/libbz2.so.1.0.4
7f760f5cb000-7f760f5d8000 r-xp 00002000 fe:00 3932497                    /usr/lib/x86_64-linux-gnu/libbz2.so.1.0.4
7f760f5d8000-7f760f5da000 r--p 0000f000 fe:00 3932497                    /usr/lib/x86_64-linux-gnu/libbz2.so.1.0.4
7f760f5da000-7f760f5db000 r--p 00010000 fe:00 3932497                    /usr/lib/x86_64-linux-gnu/libbz2.so.1.0.4
7f760f5db000-7f760f5dc000 rw-p 00011000 fe:00 3932497                    /usr/lib/x86_64-linux-gnu/libbz2.so.1.0.4
7f760f5dc000-7f760f5e4000 r--p 00000000 fe:00 3961000                    /usr/lib/x86_64-linux-gnu/libpangoft2-1.0.so.0.5600.3
7f760f5e4000-7f760f5f2000 r-xp 00008000 fe:00 3961000                    /usr/lib/x86_64-linux-gnu/libpangoft2-1.0.so.0.5600.3
7f760f5f2000-7f760f5f7000 r--p 00016000 fe:00 3961000                    /usr/lib/x86_64-linux-gnu/libpangoft2-1.0.so.0.5600.3
7f760f5f7000-7f760f5f8000 r--p 0001b000 fe:00 3961000                    /usr/lib/x86_64-linux-gnu/libpangoft2-1.0.so.0.5600.3
7f760f5f8000-7f760f5f9000 rw-p 0001c000 fe:00 3961000                    /usr/lib/x86_64-linux-gnu/libpangoft2-1.0.so.0.5600.3
7f760f5f9000-7f760f600000 r--p 00000000 fe:00 3932473                    /usr/lib/x86_64-linux-gnu/libselinux.so.1
7f760f600000-7f760f620000 r-xp 00007000 fe:00 3932473                    /usr/lib/x86_64-linux-gnu/libselinux.so.1
7f760f620000-7f760f629000 r--p 00027000 fe:00 3932473                    /usr/lib/x86_64-linux-gnu/libselinux.so.1
7f760f629000-7f760f62a000 r--p 00030000 fe:00 3932473                    /usr/lib/x86_64-linux-gnu/libselinux.so.1
7f760f62a000-7f760f62b000 rw-p 00031000 fe:00 3932473                    /usr/lib/x86_64-linux-gnu/libselinux.so.1
7f760f62b000-7f760f62d000 rw-p 00000000 00:00 0 
7f760f62d000-7f760f63a000 r--p 00000000 fe:00 3934102                    /usr/lib/x86_64-linux-gnu/libmount.so.1.1.0
7f760f63a000-7f760f68b000 r-xp 0000d000 fe:00 3934102                    /usr/lib/x86_64-linux-gnu/libmount.so.1.1.0
7f760f68b000-7f760f6a5000 r--p 0005e000 fe:00 3934102                    /usr/lib/x86_64-linux-gnu/libmount.so.1.1.0
7f760f6a5000-7f760f6a8000 r--p 00077000 fe:00 3934102                    /usr/lib/x86_64-linux-gnu/libmount.so.1.1.0
7f760f6a8000-7f760f6a9000 rw-p 0007a000 fe:00 3934102                    /usr/lib/x86_64-linux-gnu/libmount.so.1.1.0
7f760f6a9000-7f760f6ad000 r--p 00000000 fe:00 3953883                    /usr/lib/x86_64-linux-gnu/libexpat.so.1.12.2
7f760f6ad000-7f760f6cb000 r-xp 00004000 fe:00 3953883                    /usr/lib/x86_64-linux-gnu/libexpat.so.1.12.2
7f760f6cb000-7f760f6d4000 r--p 00022000 fe:00 3953883                    /usr/lib/x86_64-linux-gnu/libexpat.so.1.12.2
7f760f6d4000-7f760f6d6000 r--p 0002b000 fe:00 3953883                    /usr/lib/x86_64-linux-gnu/libexpat.so.1.12.2
7f760f6d6000-7f760f6d7000 rw-p 0002d000 fe:00 3953883                    /usr/lib/x86_64-linux-gnu/libexpat.so.1.12.2
7f760f6d7000-7f760f6e4000 r--p 00000000 fe:00 3960960                    /usr/lib/x86_64-linux-gnu/libharfbuzz.so.0.61020.0
7f760f6e4000-7f760f7d5000 r-xp 0000d000 fe:00 3960960                    /usr/lib/x86_64-linux-gnu/libharfbuzz.so.0.61020.0
7f760f7d5000-7f760f815000 r--p 000fe000 fe:00 3960960                    /usr/lib/x86_64-linux-gnu/libharfbuzz.so.0.61020.0
7f760f815000-7f760f817000 r--p 0013d000 fe:00 3960960                    /usr/lib/x86_64-linux-gnu/libharfbuzz.so.0.61020.0
7f760f817000-7f760f818000 rw-p 0013f000 fe:00 3960960                    /usr/lib/x86_64-linux-gnu/libharfbuzz.so.0.61020.0
7f760f818000-7f760f81a000 r--p 00000000 fe:00 3960985                    /usr/lib/x86_64-linux-gnu/libthai.so.0.3.1
7f760f81a000-7f760f81e000 r-xp 00002000 fe:00 3960985                    /usr/lib/x86_64-linux-gnu/libthai.so.0.3.1
7f760f81e000-7f760f821000 r--p 00006000 fe:00 3960985                    /usr/lib/x86_64-linux-gnu/libthai.so.0.3.1
7f760f821000-7f760f822000 r--p 00008000 fe:00 3960985                    /usr/lib/x86_64-linux-gnu/libthai.so.0.3.1
7f760f822000-7f760f823000 rw-p 00009000 fe:00 3960985                    /usr/lib/x86_64-linux-gnu/libthai.so.0.3.1
7f760f823000-7f760f82e000 r--p 00000000 fe:00 3958575                    /usr/lib/x86_64-linux-gnu/libpixman-1.so.0.44.0
7f760f82e000-7f760f8b5000 r-xp 0000b000 fe:00 3958575                    /usr/lib/x86_64-linux-gnu/libpixman-1.so.0.44.0
7f760f8b5000-7f760f8c7000 r--p 00092000 fe:00 3958575                    /usr/lib/x86_64-linux-gnu/libpixman-1.so.0.44.0
7f760f8c7000-7f760f8cf000 r--p 000a4000 fe:00 3958575                    /usr/lib/x86_64-linux-gnu/libpixman-1.so.0.44.0
7f760f8cf000-7f760f8d0000 rw-p 000ac000 fe:00 3958575                    /usr/lib/x86_64-linux-gnu/libpixman-1.so.0.44.0
7f760f8d0000-7f760f8d5000 r--p 00000000 fe:00 3958581                    /usr/lib/x86_64-linux-gnu/libxcb-render.so.0.0.0
7f760f8d5000-7f760f8db000 r-xp 00005000 fe:00 3958581                    /usr/lib/x86_64-linux-gnu/libxcb-render.so.0.0.0
7f760f8db000-7f760f8dd000 r--p 0000b000 fe:00 3958581                    /usr/lib/x86_64-linux-gnu/libxcb-render.so.0.0.0
7f760f8dd000-7f760f8de000 r--p 0000d000 fe:00 3958581                    /usr/lib/x86_64-linux-gnu/libxcb-render.so.0.0.0
7f760f8de000-7f760f8df000 rw-p 0000e000 fe:00 3958581                    /usr/lib/x86_64-linux-gnu/libxcb-render.so.0.0.0
7f760f8df000-7f760f8eb000 r--p 00000000 fe:00 3955288                    /usr/lib/x86_64-linux-gnu/libxcb.so.1.1.0
7f760f8eb000-7f760f8ff000 r-xp 0000c000 fe:00 3955288                    /usr/lib/x86_64-linux-gnu/libxcb.so.1.1.0
7f760f8ff000-7f760f908000 r--p 00020000 fe:00 3955288                    /usr/lib/x86_64-linux-gnu/libxcb.so.1.1.0
7f760f908000-7f760f909000 r--p 00028000 fe:00 3955288                    /usr/lib/x86_64-linux-gnu/libxcb.so.1.1.0
7f760f909000-7f760f90a000 rw-p 00029000 fe:00 3955288                    /usr/lib/x86_64-linux-gnu/libxcb.so.1.1.0
7f760f90a000-7f760f90c000 r--p 00000000 fe:00 3958595                    /usr/lib/x86_64-linux-gnu/libXrender.so.1.3.0
7f760f90c000-7f760f913000 r-xp 00002000 fe:00 3958595                    /usr/lib/x86_64-linux-gnu/libXrender.so.1.3.0
7f760f913000-7f760f915000 r--p 00009000 fe:00 3958595                    /usr/lib/x86_64-linux-gnu/libXrender.so.1.3.0
7f760f915000-7f760f916000 r--p 0000a000 fe:00 3958595                    /usr/lib/x86_64-linux-gnu/libXrender.so.1.3.0
7f760f916000-7f760f917000 rw-p 0000b000 fe:00 3958595                    /usr/lib/x86_64-linux-gnu/libXrender.so.1.3.0
7f760f917000-7f760f925000 r--p 00000000 fe:00 3954800                    /usr/lib/x86_64-linux-gnu/libfreetype.so.6.20.2
7f760f925000-7f760f9b3000 r-xp 0000e000 fe:00 3954800                    /usr/lib/x86_64-linux-gnu/libfreetype.so.6.20.2
7f760f9b3000-7f760f9de000 r--p 0009c000 fe:00 3954800                    /usr/lib/x86_64-linux-gnu/libfreetype.so.6.20.2
7f760f9de000-7f760f9e6000 r--p 000c6000 fe:00 3954800                    /usr/lib/x86_64-linux-gnu/libfreetype.so.6.20.2
7f760f9e6000-7f760f9e7000 rw-p 000ce000 fe:00 3954800                    /usr/lib/x86_64-linux-gnu/libfreetype.so.6.20.2
7f760f9e7000-7f760f9ea000 r--p 00000000 fe:00 3934440                    /usr/lib/x86_64-linux-gnu/libz.so.1.3.1
7f760f9ea000-7f760f9fe000 r-xp 00003000 fe:00 3934440                    /usr/lib/x86_64-linux-gnu/libz.so.1.3.1
7f760f9fe000-7f760fa05000 r--p 00017000 fe:00 3934440                    /usr/lib/x86_64-linux-gnu/libz.so.1.3.1
7f760fa05000-7f760fa06000 r--p 0001d000 fe:00 3934440                    /usr/lib/x86_64-linux-gnu/libz.so.1.3.1
7f760fa06000-7f760fa07000 rw-p 0001e000 fe:00 3934440                    /usr/lib/x86_64-linux-gnu/libz.so.1.3.1
7f760fa07000-7f760fa0a000 r--p 00000000 fe:00 3932465                    /usr/lib/x86_64-linux-gnu/libpcre2-8.so.0.14.0
7f760fa0a000-7f760fa85000 r-xp 00003000 fe:00 3932465                    /usr/lib/x86_64-linux-gnu/libpcre2-8.so.0.14.0
7f760fa85000-7f760fab4000 r--p 0007e000 fe:00 3932465                    /usr/lib/x86_64-linux-gnu/libpcre2-8.so.0.14.0
7f760fab4000-7f760fab5000 r--p 000ac000 fe:00 3932465                    /usr/lib/x86_64-linux-gnu/libpcre2-8.so.0.14.0
7f760fab5000-7f760fab6000 rw-p 000ad000 fe:00 3932465                    /usr/lib/x86_64-linux-gnu/libpcre2-8.so.0.14.0
7f760fab6000-7f760fab8000 r--p 00000000 fe:00 3954555                    /usr/lib/x86_64-linux-gnu/libatomic.so.1.2.0
7f760fab8000-7f760fabb000 r-xp 00002000 fe:00 3954555                    /usr/lib/x86_64-linux-gnu/libatomic.so.1.2.0
7f760fabb000-7f760fabd000 r--p 00005000 fe:00 3954555                    /usr/lib/x86_64-linux-gnu/libatomic.so.1.2.0
7f760fabd000-7f760fabe000 r--p 00006000 fe:00 3954555                    /usr/lib/x86_64-linux-gnu/libatomic.so.1.2.0
7f760fabe000-7f760fabf000 rw-p 00007000 fe:00 3954555                    /usr/lib/x86_64-linux-gnu/libatomic.so.1.2.0
7f760fabf000-7f760fac0000 rw-p 00000000 00:00 0 
7f760fac0000-7f760fac4000 r--p 00000000 fe:00 3954623                    /usr/lib/x86_64-linux-gnu/libjpeg.so.62.3.0
7f760fac4000-7f760fb13000 r-xp 00004000 fe:00 3954623                    /usr/lib/x86_64-linux-gnu/libjpeg.so.62.3.0
7f760fb13000-7f760fb55000 r--p 00053000 fe:00 3954623                    /usr/lib/x86_64-linux-gnu/libjpeg.so.62.3.0
7f760fb55000-7f760fb56000 r--p 00095000 fe:00 3954623                    /usr/lib/x86_64-linux-gnu/libjpeg.so.62.3.0
7f760fb56000-7f760fb57000 rw-p 00096000 fe:00 3954623                    /usr/lib/x86_64-linux-gnu/libjpeg.so.62.3.0
7f760fb57000-7f760fb5d000 r--p 00000000 fe:00 3954630                    /usr/lib/x86_64-linux-gnu/libpng16.so.16.48.0
7f760fb5d000-7f760fb83000 r-xp 00006000 fe:00 3954630                    /usr/lib/x86_64-linux-gnu/libpng16.so.16.48.0
7f760fb83000-7f760fb8e000 r--p 0002c000 fe:00 3954630                    /usr/lib/x86_64-linux-gnu/libpng16.so.16.48.0
7f760fb8e000-7f760fb8f000 r--p 00037000 fe:00 3954630                    /usr/lib/x86_64-linux-gnu/libpng16.so.16.48.0
7f760fb8f000-7f760fb90000 rw-p 00038000 fe:00 3954630                    /usr/lib/x86_64-linux-gnu/libpng16.so.16.48.0
7f760fb90000-7f760fbac000 r--p 00000000 fe:00 3955554                    /usr/lib/x86_64-linux-gnu/libX11.so.6.4.0
7f760fbac000-7f760fc3c000 r-xp 0001c000 fe:00 3955554                    /usr/lib/x86_64-linux-gnu/libX11.so.6.4.0
7f760fc3c000-7f760fcd2000 r--p 000ac000 fe:00 3955554                    /usr/lib/x86_64-linux-gnu/libX11.so.6.4.0
7f760fcd2000-7f760fcd3000 r--p 00142000 fe:00 3955554                    /usr/lib/x86_64-linux-gnu/libX11.so.6.4.0
7f760fcd3000-7f760fcd8000 rw-p 00143000 fe:00 3955554                    /usr/lib/x86_64-linux-gnu/libX11.so.6.4.0
7f760fcd8000-7f760fd16000 r--p 00000000 fe:00 3954564                    /usr/lib/x86_64-linux-gnu/libgio-2.0.so.0.8400.4
7f760fd16000-7f760fe34000 r-xp 0003e000 fe:00 3954564                    /usr/lib/x86_64-linux-gnu/libgio-2.0.so.0.8400.4
7f760fe34000-7f760fec3000 r--p 0015c000 fe:00 3954564                    /usr/lib/x86_64-linux-gnu/libgio-2.0.so.0.8400.4
7f760fec3000-7f760fecd000 r--p 001ea000 fe:00 3954564                    /usr/lib/x86_64-linux-gnu/libgio-2.0.so.0.8400.4
7f760fecd000-7f760fece000 rw-p 001f4000 fe:00 3954564                    /usr/lib/x86_64-linux-gnu/libgio-2.0.so.0.8400.4
7f760fece000-7f760fed0000 rw-p 00000000 00:00 0 
7f760fed0000-7f760ff2f000 r--p 00000000 fe:00 3958689                    /usr/lib/x86_64-linux-gnu/libepoxy.so.0.0.0
7f760ff2f000-7f760ff94000 r-xp 0005f000 fe:00 3958689                    /usr/lib/x86_64-linux-gnu/libepoxy.so.0.0.0
7f760ff94000-7f760fff1000 r--p 000c4000 fe:00 3958689                    /usr/lib/x86_64-linux-gnu/libepoxy.so.0.0.0
7f760fff1000-7f760fff9000 r--p 00121000 fe:00 3958689                    /usr/lib/x86_64-linux-gnu/libepoxy.so.0.0.0
7f760fff9000-7f7610000000 rw-p 00129000 fe:00 3958689                    /usr/lib/x86_64-linux-gnu/libepoxy.so.0.0.0
7f7610000000-7f7611308000 rw-p 00000000 00:00 0 
7f7611308000-7f7614000000 ---p 00000000 00:00 0 
7f7614000000-7f7614021000 rw-p 00000000 00:00 0 
7f7614021000-7f7618000000 ---p 00000000 00:00 0 
7f7618000000-7f7618021000 rw-p 00000000 00:00 0 
7f7618021000-7f761c000000 ---p 00000000 00:00 0 
7f761c000000-7f761e46e000 rw-p 00000000 00:00 0 
7f761e46e000-7f7620000000 ---p 00000000 00:00 0 
7f7620000000-7f7620021000 rw-p 00000000 00:00 0 
7f7620021000-7f7624000000 ---p 00000000 00:00 0 
7f7624000000-7f7624021000 rw-p 00000000 00:00 0 
7f7624021000-7f7628000000 ---p 00000000 00:00 0 
7f7628000000-7f7628021000 rw-p 00000000 00:00 0 
7f7628021000-7f762c000000 ---p 00000000 00:00 0 
7f762c000000-7f762c021000 rw-p 00000000 00:00 0 
7f762c021000-7f7630000000 ---p 00000000 00:00 0 
7f7630000000-7f7630500000 rw-p 00000000 00:00 0 
7f7630500000-7f7630520000 rw-p 00000000 00:00 0 
7f7630520000-7f7630540000 rw-p 00000000 00:00 0 
7f7630540000-7f7630580000 rw-p 00000000 00:00 0 
7f7630580000-7f7630700000 rw-p 00000000 00:00 0 
7f7630700000-7f7630720000 rw-p 00000000 00:00 0 
7f7630720000-7f7630740000 rw-p 00000000 00:00 0 
7f7630740000-7f7630780000 rw-p 00000000 00:00 0 
7f7630780000-7f7630900000 rw-p 00000000 00:00 0 
7f7630900000-7f7630920000 rw-p 00000000 00:00 0 
7f7630920000-7f7630940000 rw-p 00000000 00:00 0 
7f7630940000-7f7630980000 rw-p 00000000 00:00 0 
7f7630980000-7f7630b00000 rw-p 00000000 00:00 0 
7f7630b00000-7f7630b80000 rw-p 00000000 00:00 0 
7f7630b80000-7f7630c00000 rw-p 00000000 00:00 0 
7f7630c00000-7f7630d80000 rw-p 00000000 00:00 0 
7f7630d80000-7f7630e00000 rw-p 00000000 00:00 0 
7f7630e00000-7f7630f00000 rw-p 00000000 00:00 0 
7f7630f00000-7f7631000000 rw-p 00000000 00:00 0 
7f7631000000-7f7631100000 rw-p 00000000 00:00 0 
7f7631100000-7f7631200000 rw-p 00000000 00:00 0 
7f7631200000-7f76313e0000 rw-p 00000000 00:00 0 
7f76313e0000-7f7631500000 rw-p 00000000 00:00 0 
7f7631500000-7f7631600000 rw-p 00000000 00:00 0 
7f7631600000-7f7631900000 rw-p 00000000 00:00 0 
7f7631900000-7f7631b00000 rw-p 00000000 00:00 0 
7f7631b00000-7f7631c00000 rw-p 00000000 00:00 0 
7f7631c00000-7f7632200000 rw-p 00000000 00:00 0 
7f7632200000-7f7632380000 rw-p 00000000 00:00 0 
7f7632380000-7f7632400000 rw-p 00000000 00:00 0 
7f7632400000-7f7632770000 rw-p 00000000 00:00 0 
7f7632770000-7f7632800000 ---p 00000000 00:00 0 
7f7632800000-7f7633040000 rw-p 00000000 00:00 0 
7f7633040000-7f7634000000 ---p 00000000 00:00 0 
7f7634000000-7f7634021000 rw-p 00000000 00:00 0 
7f7634021000-7f7638000000 ---p 00000000 00:00 0 
7f7638000000-7f763802a000 rw-p 00000000 00:00 0 
7f763802a000-7f763c000000 ---p 00000000 00:00 0 
7f763c000000-7f763c021000 rw-p 00000000 00:00 0 
7f763c021000-7f7640000000 ---p 00000000 00:00 0 
7f7640000000-7f7640021000 rw-p 00000000 00:00 0 
7f7640021000-7f7644000000 ---p 00000000 00:00 0 
7f7644000000-7f7644021000 rw-p 00000000 00:00 0 
7f7644021000-7f7648000000 ---p 00000000 00:00 0 
7f7648000000-7f7648021000 rw-p 00000000 00:00 0 
7f7648021000-7f764c000000 ---p 00000000 00:00 0 
7f764c000000-7f764c021000 rw-p 00000000 00:00 0 
7f764c021000-7f7650000000 ---p 00000000 00:00 0 
7f7650000000-7f7650003000 r--s 00000000 fe:00 1187798                    /var/cache/fontconfig/0bd3dc0958fa2205aaaa8ebb13e2872b-le64.cache-9
7f7650003000-7f7650004000 r--p 00000000 fe:00 3958588                    /usr/lib/x86_64-linux-gnu/libxcb-shm.so.0.0.0
7f7650004000-7f7650005000 r-xp 00001000 fe:00 3958588                    /usr/lib/x86_64-linux-gnu/libxcb-shm.so.0.0.0
7f7650005000-7f7650006000 r--p 00002000 fe:00 3958588                    /usr/lib/x86_64-linux-gnu/libxcb-shm.so.0.0.0
7f7650006000-7f7650007000 r--p 00002000 fe:00 3958588                    /usr/lib/x86_64-linux-gnu/libxcb-shm.so.0.0.0
7f7650007000-7f7650008000 rw-p 00003000 fe:00 3958588                    /usr/lib/x86_64-linux-gnu/libxcb-shm.so.0.0.0
7f7650008000-7f765000a000 r--p 00000000 fe:00 3954016                    /usr/lib/x86_64-linux-gnu/libffi.so.8.1.4
7f765000a000-7f7650011000 r-xp 00002000 fe:00 3954016                    /usr/lib/x86_64-linux-gnu/libffi.so.8.1.4
7f7650011000-7f7650013000 r--p 00009000 fe:00 3954016                    /usr/lib/x86_64-linux-gnu/libffi.so.8.1.4
7f7650013000-7f7650014000 r--p 0000a000 fe:00 3954016                    /usr/lib/x86_64-linux-gnu/libffi.so.8.1.4
7f7650014000-7f7650015000 rw-p 0000b000 fe:00 3954016                    /usr/lib/x86_64-linux-gnu/libffi.so.8.1.4
7f7650015000-7f7650017000 r--p 00000000 fe:00 3954566                    /usr/lib/x86_64-linux-gnu/libgmodule-2.0.so.0.8400.4
7f7650017000-7f7650019000 r-xp 00002000 fe:00 3954566                    /usr/lib/x86_64-linux-gnu/libgmodule-2.0.so.0.8400.4
7f7650019000-7f765001a000 r--p 00004000 fe:00 3954566                    /usr/lib/x86_64-linux-gnu/libgmodule-2.0.so.0.8400.4
7f765001a000-7f765001b000 r--p 00004000 fe:00 3954566                    /usr/lib/x86_64-linux-gnu/libgmodule-2.0.so.0.8400.4
7f765001b000-7f765001c000 rw-p 00005000 fe:00 3954566                    /usr/lib/x86_64-linux-gnu/libgmodule-2.0.so.0.8400.4
7f765001c000-7f765001d000 r--p 00000000 fe:00 3961051                    /usr/lib/x86_64-linux-gnu/libXinerama.so.1.0.0
7f765001d000-7f765001e000 r-xp 00001000 fe:00 3961051                    /usr/lib/x86_64-linux-gnu/libXinerama.so.1.0.0
7f765001e000-7f765001f000 r--p 00002000 fe:00 3961051                    /usr/lib/x86_64-linux-gnu/libXinerama.so.1.0.0
7f765001f000-7f7650020000 r--p 00002000 fe:00 3961051                    /usr/lib/x86_64-linux-gnu/libXinerama.so.1.0.0
7f7650020000-7f7650021000 rw-p 00003000 fe:00 3961051                    /usr/lib/x86_64-linux-gnu/libXinerama.so.1.0.0
7f7650021000-7f7650023000 r--p 00000000 fe:00 3961063                    /usr/lib/x86_64-linux-gnu/libXrandr.so.2.2.0
7f7650023000-7f765002a000 r-xp 00002000 fe:00 3961063                    /usr/lib/x86_64-linux-gnu/libXrandr.so.2.2.0
7f765002a000-7f765002c000 r--p 00009000 fe:00 3961063                    /usr/lib/x86_64-linux-gnu/libXrandr.so.2.2.0
7f765002c000-7f765002d000 r--p 0000a000 fe:00 3961063                    /usr/lib/x86_64-linux-gnu/libXrandr.so.2.2.0
7f765002d000-7f765002e000 rw-p 0000b000 fe:00 3961063                    /usr/lib/x86_64-linux-gnu/libXrandr.so.2.2.0
7f765002e000-7f7650031000 r--p 00000000 fe:00 3961032                    /usr/lib/x86_64-linux-gnu/libXcursor.so.1.0.2
7f7650031000-7f7650037000 r-xp 00003000 fe:00 3961032                    /usr/lib/x86_64-linux-gnu/libXcursor.so.1.0.2
7f7650037000-7f7650039000 r--p 00009000 fe:00 3961032                    /usr/lib/x86_64-linux-gnu/libXcursor.so.1.0.2
7f7650039000-7f765003a000 r--p 0000a000 fe:00 3961032                    /usr/lib/x86_64-linux-gnu/libXcursor.so.1.0.2
7f765003a000-7f765003b000 rw-p 0000b000 fe:00 3961032                    /usr/lib/x86_64-linux-gnu/libXcursor.so.1.0.2
7f765003b000-7f765003f000 r--p 00000000 fe:00 3955561                    /usr/lib/x86_64-linux-gnu/libXext.so.6.4.0
7f765003f000-7f765004a000 r-xp 00004000 fe:00 3955561                    /usr/lib/x86_64-linux-gnu/libXext.so.6.4.0
7f765004a000-7f765004e000 r--p 0000f000 fe:00 3955561                    /usr/lib/x86_64-linux-gnu/libXext.so.6.4.0
7f765004e000-7f765004f000 r--p 00012000 fe:00 3955561                    /usr/lib/x86_64-linux-gnu/libXext.so.6.4.0
7f765004f000-7f7650050000 rw-p 00013000 fe:00 3955561                    /usr/lib/x86_64-linux-gnu/libXext.so.6.4.0
7f7650050000-7f7650053000 r--p 00000000 fe:00 3961045                    /usr/lib/x86_64-linux-gnu/libXi.so.6.1.0
7f7650053000-7f765005f000 r-xp 00003000 fe:00 3961045                    /usr/lib/x86_64-linux-gnu/libXi.so.6.1.0
7f765005f000-7f7650062000 r--p 0000f000 fe:00 3961045                    /usr/lib/x86_64-linux-gnu/libXi.so.6.1.0
7f7650062000-7f7650063000 r--p 00011000 fe:00 3961045                    /usr/lib/x86_64-linux-gnu/libXi.so.6.1.0
7f7650063000-7f7650064000 rw-p 00012000 fe:00 3961045                    /usr/lib/x86_64-linux-gnu/libXi.so.6.1.0
7f7650064000-7f765006a000 r--p 00000000 fe:00 3961015                    /usr/lib/x86_64-linux-gnu/libwayland-client.so.0.23.1
7f765006a000-7f7650071000 r-xp 00006000 fe:00 3961015                    /usr/lib/x86_64-linux-gnu/libwayland-client.so.0.23.1
7f7650071000-7f7650074000 r--p 0000d000 fe:00 3961015                    /usr/lib/x86_64-linux-gnu/libwayland-client.so.0.23.1
7f7650074000-7f7650076000 r--p 00010000 fe:00 3961015                    /usr/lib/x86_64-linux-gnu/libwayland-client.so.0.23.1
7f7650076000-7f7650077000 rw-p 00012000 fe:00 3961015                    /usr/lib/x86_64-linux-gnu/libwayland-client.so.0.23.1
7f7650077000-7f765007c000 r--p 00000000 fe:00 3961058                    /usr/lib/x86_64-linux-gnu/libxkbcommon.so.0.0.0
7f765007c000-7f765009b000 r-xp 00005000 fe:00 3961058                    /usr/lib/x86_64-linux-gnu/libxkbcommon.so.0.0.0
7f765009b000-7f76500bf000 r--p 00024000 fe:00 3961058                    /usr/lib/x86_64-linux-gnu/libxkbcommon.so.0.0.0
7f76500bf000-7f76500c1000 r--p 00047000 fe:00 3961058                    /usr/lib/x86_64-linux-gnu/libxkbcommon.so.0.0.0
7f76500c1000-7f76500c2000 rw-p 00049000 fe:00 3961058                    /usr/lib/x86_64-linux-gnu/libxkbcommon.so.0.0.0
7f76500c2000-7f76500c7000 r--p 00000000 fe:00 3961005                    /usr/lib/x86_64-linux-gnu/libpangocairo-1.0.so.0.5600.3
7f76500c7000-7f76500ce000 r-xp 00005000 fe:00 3961005                    /usr/lib/x86_64-linux-gnu/libpangocairo-1.0.so.0.5600.3
7f76500ce000-7f76500d1000 r--p 0000c000 fe:00 3961005                    /usr/lib/x86_64-linux-gnu/libpangocairo-1.0.so.0.5600.3
7f76500d1000-7f76500d2000 r--p 0000e000 fe:00 3961005                    /usr/lib/x86_64-linux-gnu/libpangocairo-1.0.so.0.5600.3
7f76500d2000-7f76500d3000 rw-p 0000f000 fe:00 3961005                    /usr/lib/x86_64-linux-gnu/libpangocairo-1.0.so.0.5600.3
7f76500d3000-7f76500db000 r--p 00000000 fe:00 3955195                    /usr/lib/x86_64-linux-gnu/libfontconfig.so.1.12.1
7f76500db000-7f7650105000 r-xp 00008000 fe:00 3955195                    /usr/lib/x86_64-linux-gnu/libfontconfig.so.1.12.1
7f7650105000-7f765011e000 r--p 00032000 fe:00 3955195                    /usr/lib/x86_64-linux-gnu/libfontconfig.so.1.12.1
7f765011e000-7f7650120000 r--p 0004b000 fe:00 3955195                    /usr/lib/x86_64-linux-gnu/libfontconfig.so.1.12.1
7f7650120000-7f7650121000 rw-p 0004d000 fe:00 3955195                    /usr/lib/x86_64-linux-gnu/libfontconfig.so.1.12.1
7f7650121000-7f7650123000 r--p 00000000 fe:00 3960938                    /usr/lib/x86_64-linux-gnu/libfribidi.so.0.4.0
7f7650123000-7f7650127000 r-xp 00002000 fe:00 3960938                    /usr/lib/x86_64-linux-gnu/libfribidi.so.0.4.0
7f7650127000-7f765013e000 r--p 00006000 fe:00 3960938                    /usr/lib/x86_64-linux-gnu/libfribidi.so.0.4.0
7f765013e000-7f765013f000 r--p 0001c000 fe:00 3960938                    /usr/lib/x86_64-linux-gnu/libfribidi.so.0.4.0
7f765013f000-7f7650140000 rw-p 0001d000 fe:00 3960938                    /usr/lib/x86_64-linux-gnu/libfribidi.so.0.4.0
7f7650140000-7f7650154000 r--p 00000000 fe:00 3958601                    /usr/lib/x86_64-linux-gnu/libcairo.so.2.11804.4
7f7650154000-7f7650240000 r-xp 00014000 fe:00 3958601                    /usr/lib/x86_64-linux-gnu/libcairo.so.2.11804.4
7f7650240000-7f7650287000 r--p 00100000 fe:00 3958601                    /usr/lib/x86_64-linux-gnu/libcairo.so.2.11804.4
7f7650287000-7f765028b000 r--p 00147000 fe:00 3958601                    /usr/lib/x86_64-linux-gnu/libcairo.so.2.11804.4
7f765028b000-7f765028d000 rw-p 0014b000 fe:00 3958601                    /usr/lib/x86_64-linux-gnu/libcairo.so.2.11804.4
7f765028d000-7f765028e000 rw-p 00000000 00:00 0 
7f765028e000-7f76502ad000 r--p 00000000 fe:00 3954565                    /usr/lib/x86_64-linux-gnu/libglib-2.0.so.0.8400.4
7f76502ad000-7f765034e000 r-xp 0001f000 fe:00 3954565                    /usr/lib/x86_64-linux-gnu/libglib-2.0.so.0.8400.4
7f765034e000-7f76503e4000 r--p 000c0000 fe:00 3954565                    /usr/lib/x86_64-linux-gnu/libglib-2.0.so.0.8400.4
7f76503e4000-7f76503e5000 r--p 00155000 fe:00 3954565                    /usr/lib/x86_64-linux-gnu/libglib-2.0.so.0.8400.4
7f76503e5000-7f76503e6000 rw-p 00156000 fe:00 3954565                    /usr/lib/x86_64-linux-gnu/libglib-2.0.so.0.8400.4
7f76503e6000-7f76503e7000 rw-p 00000000 00:00 0 
7f76503e7000-7f7650415000 r--p 00000000 fe:00 3961895                    /usr/lib/x86_64-linux-gnu/libgdk-3.so.0.2417.32
7f7650415000-7f765049c000 r-xp 0002e000 fe:00 3961895                    /usr/lib/x86_64-linux-gnu/libgdk-3.so.0.2417.32
7f765049c000-7f76504eb000 r--p 000b5000 fe:00 3961895                    /usr/lib/x86_64-linux-gnu/libgdk-3.so.0.2417.32
7f76504eb000-7f76504f5000 r--p 00103000 fe:00 3961895                    /usr/lib/x86_64-linux-gnu/libgdk-3.so.0.2417.32
7f76504f5000-7f76504f7000 rw-p 0010d000 fe:00 3961895                    /usr/lib/x86_64-linux-gnu/libgdk-3.so.0.2417.32
7f76504f7000-7f76504f8000 ---p 00000000 00:00 0 
7f76504f8000-7f76504fc000 ---p 00000000 00:00 0 
7f76504fc000-7f76505f8000 rw-p 00000000 00:00 0 
7f76505f8000-7f76505f9000 ---p 00000000 00:00 0 
7f76505f9000-7f76505fd000 ---p 00000000 00:00 0 
7f76505fd000-7f76506f9000 rw-p 00000000 00:00 0 
7f76506f9000-7f76506fa000 ---p 00000000 00:00 0 
7f76506fa000-7f76506fe000 ---p 00000000 00:00 0 
7f76506fe000-7f76507fa000 rw-p 00000000 00:00 0 
7f76507fa000-7f76507fb000 ---p 00000000 00:00 0 
7f76507fb000-7f76507ff000 ---p 00000000 00:00 0 
7f76507ff000-7f76508fb000 rw-p 00000000 00:00 0 
7f76508fb000-7f76508fc000 ---p 00000000 00:00 0 
7f76508fc000-7f7650900000 ---p 00000000 00:00 0 
7f7650900000-7f76509fc000 rw-p 00000000 00:00 0 
7f76509fc000-7f76509fd000 ---p 00000000 00:00 0 
7f76509fd000-7f7650a01000 ---p 00000000 00:00 0 
7f7650a01000-7f7650afd000 rw-p 00000000 00:00 0 
7f7650afd000-7f7650afe000 ---p 00000000 00:00 0 
7f7650afe000-7f7650b02000 ---p 00000000 00:00 0 
7f7650b02000-7f7650bfe000 rw-p 00000000 00:00 0 
7f7650bfe000-7f7650bff000 ---p 00000000 00:00 0 
7f7650bff000-7f7650c03000 ---p 00000000 00:00 0 
7f7650c03000-7f7650cff000 rw-p 00000000 00:00 0 
7f7650cff000-7f7650d00000 ---p 00000000 00:00 0 
7f7650d00000-7f7650d04000 ---p 00000000 00:00 0 
7f7650d04000-7f7650e00000 rw-p 00000000 00:00 0 
7f7650e00000-7f7651078000 r--p 00000000 fe:00 4325452                    /usr/lib/locale/en_CA.utf8/LC_COLLATE
7f7651079000-7f765107a000 r--p 00000000 fe:00 3961686                    /usr/share/locale/en/LC_MESSAGES/gtk30.mo
7f765107a000-7f765107c000 r--p 00000000 fe:00 3961586                    /usr/lib/x86_64-linux-gnu/libwayland-cursor.so.0.23.1
7f765107c000-7f765107e000 r-xp 00002000 fe:00 3961586                    /usr/lib/x86_64-linux-gnu/libwayland-cursor.so.0.23.1
7f765107e000-7f765107f000 r--p 00004000 fe:00 3961586                    /usr/lib/x86_64-linux-gnu/libwayland-cursor.so.0.23.1
7f765107f000-7f7651080000 r--p 00004000 fe:00 3961586                    /usr/lib/x86_64-linux-gnu/libwayland-cursor.so.0.23.1
7f7651080000-7f7651084000 rw-p 00005000 fe:00 3961586                    /usr/lib/x86_64-linux-gnu/libwayland-cursor.so.0.23.1
7f7651084000-7f7651097000 r--p 00000000 fe:00 3960992                    /usr/lib/x86_64-linux-gnu/libpango-1.0.so.0.5600.3
7f7651097000-7f76510d4000 r-xp 00013000 fe:00 3960992                    /usr/lib/x86_64-linux-gnu/libpango-1.0.so.0.5600.3
7f76510d4000-7f76510f0000 r--p 00050000 fe:00 3960992                    /usr/lib/x86_64-linux-gnu/libpango-1.0.so.0.5600.3
7f76510f0000-7f76510f4000 r--p 0006b000 fe:00 3960992                    /usr/lib/x86_64-linux-gnu/libpango-1.0.so.0.5600.3
7f76510f4000-7f76510f5000 rw-p 0006f000 fe:00 3960992                    /usr/lib/x86_64-linux-gnu/libpango-1.0.so.0.5600.3
7f76510f5000-7f76510f6000 ---p 00000000 00:00 0 
7f76510f6000-7f76511f6000 rw-p 00000000 00:00 0 
7f76511f6000-7f76511f7000 ---p 00000000 00:00 0 
7f76511f7000-7f76512f7000 rw-p 00000000 00:00 0 
7f76512f7000-7f76512f8000 ---p 00000000 00:00 0 
7f76512f8000-7f76513f8000 rw-p 00000000 00:00 0 
7f76513f8000-7f76513f9000 ---p 00000000 00:00 0 
7f76513f9000-7f76514f9000 rw-p 00000000 00:00 0 
7f76514f9000-7f7653e18000 rw-p 00000000 00:00 0 
7f7653e18000-7f7653eb8000 ---p 00000000 00:00 0 
7f7653eb8000-7f7653ec4000 rw-p 00000000 00:00 0 
7f7653ec4000-7f7654c00000 ---p 00000000 00:00 0 
7f7654c00000-7f7654c02000 r--p 00000000 fe:00 3961025                    /usr/lib/x86_64-linux-gnu/libXfixes.so.3.1.0
7f7654c02000-7f7654c05000 r-xp 00002000 fe:00 3961025                    /usr/lib/x86_64-linux-gnu/libXfixes.so.3.1.0
7f7654c05000-7f7654c06000 r--p 00005000 fe:00 3961025                    /usr/lib/x86_64-linux-gnu/libXfixes.so.3.1.0
7f7654c06000-7f7654c07000 r--p 00005000 fe:00 3961025                    /usr/lib/x86_64-linux-gnu/libXfixes.so.3.1.0
7f7654c07000-7f7654c08000 rw-p 00006000 fe:00 3961025                    /usr/lib/x86_64-linux-gnu/libXfixes.so.3.1.0
7f7654c08000-7f7654c0c000 r--p 00000000 fe:00 3960898                    /usr/lib/x86_64-linux-gnu/libcairo-gobject.so.2.11804.4
7f7654c0c000-7f7654c0e000 r-xp 00004000 fe:00 3960898                    /usr/lib/x86_64-linux-gnu/libcairo-gobject.so.2.11804.4
7f7654c0e000-7f7654c10000 r--p 00006000 fe:00 3960898                    /usr/lib/x86_64-linux-gnu/libcairo-gobject.so.2.11804.4
7f7654c10000-7f7654c12000 r--p 00008000 fe:00 3960898                    /usr/lib/x86_64-linux-gnu/libcairo-gobject.so.2.11804.4
7f7654c12000-7f7654c13000 rw-p 0000a000 fe:00 3960898                    /usr/lib/x86_64-linux-gnu/libcairo-gobject.so.2.11804.4
7f7654c13000-7f7654c23000 r--p 00000000 fe:00 3954567                    /usr/lib/x86_64-linux-gnu/libgobject-2.0.so.0.8400.4
7f7654c23000-7f7654c58000 r-xp 00010000 fe:00 3954567                    /usr/lib/x86_64-linux-gnu/libgobject-2.0.so.0.8400.4
7f7654c58000-7f7654c72000 r--p 00045000 fe:00 3954567                    /usr/lib/x86_64-linux-gnu/libgobject-2.0.so.0.8400.4
7f7654c72000-7f7654c75000 r--p 0005f000 fe:00 3954567                    /usr/lib/x86_64-linux-gnu/libgobject-2.0.so.0.8400.4
7f7654c75000-7f7654c76000 rw-p 00062000 fe:00 3954567                    /usr/lib/x86_64-linux-gnu/libgobject-2.0.so.0.8400.4
7f7654c76000-7f7654c7e000 r--p 00000000 fe:00 3959346                    /usr/lib/x86_64-linux-gnu/libgdk_pixbuf-2.0.so.0.4200.12
7f7654c7e000-7f7654c98000 r-xp 00008000 fe:00 3959346                    /usr/lib/x86_64-linux-gnu/libgdk_pixbuf-2.0.so.0.4200.12
7f7654c98000-7f7654ca2000 r--p 00022000 fe:00 3959346                    /usr/lib/x86_64-linux-gnu/libgdk_pixbuf-2.0.so.0.4200.12
7f7654ca2000-7f7654ca3000 r--p 0002c000 fe:00 3959346                    /usr/lib/x86_64-linux-gnu/libgdk_pixbuf-2.0.so.0.4200.12
7f7654ca3000-7f7654ca4000 rw-p 0002d000 fe:00 3959346                    /usr/lib/x86_64-linux-gnu/libgdk_pixbuf-2.0.so.0.4200.12
7f7654ca4000-7f7654ca6000 r--s 00000000 fe:00 1187803                    /var/cache/fontconfig/c3bb64600bf7a4aa73b55dc8bb82b27b-le64.cache-9
7f7654ca6000-7f7654ca7000 r--s 00000000 fe:00 1187796                    /var/cache/fontconfig/da43223dd54fb3bb4243ae19d4b583b2-le64.cache-9
7f7654ca7000-7f7654ca8000 r--s 00000000 fe:00 1187789                    /var/cache/fontconfig/3f7329c5293ffd510edef78f73874cfd-le64.cache-9
7f7654ca8000-7f7654ca9000 r--s 00000000 fe:00 1187778                    /var/cache/fontconfig/30829fa25452a46451e813d634d7f916-le64.cache-9
7f7654ca9000-7f7654cac000 r--s 00000000 fe:00 1187731                    /var/cache/fontconfig/62f91419b9ebdb6975e7e41ab6412357-le64.cache-9
7f7654cac000-7f7654cb1000 r--p 00000000 fe:00 3959125                    /usr/share/locale/en_CA/LC_MESSAGES/gdk-pixbuf.mo
7f7654cb1000-7f7654cb4000 r--p 00000000 fe:00 3961489                    /usr/share/locale/en_CA/LC_MESSAGES/at-spi2-core.mo
7f7654cb4000-7f7654cbb000 r--p 00000000 fe:00 3961690                    /usr/share/locale/en_CA/LC_MESSAGES/gtk30.mo
7f7654cbb000-7f7654cbc000 r--p 00000000 fe:00 4467674                    /usr/share/dbeaver-ce/jre/lib/libsimdsort.so
7f7654cbc000-7f7654cf5000 r-xp 00001000 fe:00 4467674                    /usr/share/dbeaver-ce/jre/lib/libsimdsort.so
7f7654cf5000-7f7654cfb000 r--p 0003a000 fe:00 4467674                    /usr/share/dbeaver-ce/jre/lib/libsimdsort.so
7f7654cfb000-7f7654cfc000 r--p 0003f000 fe:00 4467674                    /usr/share/dbeaver-ce/jre/lib/libsimdsort.so
7f7654cfc000-7f7654cfd000 rw-p 00040000 fe:00 4467674                    /usr/share/dbeaver-ce/jre/lib/libsimdsort.so
7f7654cfd000-7f7654dfe000 rw-p 00000000 00:00 0 
7f7654dfe000-7f765578e000 rwxp 00000000 00:00 0 
7f765578e000-7f765c336000 ---p 00000000 00:00 0 
7f765c336000-7f765c5a6000 rwxp 00000000 00:00 0 
7f765c5a6000-7f765c8c8000 ---p 00000000 00:00 0 
7f765c8c8000-7f765cba8000 rwxp 00000000 00:00 0 
7f765cba8000-7f7663e00000 ---p 00000000 00:00 0 
7f7663e00000-7f7667f67000 r--s 00000000 fe:00 4467679                    /usr/share/dbeaver-ce/jre/lib/modules
7f7667f67000-7f7667f68000 rw-p 00000000 00:00 0 
7f7667f68000-7f7667f6b000 r--p 00000000 fe:00 2098230                    /home/dan/.config/dconf/user
7f7667f6b000-7f7667f6f000 r--p 00000000 fe:00 4467952                    /usr/share/dbeaver-ce/plugins/org.eclipse.equinox.launcher.gtk.linux.x86_64_1.2.1500.v20250801-0854/eclipse_11916.so
7f7667f6f000-7f7667f79000 r-xp 00004000 fe:00 4467952                    /usr/share/dbeaver-ce/plugins/org.eclipse.equinox.launcher.gtk.linux.x86_64_1.2.1500.v20250801-0854/eclipse_11916.so
7f7667f79000-7f7667f7c000 r--p 0000e000 fe:00 4467952                    /usr/share/dbeaver-ce/plugins/org.eclipse.equinox.launcher.gtk.linux.x86_64_1.2.1500.v20250801-0854/eclipse_11916.so
7f7667f7c000-7f7667f7d000 r--p 00010000 fe:00 4467952                    /usr/share/dbeaver-ce/plugins/org.eclipse.equinox.launcher.gtk.linux.x86_64_1.2.1500.v20250801-0854/eclipse_11916.so
7f7667f7d000-7f7667f7e000 rw-p 00011000 fe:00 4467952                    /usr/share/dbeaver-ce/plugins/org.eclipse.equinox.launcher.gtk.linux.x86_64_1.2.1500.v20250801-0854/eclipse_11916.so
7f7667f7e000-7f766987c000 rw-p 00000000 00:00 0 
7f766987c000-7f766c000000 ---p 00000000 00:00 0 
7f766c000000-7f766c001000 rw-p 00000000 00:00 0 
7f766c001000-7f766c002000 r--s 00000000 00:4c 912                        /run/user/1000/dconf/user
7f766c002000-7f766c003000 r--p 00000000 fe:00 3961591                    /usr/lib/x86_64-linux-gnu/libXcomposite.so.1.0.0
7f766c003000-7f766c004000 r-xp 00001000 fe:00 3961591                    /usr/lib/x86_64-linux-gnu/libXcomposite.so.1.0.0
7f766c004000-7f766c005000 r--p 00002000 fe:00 3961591                    /usr/lib/x86_64-linux-gnu/libXcomposite.so.1.0.0
7f766c005000-7f766c006000 r--p 00002000 fe:00 3961591                    /usr/lib/x86_64-linux-gnu/libXcomposite.so.1.0.0
7f766c006000-7f766c007000 rw-p 00003000 fe:00 3961591                    /usr/lib/x86_64-linux-gnu/libXcomposite.so.1.0.0
7f766c007000-7f766c061000 r--p 00000000 fe:00 4228118                    /usr/lib/locale/aa_DJ.utf8/LC_CTYPE
7f766c061000-7f766c0fd000 rw-p 00000000 00:00 0 
7f766c0fd000-7f766c0fe000 ---p 00000000 00:00 0 
7f766c0fe000-7f766c1fe000 rw-p 00000000 00:00 0 
7f766c1fe000-7f766c1ff000 ---p 00000000 00:00 0 
7f766c1ff000-7f766c2ff000 rw-p 00000000 00:00 0 
7f766c2ff000-7f766c300000 ---p 00000000 00:00 0 
7f766c300000-7f766c400000 rw-p 00000000 00:00 0 
7f766c400000-7f766c443000 rw-p 00000000 00:00 0 
7f766c443000-7f766c457000 ---p 00000000 00:00 0 
7f766c457000-7f766c459000 rw-p 00000000 00:00 0 
7f766c459000-7f766c600000 ---p 00000000 00:00 0 
7f766c600000-7f766c643000 rw-p 00000000 00:00 0 
7f766c643000-7f766c657000 ---p 00000000 00:00 0 
7f766c657000-7f766c659000 rw-p 00000000 00:00 0 
7f766c659000-7f766c800000 ---p 00000000 00:00 0 
7f766c800000-7f766c801000 r--p 00000000 fe:00 3961038                    /usr/lib/x86_64-linux-gnu/libXdamage.so.1.1.0
7f766c801000-7f766c802000 r-xp 00001000 fe:00 3961038                    /usr/lib/x86_64-linux-gnu/libXdamage.so.1.1.0
7f766c802000-7f766c803000 r--p 00002000 fe:00 3961038                    /usr/lib/x86_64-linux-gnu/libXdamage.so.1.1.0
7f766c803000-7f766c804000 r--p 00002000 fe:00 3961038                    /usr/lib/x86_64-linux-gnu/libXdamage.so.1.1.0
7f766c804000-7f766c805000 rw-p 00003000 fe:00 3961038                    /usr/lib/x86_64-linux-gnu/libXdamage.so.1.1.0
7f766c805000-7f766c807000 r--p 00000000 fe:00 4467678                    /usr/share/dbeaver-ce/jre/lib/libzip.so
7f766c807000-7f766c81a000 r-xp 00002000 fe:00 4467678                    /usr/share/dbeaver-ce/jre/lib/libzip.so
7f766c81a000-7f766c821000 r--p 00015000 fe:00 4467678                    /usr/share/dbeaver-ce/jre/lib/libzip.so
7f766c821000-7f766c822000 r--p 0001c000 fe:00 4467678                    /usr/share/dbeaver-ce/jre/lib/libzip.so
7f766c822000-7f766c823000 rw-p 0001d000 fe:00 4467678                    /usr/share/dbeaver-ce/jre/lib/libzip.so
7f766c823000-7f766c826000 r--p 00000000 fe:00 4467670                    /usr/share/dbeaver-ce/jre/lib/libnet.so
7f766c826000-7f766c82e000 r-xp 00003000 fe:00 4467670                    /usr/share/dbeaver-ce/jre/lib/libnet.so
7f766c82e000-7f766c830000 r--p 0000b000 fe:00 4467670                    /usr/share/dbeaver-ce/jre/lib/libnet.so
7f766c830000-7f766c831000 r--p 0000c000 fe:00 4467670                    /usr/share/dbeaver-ce/jre/lib/libnet.so
7f766c831000-7f766c832000 rw-p 0000d000 fe:00 4467670                    /usr/share/dbeaver-ce/jre/lib/libnet.so
7f766c832000-7f766d040000 rw-p 00000000 00:00 0 
7f766d040000-7f766d125000 ---p 00000000 00:00 0 
7f766d125000-7f766d139000 rw-p 00000000 00:00 0 
7f766d139000-7f766d210000 ---p 00000000 00:00 0 
7f766d210000-7f766d214000 ---p 00000000 00:00 0 
7f766d214000-7f766d310000 rw-p 00000000 00:00 0 
7f766d310000-7f766d321000 r--p 00000000 fe:00 3948093                    /usr/lib/x86_64-linux-gnu/libm.so.6
7f766d321000-7f766d39e000 r-xp 00011000 fe:00 3948093                    /usr/lib/x86_64-linux-gnu/libm.so.6
7f766d39e000-7f766d3fe000 r--p 0008e000 fe:00 3948093                    /usr/lib/x86_64-linux-gnu/libm.so.6
7f766d3fe000-7f766d3ff000 r--p 000ed000 fe:00 3948093                    /usr/lib/x86_64-linux-gnu/libm.so.6
7f766d3ff000-7f766d400000 rw-p 000ee000 fe:00 3948093                    /usr/lib/x86_64-linux-gnu/libm.so.6
7f766d400000-7f766d6e3000 r--p 00000000 fe:00 4467686                    /usr/share/dbeaver-ce/jre/lib/server/libjvm.so
7f766d6e3000-7f766e76f000 r-xp 002e3000 fe:00 4467686                    /usr/share/dbeaver-ce/jre/lib/server/libjvm.so
7f766e76f000-7f766ea80000 r--p 0136f000 fe:00 4467686                    /usr/share/dbeaver-ce/jre/lib/server/libjvm.so
7f766ea80000-7f766eb6b000 r--p 01680000 fe:00 4467686                    /usr/share/dbeaver-ce/jre/lib/server/libjvm.so
7f766eb6b000-7f766eb96000 rw-p 0176b000 fe:00 4467686                    /usr/share/dbeaver-ce/jre/lib/server/libjvm.so
7f766eb96000-7f766ec12000 rw-p 00000000 00:00 0 
7f766ec12000-7f766ec13000 r--p 00000000 fe:00 3961685                    /usr/share/locale/en/LC_MESSAGES/gtk30-properties.mo
7f766ec13000-7f766ec14000 r--p 00000000 fe:00 3961020                    /usr/lib/x86_64-linux-gnu/libwayland-egl.so.1.23.1
7f766ec14000-7f766ec15000 r-xp 00001000 fe:00 3961020                    /usr/lib/x86_64-linux-gnu/libwayland-egl.so.1.23.1
7f766ec15000-7f766ec16000 r--p 00002000 fe:00 3961020                    /usr/lib/x86_64-linux-gnu/libwayland-egl.so.1.23.1
7f766ec16000-7f766ec17000 r--p 00002000 fe:00 3961020                    /usr/lib/x86_64-linux-gnu/libwayland-egl.so.1.23.1
7f766ec17000-7f766ec18000 rw-p 00003000 fe:00 3961020                    /usr/lib/x86_64-linux-gnu/libwayland-egl.so.1.23.1
7f766ec18000-7f766ec20000 r--p 00000000 fe:00 4467671                    /usr/share/dbeaver-ce/jre/lib/libnio.so
7f766ec20000-7f766ec29000 r-xp 00008000 fe:00 4467671                    /usr/share/dbeaver-ce/jre/lib/libnio.so
7f766ec29000-7f766ec2d000 r--p 00011000 fe:00 4467671                    /usr/share/dbeaver-ce/jre/lib/libnio.so
7f766ec2d000-7f766ec2e000 r--p 00015000 fe:00 4467671                    /usr/share/dbeaver-ce/jre/lib/libnio.so
7f766ec2e000-7f766ec2f000 rw-p 00016000 fe:00 4467671                    /usr/share/dbeaver-ce/jre/lib/libnio.so
7f766ec2f000-7f766ec30000 r--p 00000000 fe:00 4228142                    /usr/lib/locale/aa_ET/LC_NUMERIC
7f766ec30000-7f766ec31000 r--p 00000000 fe:00 4325457                    /usr/lib/locale/en_CA.utf8/LC_TIME
7f766ec31000-7f766ec32000 r--p 00000000 fe:00 4325456                    /usr/lib/locale/en_CA.utf8/LC_MONETARY
7f766ec32000-7f766ec33000 r--p 00000000 fe:00 4325455                    /usr/lib/locale/en_CA.utf8/LC_MESSAGES/SYS_LC_MESSAGES
7f766ec33000-7f766ec34000 r--p 00000000 fe:00 4228784                    /usr/lib/locale/chr_US/LC_PAPER
7f766ec34000-7f766ec35000 r--p 00000000 fe:00 4228170                    /usr/lib/locale/agr_PE/LC_NAME
7f766ec35000-7f766ec36000 r--p 00000000 fe:00 4325451                    /usr/lib/locale/en_CA.utf8/LC_ADDRESS
7f766ec36000-7f766ec37000 r--p 00000000 fe:00 4325409                    /usr/lib/locale/en_AG/LC_TELEPHONE
7f766ec37000-7f766ec38000 r--p 00000000 fe:00 4228120                    /usr/lib/locale/aa_DJ.utf8/LC_MEASUREMENT
7f766ec38000-7f766ec3f000 r--s 00000000 fe:00 3948079                    /usr/lib/x86_64-linux-gnu/gconv/gconv-modules.cache
7f766ec3f000-7f766ec40000 r--p 00000000 fe:00 4325453                    /usr/lib/locale/en_CA.utf8/LC_IDENTIFICATION
7f766ec40000-7f766ec83000 rw-p 00000000 00:00 0 
7f766ec83000-7f766ec91000 r--p 00000000 fe:00 4467659                    /usr/share/dbeaver-ce/jre/lib/libjava.so
7f766ec91000-7f766ec9f000 r-xp 0000e000 fe:00 4467659                    /usr/share/dbeaver-ce/jre/lib/libjava.so
7f766ec9f000-7f766eca4000 r--p 0001c000 fe:00 4467659                    /usr/share/dbeaver-ce/jre/lib/libjava.so
7f766eca4000-7f766eca5000 r--p 00021000 fe:00 4467659                    /usr/share/dbeaver-ce/jre/lib/libjava.so
7f766eca5000-7f766eca6000 rw-p 00022000 fe:00 4467659                    /usr/share/dbeaver-ce/jre/lib/libjava.so
7f766eca6000-7f766eca7000 rw-p 00000000 00:00 0 
7f766eca7000-7f766ecab000 r--p 00000000 fe:00 4467662                    /usr/share/dbeaver-ce/jre/lib/libjimage.so
7f766ecab000-7f766ecc3000 r-xp 00004000 fe:00 4467662                    /usr/share/dbeaver-ce/jre/lib/libjimage.so
7f766ecc3000-7f766ecc9000 r--p 0001c000 fe:00 4467662                    /usr/share/dbeaver-ce/jre/lib/libjimage.so
7f766ecc9000-7f766eccb000 r--p 00021000 fe:00 4467662                    /usr/share/dbeaver-ce/jre/lib/libjimage.so
7f766eccb000-7f766eccc000 rw-p 00023000 fe:00 4467662                    /usr/share/dbeaver-ce/jre/lib/libjimage.so
7f766eccc000-7f766eccd000 r--p 00000000 fe:00 3948104                    /usr/lib/x86_64-linux-gnu/librt.so.1
7f766eccd000-7f766ecce000 r-xp 00001000 fe:00 3948104                    /usr/lib/x86_64-linux-gnu/librt.so.1
7f766ecce000-7f766eccf000 r--p 00002000 fe:00 3948104                    /usr/lib/x86_64-linux-gnu/librt.so.1
7f766eccf000-7f766ecd0000 r--p 00002000 fe:00 3948104                    /usr/lib/x86_64-linux-gnu/librt.so.1
7f766ecd0000-7f766ecd1000 rw-p 00003000 fe:00 3948104                    /usr/lib/x86_64-linux-gnu/librt.so.1
7f766ecd1000-7f766ecd5000 rw-p 00000000 00:00 0 
7f766ecd5000-7f766ecd6000 r--p 00000000 fe:00 3948102                    /usr/lib/x86_64-linux-gnu/libpthread.so.0
7f766ecd6000-7f766ecd7000 r-xp 00001000 fe:00 3948102                    /usr/lib/x86_64-linux-gnu/libpthread.so.0
7f766ecd7000-7f766ecd8000 r--p 00002000 fe:00 3948102                    /usr/lib/x86_64-linux-gnu/libpthread.so.0
7f766ecd8000-7f766ecd9000 r--p 00002000 fe:00 3948102                    /usr/lib/x86_64-linux-gnu/libpthread.so.0
7f766ecd9000-7f766ecda000 rw-p 00003000 fe:00 3948102                    /usr/lib/x86_64-linux-gnu/libpthread.so.0
7f766ecda000-7f766ecdb000 r--p 00000000 fe:00 3948092                    /usr/lib/x86_64-linux-gnu/libdl.so.2
7f766ecdb000-7f766ecdc000 r-xp 00001000 fe:00 3948092                    /usr/lib/x86_64-linux-gnu/libdl.so.2
7f766ecdc000-7f766ecdd000 r--p 00002000 fe:00 3948092                    /usr/lib/x86_64-linux-gnu/libdl.so.2
7f766ecdd000-7f766ecde000 r--p 00002000 fe:00 3948092                    /usr/lib/x86_64-linux-gnu/libdl.so.2
7f766ecde000-7f766ecdf000 rw-p 00003000 fe:00 3948092                    /usr/lib/x86_64-linux-gnu/libdl.so.2
7f766ecdf000-7f766ed07000 r--p 00000000 fe:00 3948090                    /usr/lib/x86_64-linux-gnu/libc.so.6
7f766ed07000-7f766ee6a000 r-xp 00028000 fe:00 3948090                    /usr/lib/x86_64-linux-gnu/libc.so.6
7f766ee6a000-7f766eec0000 r--p 0018b000 fe:00 3948090                    /usr/lib/x86_64-linux-gnu/libc.so.6
7f766eec0000-7f766eec4000 r--p 001e0000 fe:00 3948090                    /usr/lib/x86_64-linux-gnu/libc.so.6
7f766eec4000-7f766eec6000 rw-p 001e4000 fe:00 3948090                    /usr/lib/x86_64-linux-gnu/libc.so.6
7f766eec6000-7f766eed8000 rw-p 00000000 00:00 0 
7f766eed8000-7f766eedf000 ---p 00000000 00:00 0 
7f766eedf000-7f766eee7000 rw-s 00000000 00:26 546157                     /tmp/hsperfdata_dan/1259084
7f766eee7000-7f766eee8000 ---p 00000000 00:00 0 
7f766eee8000-7f766eee9000 r--p 00000000 00:00 0 
7f766eee9000-7f766eeea000 ---p 00000000 00:00 0 
7f766eeea000-7f766eeed000 r--p 00000000 fe:00 4467663                    /usr/share/dbeaver-ce/jre/lib/libjli.so
7f766eeed000-7f766eefe000 r-xp 00003000 fe:00 4467663                    /usr/share/dbeaver-ce/jre/lib/libjli.so
7f766eefe000-7f766ef05000 r--p 00014000 fe:00 4467663                    /usr/share/dbeaver-ce/jre/lib/libjli.so
7f766ef05000-7f766ef06000 r--p 0001a000 fe:00 4467663                    /usr/share/dbeaver-ce/jre/lib/libjli.so
7f766ef06000-7f766ef07000 rw-p 0001b000 fe:00 4467663                    /usr/share/dbeaver-ce/jre/lib/libjli.so
7f766ef07000-7f766ef09000 rw-p 00000000 00:00 0 
7f766ef09000-7f766ef0d000 r--p 00000000 00:00 0                          [vvar]
7f766ef0d000-7f766ef0f000 r-xp 00000000 00:00 0                          [vdso]
7f766ef0f000-7f766ef10000 r--p 00000000 fe:00 3948087                    /usr/lib/x86_64-linux-gnu/ld-linux-x86-64.so.2
7f766ef10000-7f766ef38000 r-xp 00001000 fe:00 3948087                    /usr/lib/x86_64-linux-gnu/ld-linux-x86-64.so.2
7f766ef38000-7f766ef43000 r--p 00029000 fe:00 3948087                    /usr/lib/x86_64-linux-gnu/ld-linux-x86-64.so.2
7f766ef43000-7f766ef45000 r--p 00034000 fe:00 3948087                    /usr/lib/x86_64-linux-gnu/ld-linux-x86-64.so.2
7f766ef45000-7f766ef46000 rw-p 00036000 fe:00 3948087                    /usr/lib/x86_64-linux-gnu/ld-linux-x86-64.so.2
7f766ef46000-7f766ef47000 rw-p 00000000 00:00 0 
7ffe69589000-7ffe695ab000 rw-p 00000000 00:00 0                          [stack]
Total number of mappings: 981

JVMTI agents: none


VM Arguments:
jvm_args: -XX:+IgnoreUnrecognizedVMOptions -Dosgi.requiredJavaVersion=21 -Dfile.encoding=UTF-8 --sun-misc-unsafe-memory-access=allow --enable-native-access=ALL-UNNAMED --add-modules=ALL-DEFAULT --add-opens=java.base/java.io=ALL-UNNAMED --add-opens=java.base/java.lang=ALL-UNNAMED --add-opens=java.base/java.lang.reflect=ALL-UNNAMED --add-opens=java.base/java.net=ALL-UNNAMED --add-opens=java.base/java.nio=ALL-UNNAMED --add-opens=java.base/java.nio.charset=ALL-UNNAMED --add-opens=java.base/java.text=ALL-UNNAMED --add-opens=java.base/java.time=ALL-UNNAMED --add-opens=java.base/java.util=ALL-UNNAMED --add-opens=java.base/java.util.concurrent=ALL-UNNAMED --add-opens=java.base/java.util.concurrent.atomic=ALL-UNNAMED --add-opens=java.base/jdk.internal.vm=ALL-UNNAMED --add-opens=java.base/jdk.internal.misc=ALL-UNNAMED --add-opens=java.base/sun.nio.ch=ALL-UNNAMED --add-opens=java.base/sun.nio.fs=ALL-UNNAMED --add-opens=java.base/sun.security.ssl=ALL-UNNAMED --add-opens=java.base/sun.security.util=ALL-UNNAMED --add-opens=java.security.jgss/sun.security.jgss=ALL-UNNAMED --add-opens=java.security.jgss/sun.security.krb5=ALL-UNNAMED --add-opens=java.desktop/java.awt=ALL-UNNAMED --add-opens=java.desktop/java.awt.peer=ALL-UNNAMED --add-opens=java.sql/java.sql=ALL-UNNAMED -Xms64m -Xmx1024m -Ddbeaver.distribution.type=deb 
java_command: /usr/share/dbeaver-ce//plugins/org.jkiss.dbeaver.launcher_1.0.60.202608301738.jar -os linux -ws gtk -arch x86_64 -showsplash -launcher /usr/share/dbeaver-ce/dbeaver -name Dbeaver --launcher.library /usr/share/dbeaver-ce//plugins/org.eclipse.equinox.launcher.gtk.linux.x86_64_1.2.1500.v20250801-0854/eclipse_11916.so -startup /usr/share/dbeaver-ce//plugins/org.jkiss.dbeaver.launcher_1.0.60.202608301738.jar --launcher.overrideVmargs -exitdata 8027 -vm /usr/share/dbeaver-ce/jre/bin/java -vmargs -XX:+IgnoreUnrecognizedVMOptions -Dosgi.requiredJavaVersion=21 -Dfile.encoding=UTF-8 --sun-misc-unsafe-memory-access=allow --enable-native-access=ALL-UNNAMED --add-modules=ALL-DEFAULT --add-opens=java.base/java.io=ALL-UNNAMED --add-opens=java.base/java.lang=ALL-UNNAMED --add-opens=java.base/java.lang.reflect=ALL-UNNAMED --add-opens=java.base/java.net=ALL-UNNAMED --add-opens=java.base/java.nio=ALL-UNNAMED --add-opens=java.base/java.nio.charset=ALL-UNNAMED --add-opens=java.base/java.text=ALL-UNNAMED --add-opens=java.base/java.time=ALL-UNNAMED --add-opens=java.base/java.util=ALL-UNNAMED --add-opens=java.base/java.util.concurrent=ALL-UNNAMED --add-opens=java.base/java.util.concurrent.atomic=ALL-UNNAMED --add-opens=java.base/jdk.internal.vm=ALL-UNNAMED --add-opens=java.base/jdk.internal.misc=ALL-UNNAMED --add-opens=java.base/sun.nio.ch=ALL-UNNAMED --add-opens=java.base/sun.nio.fs=ALL-UNNAMED --add-opens=java.base/sun.security.ssl=ALL-UNNAMED --add-opens=java.base/sun.security.util=ALL-UNNAMED --add-opens=java.security.jgss/sun.security.jgss=ALL-UNNAMED --add-opens=java.security.jgss/sun.security.krb5=ALL-UNNAMED --add-opens=java.desktop/java.awt=ALL-UNNAMED --add-opens=java.desktop/java.awt.peer=ALL-UNNAMED --add-opens=java.sql/java.sql=ALL-UNNAMED -Xms64m -Xmx1024m -Ddbeaver.distribution.type=deb -jar /usr/share/dbeaver-ce//plugins/org.jkiss.dbeaver.launcher_1.0.60.202608301738.jar
java_class_path (initial): /usr/share/dbeaver-ce//plugins/org.jkiss.dbeaver.launcher_1.0.60.202608301738.jar
Launcher Type: SUN_STANDARD

[Global flags]
     intx CICompilerCount                          = 4                                         {product} {ergonomic}
     uint ConcGCThreads                            = 2                                         {product} {ergonomic}
     uint G1ConcRefinementThreads                  = 8                                         {product} {ergonomic}
   size_t G1HeapRegionSize                         = 1048576                                   {product} {ergonomic}
     bool IgnoreUnrecognizedVMOptions              = true                                      {product} {command line}
   size_t InitialHeapSize                          = 67108864                                  {product} {command line}
   size_t MarkStackSize                            = 4194304                                   {product} {ergonomic}
   size_t MarkStackSizeMax                         = 536870912                                 {product} {ergonomic}
   size_t MaxHeapSize                              = 1073741824                                {product} {command line}
   size_t MaxNewSize                               = 643825664                                 {product} {ergonomic}
   size_t MinHeapDeltaBytes                        = 1048576                                   {product} {ergonomic}
   size_t MinHeapSize                              = 67108864                                  {product} {command line}
    uintx NonNMethodCodeHeapSize                   = 5840896                                {pd product} {ergonomic}
    uintx NonProfiledCodeHeapSize                  = 122912768                              {pd product} {ergonomic}
    uintx ProfiledCodeHeapSize                     = 122912768                              {pd product} {ergonomic}
    uintx ReservedCodeCacheSize                    = 251666432                              {pd product} {ergonomic}
     bool SegmentedCodeCache                       = true                                      {product} {ergonomic}
   size_t SoftMaxHeapSize                          = 1073741824                             {manageable} {ergonomic}
     bool UseCompressedOops                        = true                           {product lp64_product} {ergonomic}
     bool UseG1GC                                  = true                                      {product} {ergonomic}

Logging:
Log output configuration:
 #0: stdout all=warning uptime,level,tags foldmultilines=false
 #1: stderr all=off uptime,level,tags foldmultilines=false

Release file:
JAVA_VERSION="25.0.3"
MODULES="java.base java.compiler java.datatransfer java.xml java.prefs java.desktop java.logging java.management java.security.sasl java.naming java.rmi java.management.rmi java.net.http java.scripting java.security.jgss java.transaction.xa java.sql java.sql.rowset jdk.accessibility jdk.internal.jvmstat jdk.attach jdk.charsets jdk.crypto.cryptoki jdk.crypto.ec jdk.dynalink jdk.httpserver jdk.jcmd jdk.localedata jdk.management jdk.naming.dns jdk.naming.rmi jdk.net jdk.security.auth jdk.security.jgss jdk.unsupported jdk.xml.dom"

Environment Variables:
PATH=/usr/local/bin:/usr/bin:/bin:/usr/local/games:/usr/games:/opt/prod/godaddy-cli:/opt/prod/godaddy-cli
USERNAME=dan
SHELL=/bin/bash
DISPLAY=:0
WAYLAND_DISPLAY=wayland-0
LANG=en_CA.UTF-8
TERM=xterm-256color

Active Locale:
LC_ALL=en_CA.UTF-8
LC_COLLATE=en_CA.UTF-8
LC_CTYPE=en_CA.UTF-8
LC_MESSAGES=en_CA.UTF-8
LC_MONETARY=en_CA.UTF-8
LC_NUMERIC=en_CA.UTF-8
LC_TIME=en_CA.UTF-8

Signal Handlers:
   SIGSEGV: crash_handler in libjvm.so, mask=11100100010111111101111111111110, flags=SA_RESTART|SA_SIGINFO, unblocked
    SIGBUS: crash_handler in libjvm.so, mask=11100100010111111101111111111110, flags=SA_RESTART|SA_SIGINFO, unblocked
    SIGFPE: crash_handler in libjvm.so, mask=11100100010111111101111111111110, flags=SA_RESTART|SA_SIGINFO, unblocked
   SIGPIPE: SIG_IGN, mask=00000000000010000000000000000000, flags=SA_RESTART, blocked
  *** Handler was modified!
  *** Expected: javaSignalHandler in libjvm.so, mask=11100100110111111111111111111110, flags=SA_RESTART|SA_SIGINFO
   SIGXFSZ: javaSignalHandler in libjvm.so, mask=11100100010111111101111111111110, flags=SA_RESTART|SA_SIGINFO, blocked
    SIGILL: crash_handler in libjvm.so, mask=11100100010111111101111111111110, flags=SA_RESTART|SA_SIGINFO, unblocked
   SIGUSR2: SR_handler in libjvm.so, mask=00000000000000000000000000000000, flags=SA_RESTART|SA_SIGINFO, blocked
    SIGHUP: UserHandler in libjvm.so, mask=11100100010111111101111111111110, flags=SA_RESTART|SA_SIGINFO, blocked
    SIGINT: UserHandler in libjvm.so, mask=11100100010111111101111111111110, flags=SA_RESTART|SA_SIGINFO, blocked
   SIGTERM: UserHandler in libjvm.so, mask=11100100010111111101111111111110, flags=SA_RESTART|SA_SIGINFO, blocked
   SIGQUIT: UserHandler in libjvm.so, mask=11100100010111111101111111111110, flags=SA_RESTART|SA_SIGINFO, blocked
   SIGTRAP: crash_handler in libjvm.so, mask=11100100010111111101111111111110, flags=SA_RESTART|SA_SIGINFO, unblocked


Compilation memory statistics disabled.

Periodic native trim disabled

---------------  S Y S T E M  ---------------

OS:
PRETTY_NAME="Debian GNU/Linux 13 (trixie)"
NAME="Debian GNU/Linux"
VERSION_ID="13"
VERSION="13 (trixie)"
VERSION_CODENAME=trixie
DEBIAN_VERSION_FULL=13.6
ID=debian
HOME_URL="https://www.debian.org/"
SUPPORT_URL="https://www.debian.org/support"
BUG_REPORT_URL="https://bugs.debian.org/"
uname: Linux 6.12.101+deb13-amd64 #1 SMP PREEMPT_DYNAMIC Debian 6.12.101-1 (2026-08-05) x86_64
OS uptime: 14 days 19:14 hours
libc: glibc 2.41 NPTL 2.41 
rlimit (soft/hard): STACK 8192k/infinity , CORE 0k/infinity , NPROC 61840/61840 , NOFILE 524288/524288 , AS infinity/infinity , CPU infinity/infinity , DATA infinity/infinity , FSIZE infinity/infinity , MEMLOCK 8192k/8192k
load average: 0.93 0.73 0.76

/proc/meminfo:
MemTotal:       16042692 kB
MemFree:          481468 kB
MemAvailable:    2220116 kB
Buffers:          240824 kB
Cached:          3758032 kB
SwapCached:       117808 kB
Active:          6729208 kB
Inactive:        3533024 kB
Active(anon):    6068816 kB
Inactive(anon):  2289272 kB
Active(file):     660392 kB
Inactive(file):  1243752 kB
Unevictable:     1111680 kB
Mlocked:            5944 kB
SwapTotal:      12595196 kB
SwapFree:        9184472 kB
Zswap:                 0 kB
Zswapped:              0 kB
Dirty:             13852 kB
Writeback:             0 kB
AnonPages:       6719036 kB
Mapped:           993136 kB
Shmem:           2089588 kB
KReclaimable:     466140 kB
Slab:             710344 kB
SReclaimable:     466140 kB
SUnreclaim:       244204 kB
KernelStack:       29328 kB
PageTables:       119776 kB
SecPageTables:      5364 kB
NFS_Unstable:          0 kB
Bounce:                0 kB
WritebackTmp:          0 kB
CommitLimit:    19038556 kB
Committed_AS:   47302264 kB
VmallocTotal:   34359738367 kB
VmallocUsed:       73240 kB
VmallocChunk:          0 kB
Percpu:             8480 kB
HardwareCorrupted:     0 kB
AnonHugePages:   1753088 kB
ShmemHugePages:   518144 kB
ShmemPmdMapped:        0 kB
FileHugePages:         0 kB
FilePmdMapped:         0 kB
Unaccepted:            0 kB
HugePages_Total:       5
HugePages_Free:        5
HugePages_Rsvd:        0
HugePages_Surp:        0
Hugepagesize:       2048 kB
Hugetlb:         3155968 kB
DirectMap4k:      392000 kB
DirectMap2M:    11847680 kB
DirectMap1G:     4194304 kB

/sys/kernel/mm/transparent_hugepage/enabled: [always] madvise never
/sys/kernel/mm/transparent_hugepage/hpage_pmd_size: 2097152
/sys/kernel/mm/transparent_hugepage/shmem_enabled: always within_size advise [never] deny force
/sys/kernel/mm/transparent_hugepage/defrag (defrag/compaction efforts parameter): always defer defer+madvise [madvise] never

Process Memory:
Virtual Size: 6867868K (peak: 6932376K)
Resident Set Size: 381988K (peak: 407004K) (anon: 330104K, file: 51592K, shmem: 292K)
Swapped out: 0K
C-Heap outstanding allocations: 91785K, retained: 86422K
glibc malloc tunables: (default)

/proc/sys/kernel/threads-max (system-wide limit on the number of threads): 123680
/proc/sys/vm/max_map_count (maximum number of memory map areas a process may have): 1048576
/proc/sys/vm/swappiness (control to define how aggressively the kernel swaps out anonymous memory): 60
/proc/sys/kernel/pid_max (system-wide limit on number of process identifiers): 4194304

container information not found.
Steal ticks since vm start: 0
Steal ticks percentage since vm start:  0.000

CPU: total 8 (initial active 8) (4 cores per cpu, 2 threads per core) family 6 model 140 stepping 1 microcode 0xbc, cx8, cmov, fxsr, ht, mmx, 3dnowpref, sse, sse2, sse3, ssse3, sse4.1, sse4.2, popcnt, lzcnt, tsc, tscinvbit, avx, avx2, aes, erms, clmul, bmi1, bmi2, adx, avx512f, avx512dq, avx512cd, avx512bw, avx512vl, sha, fma, vzeroupper, avx512_vpopcntdq, avx512_vpclmulqdq, avx512_vaes, avx512_vnni, clflush, clflushopt, clwb, avx512_vbmi2, avx512_vbmi, rdtscp, rdpid, fsrm, gfni, avx512_bitalg, f16c, pku, ospke, cet_ibt, cet_ss, avx512_ifma
CPU Model and flags from /proc/cpuinfo:
model name	: 11th Gen Intel(R) Core(TM) i5-1145G7 @ 2.60GHz
flags		: fpu vme de pse tsc msr pae mce cx8 apic sep mtrr pge mca cmov pat pse36 clflush dts acpi mmx fxsr sse sse2 ss ht tm pbe syscall nx pdpe1gb rdtscp lm constant_tsc art arch_perfmon pebs bts rep_good nopl xtopology nonstop_tsc cpuid aperfmperf tsc_known_freq pni pclmulqdq dtes64 monitor ds_cpl vmx smx est tm2 ssse3 sdbg fma cx16 xtpr pdcm pcid sse4_1 sse4_2 x2apic movbe popcnt tsc_deadline_timer aes xsave avx f16c rdrand lahf_lm abm 3dnowprefetch cpuid_fault epb cat_l2 cdp_l2 ssbd ibrs ibpb stibp ibrs_enhanced tpr_shadow flexpriority ept vpid ept_ad fsgsbase tsc_adjust bmi1 avx2 smep bmi2 erms invpcid rdt_a avx512f avx512dq rdseed adx smap avx512ifma clflushopt clwb intel_pt avx512cd sha_ni avx512bw avx512vl xsaveopt xsavec xgetbv1 xsaves split_lock_detect user_shstk dtherm ida arat pln pts hwp hwp_notify hwp_act_window hwp_epp hwp_pkg_req vnmi avx512vbmi umip pku ospke avx512_vbmi2 gfni vaes vpclmulqdq avx512_vnni avx512_bitalg tme avx512_vpopcntdq rdpid movdiri movdir64b fsrm avx512_vp2intersect md_clear ibt flush_l1d arch_capabilities

Online cpus: 0-7
Offline cpus: 
BIOS frequency limitation: <Not Available>
Frequency switch latency (ns): 0
Available cpu frequencies: <Not Available>
Current governor: powersave
Core performance/turbo boost: <Not Available>

Memory: 4k page, physical 16042692k(2220116k free), swap 12595196k(9184472k free)
Page Sizes: 4k

vm_info: OpenJDK 64-Bit Server VM (25.0.3+9-LTS) for linux-amd64 JRE (25.0.3+9-LTS), built on 2026-04-21T00:00:00Z with gcc 14.2.0

END.
